{
  "multipart": [
    {
      "when": {
        "up": "true"
      },
      "apply": {
        "model": "minecraft:block/glow_lichen",
        "x": 270,
        "uvlock": false
      }
    },
    {
      "when": {
        "north": "true"
      },
      "apply": {
        "model": "minecraft:block/glow_lichen"
      }
    },
    {
      "when": {
        "west": "true"
      },
      "apply": {
        "model": "minecraft:block/glow_lichen",
        "y": 270,
        "uvlock": false
      }
    },
    {
      "when": {
        "south": "true"
      },
      "apply": {
        "model": "minecraft:block/glow_lichen",
        "y": 180,
        "uvlock": false
      }
    },
    {
      "when": {
        "east": "true"
      },
      "apply": {
        "model": "minecraft:block/glow_lichen",
        "y": 90,
        "uvlock": false
      }
    },
    {
      "when": {
        "down": "true"
      },
      "apply": {
        "model": "minecraft:block/glow_lichen",
        "x": 90,
        "uvlock": false
      }
    }
  ]
}