{
    "display": {
        "icon": {
            "item": "minecraft:chiseled_stone_bricks"
        },
        "title": {"translate":"Atlantis?"},
        "description": {"translate":"Explore some Underwater Ruins"},
        "announce_to_chat": false
    },
    "parent": "blazeandcave:biomes/pushed_around",
    "rewards": {
        "function": "bc_rewards:biomes/atlantis"
    },		
    "criteria": {
        "ocean_ruin": {
            "trigger": "minecraft:location",
            "conditions": {
                "feature": "ocean_ruin"
            }
        }
    }
}