{
    "display": {
        "icon": {
            "item": "minecraft:jungle_leaves"
        },
        "title": {"translate":"The Mighty Jungle"},
        "description": {"translate":"Go for a safari in the jungle"},
        "announce_to_chat": false
    },
    "parent": "blazeandcave:biomes/for_you_my_sweet",	
    "rewards": {
		"function": "bc_rewards:biomes/the_mighty_jungle"
    },	
    "criteria": {
        "jungle": {
            "trigger": "minecraft:location",
            "conditions": {
                "biome": "minecraft:jungle"
            }
        },
        "sparse_jungle": {
            "trigger": "minecraft:location",
            "conditions": {
                "biome": "minecraft:sparse_jungle"
            }
        },
        "modified_jungle_edge": {
            "trigger": "minecraft:location",
            "conditions": {
                "biome": "minecraft:modified_jungle_edge"
            }
        },
        "bamboo_jungle": {
            "trigger": "minecraft:location",
            "conditions": {
                "biome": "minecraft:bamboo_jungle"
            }
        }
    },
	"requirements": [
		[
		"jungle",
		"sparse_jungle",
		"modified_jungle_edge",
		"bamboo_jungle"
		]
	]
}