{
    "display": {
        "icon": {
            "item": "minecraft:diamond_boots"
        },
        "title": {"translate":"Voyage"},
        "description": {"translate":"A hundred kilometres!"},
        "announce_to_chat": false,
        "frame": "challenge"
    },
    "parent": "blazeandcave:biomes/ten_thousand_blocks",
    "rewards": {
        "function": "bc_rewards:biomes/voyage"
    },		
    "criteria": {
        "outer_pos_x": {
            "trigger": "minecraft:location",
            "conditions": {
				"position": {
					"x": {
						"min": 100000.0
					}
				}
            }
        },
        "outer_pos_z": {
            "trigger": "minecraft:location",
            "conditions": {
				"position": {
					"z": {
						"min": 100000.0
					}
				}
            }
        },
        "outer_neg_x": {
            "trigger": "minecraft:location",
            "conditions": {
				"position": {
					"x": {
						"max": -100000.0
					}
				}
            }
        },
        "outer_neg_z": {
            "trigger": "minecraft:location",
            "conditions": {
				"position": {
					"z": {
						"max": -100000.0
					}
				}
            }
        }	
    },
    "requirements": [
        [
            "outer_pos_x",
            "outer_pos_z",
            "outer_neg_x",
            "outer_neg_z"
        ]
    ]
}