{
	"credit": "Made with Blockbench",
	"textures": {
		"3": "block/cake_inner",
		"bottom": "block/cake_bottom",
		"top": "block/cake_top",
		"particle": "block/cake_side"
	},
	"elements": [
		{
			"from": [13, 0, 3],
			"to": [15, 8, 8],
			"faces": {
				"north": {"uv": [1, 8, 3, 16], "texture": "#3"},
				"east": {"uv": [8, 8, 13, 16], "texture": "#particle"},
				"south": {"uv": [1, 8, 15, 16], "texture": "#missing"},
				"west": {"uv": [6, 8, 11, 16], "texture": "#3"},
				"up": {"uv": [13, 3, 15, 8], "texture": "#top"},
				"down": {"uv": [13, 10, 15, 15], "texture": "#bottom"}
			}
		},
		{
			"from": [12, 0, 4],
			"to": [13, 8, 8],
			"faces": {
				"north": {"uv": [2, 8, 3, 16], "texture": "#3"},
				"east": {"uv": [8, 8, 15, 16], "texture": "#particle"},
				"south": {"uv": [1, 8, 15, 16], "texture": "#missing"},
				"west": {"uv": [6, 8, 10, 16], "texture": "#3"},
				"up": {"uv": [12, 4, 13, 8], "texture": "#top"},
				"down": {"uv": [12, 10, 13, 14], "texture": "#bottom"}
			}
		},
		{
			"from": [11, 0, 5],
			"to": [12, 8, 8],
			"faces": {
				"north": {"uv": [3, 8, 4, 16], "texture": "#3"},
				"east": {"uv": [8, 8, 15, 16], "texture": "#particle"},
				"south": {"uv": [1, 8, 15, 16], "texture": "#missing"},
				"west": {"uv": [6, 8, 9, 16], "texture": "#3"},
				"up": {"uv": [11, 5, 12, 8], "texture": "#top"},
				"down": {"uv": [11, 10, 12, 13], "texture": "#bottom"}
			}
		},
		{
			"from": [9, 0, 7],
			"to": [11, 8, 8],
			"faces": {
				"north": {"uv": [7, 8, 10, 16], "texture": "#3"},
				"east": {"uv": [8, 8, 15, 16], "texture": "#particle"},
				"south": {"uv": [1, 8, 15, 16], "texture": "#missing"},
				"west": {"uv": [9, 8, 10, 16], "texture": "#3"},
				"up": {"uv": [9, 7, 11, 8], "texture": "#top"},
				"down": {"uv": [9, 8, 11, 9], "texture": "#bottom"}
			}
		},
		{
			"from": [10, 0, 6],
			"to": [11, 8, 7],
			"faces": {
				"north": {"uv": [5, 8, 6, 16], "texture": "#3"},
				"east": {"uv": [8, 8, 15, 16], "texture": "#particle"},
				"south": {"uv": [1, 8, 15, 16], "texture": "#missing"},
				"west": {"uv": [8, 8, 9, 16], "texture": "#3"},
				"up": {"uv": [10, 6, 11, 7], "texture": "#top"},
				"down": {"uv": [9, 8, 10, 9], "texture": "#bottom"}
			}
		},
		{
			"from": [11, 0, 8],
			"to": [15, 8, 15],
			"faces": {
				"north": {"uv": [0, 0, 8, 8], "texture": "#missing"},
				"east": {"uv": [1, 8, 8, 16], "texture": "#particle"},
				"south": {"uv": [11, 8, 15, 16], "texture": "#particle"},
				"west": {"uv": [8, 8, 15, 16], "texture": "#3"},
				"up": {"uv": [11, 8, 15, 15], "texture": "#top"},
				"down": {"uv": [11, 1, 15, 8], "texture": "#bottom"}
			}
		},
		{
			"from": [10, 0, 8],
			"to": [11, 8, 14],
			"faces": {
				"north": {"uv": [0, 0, 8, 8], "texture": "#missing"},
				"east": {"uv": [0, 0, 7, 8], "texture": "#missing"},
				"south": {"uv": [13, 8, 14, 16], "texture": "#3"},
				"west": {"uv": [7, 8, 13, 16], "texture": "#3"},
				"up": {"uv": [10, 8, 11, 14], "texture": "#top"},
				"down": {"uv": [10, 2, 11, 8], "texture": "#bottom"}
			}
		},
		{
			"from": [9, 0, 8],
			"to": [10, 8, 11],
			"faces": {
				"north": {"uv": [0, 0, 8, 8], "texture": "#missing"},
				"east": {"uv": [0, 0, 7, 8], "texture": "#missing"},
				"south": {"uv": [9, 8, 10, 16], "texture": "#3"},
				"west": {"uv": [7, 8, 10, 16], "texture": "#3"},
				"up": {"uv": [9, 8, 10, 11], "texture": "#top"},
				"down": {"uv": [9, 5, 10, 8], "texture": "#bottom"}
			}
		},
		{
			"from": [8, 0, 8],
			"to": [9, 8, 9],
			"faces": {
				"north": {"uv": [5, 8, 6, 16], "texture": "#3"},
				"east": {"uv": [0, 0, 7, 8], "texture": "#missing"},
				"south": {"uv": [8, 8, 9, 16], "texture": "#3"},
				"west": {"uv": [5, 8, 6, 16], "texture": "#3"},
				"up": {"uv": [8, 8, 9, 9], "texture": "#top"},
				"down": {"uv": [8, 7, 9, 8], "texture": "#bottom"}
			}
		}
	],
	"groups": [
		{
			"name": "Торт",
			"origin": [0, 0, 0],
			"color": 0,
			"children": [0, 1, 2, 3, 4, 5, 6, 7, 8]
		}
	]
}