{
	"credit": "Made with Blockbench",
	"textures": {
		"bottom": "block/cake_bottom",
		"top": "block/cake_top",
		"inside": "block/cake_inner",
		"particle": "block/cake_side",
		"side": "block/cake_side"
	},
	"elements": [
		{
			"from": [1, 0, 1],
			"to": [15, 8, 8],
			"faces": {
				"north": {"uv": [1, 8, 15, 16], "texture": "#side"},
				"east": {"uv": [8, 8, 15, 16], "texture": "#side"},
				"south": {"uv": [1, 8, 15, 16], "texture": "#inside"},
				"west": {"uv": [1, 8, 8, 16], "texture": "#side"},
				"up": {"uv": [1, 1, 15, 8], "texture": "#top"},
				"down": {"uv": [1, 8, 15, 15], "texture": "#bottom"}
			}
		},
		{
			"from": [11, 0, 8],
			"to": [15, 8, 15],
			"faces": {
				"north": {"uv": [0, 0, 4, 8], "texture": "#missing"},
				"east": {"uv": [1, 8, 8, 16], "texture": "#side"},
				"south": {"uv": [11, 8, 15, 16], "texture": "#side"},
				"west": {"uv": [8, 8, 15, 16], "texture": "#inside"},
				"up": {"uv": [11, 8, 15, 15], "texture": "#top"},
				"down": {"uv": [11, 1, 15, 8], "texture": "#bottom"}
			}
		},
		{
			"from": [10, 0, 8],
			"to": [11, 8, 14],
			"faces": {
				"north": {"uv": [0, 0, 1, 8], "texture": "#missing"},
				"east": {"uv": [0, 0, 6, 8], "texture": "#missing"},
				"south": {"uv": [13, 8, 14, 16], "texture": "#inside"},
				"west": {"uv": [7, 8, 13, 16], "texture": "#inside"},
				"up": {"uv": [10, 8, 11, 14], "texture": "#top"},
				"down": {"uv": [10, 2, 11, 8], "texture": "#bottom"}
			}
		},
		{
			"from": [9, 0, 8],
			"to": [10, 8, 11],
			"faces": {
				"north": {"uv": [0, 0, 1, 8], "texture": "#missing"},
				"east": {"uv": [0, 0, 3, 8], "texture": "#missing"},
				"south": {"uv": [9, 8, 10, 16], "texture": "#inside"},
				"west": {"uv": [6, 8, 9, 16], "texture": "#inside"},
				"up": {"uv": [9, 8, 10, 11], "texture": "#top"},
				"down": {"uv": [9, 5, 10, 8], "texture": "#bottom"}
			}
		},
		{
			"from": [8, 0, 8],
			"to": [9, 8, 9],
			"faces": {
				"north": {"uv": [0, 0, 1, 8], "texture": "#missing"},
				"east": {"uv": [0, 0, 1, 8], "texture": "#missing"},
				"south": {"uv": [6, 8, 7, 16], "texture": "#inside"},
				"west": {"uv": [5, 8, 6, 16], "texture": "#inside"},
				"up": {"uv": [8, 8, 9, 9], "texture": "#top"},
				"down": {"uv": [8, 7, 9, 8], "texture": "#bottom"}
			}
		},
		{
			"from": [1, 0, 8],
			"to": [5, 8, 15],
			"faces": {
				"north": {"uv": [0, 0, 4, 8], "texture": "#missing"},
				"east": {"uv": [1, 8, 8, 16], "texture": "#inside"},
				"south": {"uv": [1, 8, 5, 16], "texture": "#side"},
				"west": {"uv": [8, 8, 15, 16], "texture": "#side"},
				"up": {"uv": [1, 8, 5, 15], "texture": "#top"},
				"down": {"uv": [1, 1, 5, 8], "texture": "#bottom"}
			}
		},
		{
			"from": [5, 0, 8],
			"to": [7, 8, 12],
			"faces": {
				"north": {"uv": [0, 0, 2, 8], "texture": "#missing"},
				"east": {"uv": [6, 8, 10, 16], "texture": "#inside"},
				"south": {"uv": [4, 8, 6, 16], "texture": "#inside"},
				"west": {"uv": [0, 0, 4, 8], "texture": "#missing"},
				"up": {"uv": [5, 8, 7, 12], "texture": "#top"},
				"down": {"uv": [5, 4, 7, 8], "texture": "#bottom"}
			}
		},
		{
			"from": [5, 0, 12],
			"to": [6, 8, 13],
			"faces": {
				"north": {"uv": [0, 0, 1, 8], "texture": "#missing"},
				"east": {"uv": [4, 8, 5, 16], "texture": "#inside"},
				"south": {"uv": [3, 8, 4, 16], "texture": "#inside"},
				"west": {"uv": [0, 0, 1, 8], "texture": "#missing"},
				"up": {"uv": [5, 12, 6, 13], "texture": "#top"},
				"down": {"uv": [5, 3, 6, 4], "texture": "#bottom"}
			}
		}
	],
	"groups": [
		{
			"name": "Торт",
			"origin": [0, 0, 0],
			"children": [0, 1, 2, 3, 4, 5, 6, 7]
		}
	]
}