{
	"credit": "Made with Blockbench",
	"textures": {
		"3": "block/cake_inner",
		"bottom": "block/cake_bottom",
		"top": "block/cake_top",
		"particle": "block/cake_side"
	},
	"elements": [
		{
			"from": [11, 0, 10],
			"to": [15, 8, 15],
			"faces": {
				"north": {"uv": [1, 8, 5, 16], "texture": "#3"},
				"east": {"uv": [1, 8, 6, 16], "texture": "#particle"},
				"south": {"uv": [11, 8, 15, 16], "texture": "#particle"},
				"west": {"uv": [10, 8, 15, 16], "texture": "#3"},
				"up": {"uv": [11, 10, 15, 15], "texture": "#top"},
				"down": {"uv": [11, 1, 15, 6], "texture": "#bottom"}
			}
		},
		{
			"from": [10, 0, 9],
			"to": [11, 8, 14],
			"faces": {
				"north": {"uv": [6, 8, 7, 16], "texture": "#3"},
				"east": {"uv": [1, 8, 6, 16], "texture": "#3"},
				"south": {"uv": [13, 8, 14, 16], "texture": "#3"},
				"west": {"uv": [6, 8, 11, 16], "texture": "#3"},
				"up": {"uv": [10, 9, 11, 14], "texture": "#top"},
				"down": {"uv": [10, 2, 11, 7], "texture": "#bottom"}
			}
		},
		{
			"from": [9, 0, 8],
			"to": [10, 8, 11],
			"faces": {
				"north": {"uv": [8, 8, 9, 16], "texture": "#3"},
				"east": {"uv": [5, 8, 8, 16], "texture": "#3"},
				"south": {"uv": [9, 8, 10, 16], "texture": "#3"},
				"west": {"uv": [10, 8, 13, 16], "texture": "#3"},
				"up": {"uv": [9, 8, 10, 11], "texture": "#top"},
				"down": {"uv": [9, 5, 10, 8], "texture": "#bottom"}
			}
		}
	],
	"groups": [
		{
			"name": "Торт",
			"origin": [0, 0, 0],
			"color": 0,
			"children": [0, 1, 2]
		}
	]
}