{
	"credit": "Made with Blockbench",
	"textures": {
		"0": "blocks/hanging_roots",
		"particle": "blocks/hanging_roots"
	},
	"elements": [
		{
			"name": "root",
			"from": [15, 15, 8],
			"to": [16, 16, 9],
			"shade": false,
			"faces": {
				"north": {"uv": [15, 0, 16, 1], "texture": "#0"},
				"east": {"uv": [15, 0, 16, 1], "texture": "#0"},
				"south": {"uv": [15, 0, 16, 1], "texture": "#0"},
				"west": {"uv": [15, 0, 16, 1], "texture": "#0"},
				"up": {"uv": [15, 0, 16, 1], "rotation": 180, "texture": "#0"}
			}
		},
		{
			"name": "root",
			"from": [15, 14, 8],
			"to": [16, 15, 9],
			"shade": false,
			"faces": {
				"north": {"uv": [15, 1, 16, 2], "texture": "#0"},
				"east": {"uv": [15, 1, 16, 2], "texture": "#0"},
				"south": {"uv": [15, 1, 16, 2], "texture": "#0"},
				"west": {"uv": [15, 1, 16, 2], "texture": "#0"},
				"down": {"uv": [15, 1, 16, 2], "rotation": 180, "texture": "#0"}
			}
		},
		{
			"name": "root",
			"from": [14, 13, 8],
			"to": [15, 14, 9],
			"shade": false,
			"faces": {
				"north": {"uv": [14, 2, 15, 3], "texture": "#0"},
				"east": {"uv": [14, 2, 15, 3], "texture": "#0"},
				"south": {"uv": [14, 2, 15, 3], "texture": "#0"},
				"up": {"uv": [14, 2, 15, 3], "rotation": 180, "texture": "#0"}
			}
		},
		{
			"name": "root",
			"from": [14, 10, 8],
			"to": [15, 13, 9],
			"shade": false,
			"faces": {
				"north": {"uv": [14, 3, 15, 6], "texture": "#0"},
				"east": {"uv": [14, 3, 15, 6], "texture": "#0"},
				"south": {"uv": [14, 3, 15, 6], "texture": "#0"},
				"west": {"uv": [14, 3, 15, 6], "texture": "#0"},
				"up": {"uv": [14, 3, 15, 6], "rotation": 180, "texture": "#0"},
				"down": {"uv": [14, 5, 15, 6], "rotation": 180, "texture": "#0"}
			}
		},
		{
			"name": "root",
			"from": [15, 9, 8],
			"to": [16, 10, 9],
			"shade": false,
			"faces": {
				"north": {"uv": [15, 6, 16, 7], "texture": "#0"},
				"east": {"uv": [15, 6, 16, 7], "texture": "#0"},
				"south": {"uv": [15, 6, 16, 7], "texture": "#0"},
				"west": {"uv": [15, 6, 16, 7], "texture": "#0"},
				"up": {"uv": [15, 6, 16, 7], "rotation": 180, "texture": "#0"},
				"down": {"uv": [15, 6, 16, 7], "rotation": 180, "texture": "#0"}
			}
		},
		{
			"name": "root",
			"from": [13, 13, 8],
			"to": [14, 14, 9],
			"shade": false,
			"faces": {
				"north": {"uv": [13, 2, 14, 3], "texture": "#0"},
				"south": {"uv": [13, 2, 14, 3], "texture": "#0"},
				"west": {"uv": [13, 2, 14, 3], "texture": "#0"},
				"down": {"uv": [13, 2, 14, 3], "rotation": 180, "texture": "#0"}
			}
		},
		{
			"name": "root",
			"from": [13, 14, 8],
			"to": [14, 15, 9],
			"shade": false,
			"faces": {
				"north": {"uv": [13, 1, 14, 2], "texture": "#0"},
				"east": {"uv": [13, 1, 14, 2], "texture": "#0"},
				"south": {"uv": [13, 1, 14, 2], "texture": "#0"},
				"west": {"uv": [13, 1, 14, 2], "texture": "#0"}
			}
		},
		{
			"name": "root",
			"from": [13, 15, 8],
			"to": [14, 16, 9],
			"shade": false,
			"faces": {
				"north": {"uv": [13, 0, 14, 1], "texture": "#0"},
				"east": {"uv": [13, 0, 14, 1], "texture": "#0"},
				"south": {"uv": [13, 0, 14, 1], "texture": "#0"},
				"up": {"uv": [13, 0, 14, 1], "rotation": 180, "texture": "#0"}
			}
		},
		{
			"name": "root",
			"from": [12, 15, 8],
			"to": [13, 16, 9],
			"shade": false,
			"faces": {
				"north": {"uv": [12, 0, 13, 1], "texture": "#0"},
				"south": {"uv": [12, 0, 13, 1], "texture": "#0"},
				"west": {"uv": [12, 0, 13, 1], "texture": "#0"},
				"up": {"uv": [12, 0, 13, 1], "rotation": 180, "texture": "#0"},
				"down": {"uv": [12, 0, 13, 1], "rotation": 180, "texture": "#0"}
			}
		},
		{
			"name": "root",
			"from": [10, 15, 8],
			"to": [11, 16, 9],
			"shade": false,
			"faces": {
				"north": {"uv": [10, 0, 11, 1], "texture": "#0"},
				"east": {"uv": [10, 0, 11, 1], "texture": "#0"},
				"south": {"uv": [10, 0, 11, 1], "texture": "#0"},
				"west": {"uv": [10, 0, 11, 1], "texture": "#0"},
				"up": {"uv": [10, 0, 11, 1], "rotation": 180, "texture": "#0"}
			}
		},
		{
			"name": "root",
			"from": [10, 14, 8],
			"to": [11, 15, 9],
			"shade": false,
			"faces": {
				"north": {"uv": [10, 1, 11, 2], "texture": "#0"},
				"south": {"uv": [10, 1, 11, 2], "texture": "#0"},
				"west": {"uv": [10, 1, 11, 2], "texture": "#0"},
				"down": {"uv": [10, 1, 11, 2], "rotation": 180, "texture": "#0"}
			}
		},
		{
			"name": "root",
			"from": [8, 15, 8],
			"to": [9, 16, 9],
			"shade": false,
			"faces": {
				"north": {"uv": [8, 0, 9, 1], "texture": "#0"},
				"east": {"uv": [8, 0, 9, 1], "texture": "#0"},
				"south": {"uv": [8, 0, 9, 1], "texture": "#0"},
				"up": {"uv": [8, 0, 9, 1], "rotation": 180, "texture": "#0"},
				"down": {"uv": [8, 0, 9, 1], "rotation": 180, "texture": "#0"}
			}
		},
		{
			"name": "root",
			"from": [7, 13, 8],
			"to": [8, 15, 9],
			"shade": false,
			"faces": {
				"north": {"uv": [7, 1, 8, 3], "texture": "#0"},
				"east": {"uv": [7, 1, 8, 3], "texture": "#0"},
				"south": {"uv": [7, 1, 8, 3], "texture": "#0"}
			}
		},
		{
			"name": "root",
			"from": [7, 15, 8],
			"to": [8, 16, 9],
			"shade": false,
			"faces": {
				"north": {"uv": [7, 0, 8, 1], "texture": "#0"},
				"south": {"uv": [7, 0, 8, 1], "texture": "#0"},
				"up": {"uv": [7, 0, 8, 1], "rotation": 180, "texture": "#0"}
			}
		},
		{
			"name": "root",
			"from": [6, 15, 8],
			"to": [7, 16, 9],
			"shade": false,
			"faces": {
				"north": {"uv": [6, 0, 7, 1], "texture": "#0"},
				"south": {"uv": [6, 0, 7, 1], "texture": "#0"},
				"west": {"uv": [6, 0, 7, 1], "texture": "#0"},
				"up": {"uv": [6, 0, 7, 1], "rotation": 180, "texture": "#0"}
			}
		},
		{
			"name": "root",
			"from": [6, 14, 8],
			"to": [7, 15, 9],
			"shade": false,
			"faces": {
				"north": {"uv": [6, 1, 7, 2], "texture": "#0"},
				"south": {"uv": [6, 1, 7, 2], "texture": "#0"},
				"west": {"uv": [6, 1, 7, 2], "texture": "#0"}
			}
		},
		{
			"name": "root",
			"from": [6, 13, 8],
			"to": [7, 14, 9],
			"shade": false,
			"faces": {
				"north": {"uv": [6, 2, 7, 3], "texture": "#0"},
				"south": {"uv": [6, 2, 7, 3], "texture": "#0"},
				"down": {"uv": [6, 2, 7, 3], "rotation": 180, "texture": "#0"}
			}
		},
		{
			"name": "root",
			"from": [7, 10, 8],
			"to": [8, 13, 9],
			"shade": false,
			"faces": {
				"north": {"uv": [7, 3, 8, 6], "texture": "#0"},
				"south": {"uv": [7, 3, 8, 6], "texture": "#0"},
				"west": {"uv": [7, 3, 8, 6], "texture": "#0"}
			}
		},
		{
			"name": "root",
			"from": [5, 7, 8],
			"to": [6, 9, 9],
			"shade": false,
			"faces": {
				"north": {"uv": [5, 7, 6, 9], "texture": "#0"},
				"east": {"uv": [5, 7, 6, 9], "texture": "#0"},
				"south": {"uv": [5, 7, 6, 9], "texture": "#0"},
				"west": {"uv": [5, 7, 6, 9], "texture": "#0"},
				"down": {"uv": [5, 8, 6, 9], "rotation": 180, "texture": "#0"}
			}
		},
		{
			"name": "root",
			"from": [11, 6, 8],
			"to": [12, 8, 9],
			"shade": false,
			"faces": {
				"north": {"uv": [11, 8, 12, 10], "texture": "#0"},
				"east": {"uv": [11, 8, 12, 10], "texture": "#0"},
				"south": {"uv": [11, 8, 12, 10], "texture": "#0"},
				"west": {"uv": [11, 8, 12, 10], "texture": "#0"},
				"up": {"uv": [11, 8, 12, 9], "rotation": 180, "texture": "#0"},
				"down": {"uv": [11, 9, 12, 10], "rotation": 180, "texture": "#0"}
			}
		},
		{
			"name": "root",
			"from": [3, 13, 8],
			"to": [4, 14, 9],
			"shade": false,
			"faces": {
				"north": {"uv": [3, 2, 4, 3], "texture": "#0"},
				"east": {"uv": [3, 2, 4, 3], "texture": "#0"},
				"south": {"uv": [3, 2, 4, 3], "texture": "#0"},
				"west": {"uv": [3, 2, 4, 3], "texture": "#0"}
			}
		},
		{
			"name": "root",
			"from": [7, 6, 8],
			"to": [8, 7, 9],
			"shade": false,
			"faces": {
				"north": {"uv": [7, 9, 8, 10], "texture": "#0"},
				"east": {"uv": [7, 9, 8, 10], "texture": "#0"},
				"south": {"uv": [7, 9, 8, 10], "texture": "#0"},
				"west": {"uv": [7, 9, 8, 10], "texture": "#0"},
				"down": {"uv": [7, 9, 8, 10], "rotation": 180, "texture": "#0"}
			}
		},
		{
			"name": "root",
			"from": [7, 7, 8],
			"to": [8, 8, 9],
			"shade": false,
			"faces": {
				"north": {"uv": [7, 8, 8, 9], "texture": "#0"},
				"east": {"uv": [7, 8, 8, 9], "texture": "#0"},
				"south": {"uv": [7, 8, 8, 9], "texture": "#0"},
				"west": {"uv": [7, 8, 8, 9], "texture": "#0"},
				"up": {"uv": [7, 8, 8, 9], "rotation": 180, "texture": "#0"}
			}
		},
		{
			"name": "root",
			"from": [8, 7, 8],
			"to": [9, 8, 9],
			"shade": false,
			"faces": {
				"north": {"uv": [8, 8, 9, 9], "texture": "#0"},
				"east": {"uv": [8, 8, 9, 9], "texture": "#0"},
				"south": {"uv": [8, 8, 9, 9], "texture": "#0"},
				"down": {"uv": [8, 8, 9, 9], "rotation": 180, "texture": "#0"}
			}
		},
		{
			"name": "root",
			"from": [8, 8, 8],
			"to": [9, 9, 9],
			"shade": false,
			"faces": {
				"north": {"uv": [8, 7, 9, 8], "texture": "#0"},
				"south": {"uv": [8, 7, 9, 8], "texture": "#0"},
				"west": {"uv": [8, 7, 9, 8], "texture": "#0"},
				"up": {"uv": [8, 7, 9, 8], "rotation": 180, "texture": "#0"}
			}
		},
		{
			"name": "root",
			"from": [4, 15, 8],
			"to": [5, 16, 9],
			"shade": false,
			"faces": {
				"north": {"uv": [4, 0, 5, 1], "texture": "#0"},
				"east": {"uv": [4, 0, 5, 1], "texture": "#0"},
				"south": {"uv": [4, 0, 5, 1], "texture": "#0"},
				"west": {"uv": [4, 0, 5, 1], "texture": "#0"},
				"up": {"uv": [4, 0, 5, 1], "rotation": 180, "texture": "#0"},
				"down": {"uv": [4, 0, 5, 1], "rotation": 180, "texture": "#0"}
			}
		},
		{
			"name": "root",
			"from": [0, 15, 8],
			"to": [1, 16, 9],
			"shade": false,
			"faces": {
				"north": {"uv": [0, 0, 1, 1], "texture": "#0"},
				"east": {"uv": [0, 0, 1, 1], "texture": "#0"},
				"south": {"uv": [0, 0, 1, 1], "texture": "#0"},
				"west": {"uv": [0, 0, 1, 1], "texture": "#0"},
				"up": {"uv": [0, 0, 1, 1], "rotation": 180, "texture": "#0"},
				"down": {"uv": [0, 0, 1, 1], "rotation": 180, "texture": "#0"}
			}
		},
		{
			"name": "root",
			"from": [9, 8, 8],
			"to": [10, 9, 9],
			"shade": false,
			"faces": {
				"north": {"uv": [9, 7, 10, 8], "texture": "#0"},
				"east": {"uv": [9, 7, 10, 8], "texture": "#0"},
				"south": {"uv": [9, 7, 10, 8], "texture": "#0"},
				"down": {"uv": [9, 7, 10, 8], "rotation": 180, "texture": "#0"}
			}
		},
		{
			"name": "root",
			"from": [9, 9, 8],
			"to": [10, 10, 9],
			"shade": false,
			"faces": {
				"north": {"uv": [9, 6, 10, 7], "texture": "#0"},
				"east": {"uv": [9, 6, 10, 7], "texture": "#0"},
				"south": {"uv": [9, 6, 10, 7], "texture": "#0"},
				"west": {"uv": [9, 6, 10, 7], "texture": "#0"}
			}
		},
		{
			"name": "root",
			"from": [9, 10, 8],
			"to": [10, 11, 9],
			"shade": false,
			"faces": {
				"north": {"uv": [9, 5, 10, 6], "texture": "#0"},
				"east": {"uv": [9, 5, 10, 6], "texture": "#0"},
				"south": {"uv": [9, 5, 10, 6], "texture": "#0"},
				"up": {"uv": [9, 5, 10, 6], "rotation": 180, "texture": "#0"}
			}
		},
		{
			"name": "root",
			"from": [8, 10, 8],
			"to": [9, 11, 9],
			"shade": false,
			"faces": {
				"north": {"uv": [8, 5, 9, 6], "texture": "#0"},
				"south": {"uv": [8, 5, 9, 6], "texture": "#0"},
				"down": {"uv": [8, 5, 9, 6], "rotation": 180, "texture": "#0"}
			}
		},
		{
			"name": "root",
			"from": [8, 11, 8],
			"to": [9, 12, 9],
			"shade": false,
			"faces": {
				"north": {"uv": [8, 4, 9, 5], "texture": "#0"},
				"east": {"uv": [8, 4, 9, 5], "texture": "#0"},
				"south": {"uv": [8, 4, 9, 5], "texture": "#0"}
			}
		},
		{
			"name": "root",
			"from": [8, 12, 8],
			"to": [9, 13, 9],
			"shade": false,
			"faces": {
				"north": {"uv": [8, 3, 9, 4], "texture": "#0"},
				"south": {"uv": [8, 3, 9, 4], "texture": "#0"},
				"up": {"uv": [8, 3, 9, 4], "rotation": 180, "texture": "#0"}
			}
		},
		{
			"name": "root",
			"from": [9, 13, 8],
			"to": [10, 14, 9],
			"shade": false,
			"faces": {
				"north": {"uv": [9, 2, 10, 3], "texture": "#0"},
				"east": {"uv": [9, 2, 10, 3], "texture": "#0"},
				"south": {"uv": [9, 2, 10, 3], "texture": "#0"},
				"west": {"uv": [9, 2, 10, 3], "texture": "#0"},
				"up": {"uv": [9, 2, 10, 3], "rotation": 180, "texture": "#0"}
			}
		},
		{
			"name": "root",
			"from": [9, 12, 8],
			"to": [10, 13, 9],
			"shade": false,
			"faces": {
				"north": {"uv": [9, 3, 10, 4], "texture": "#0"},
				"east": {"uv": [9, 3, 10, 4], "texture": "#0"},
				"south": {"uv": [9, 3, 10, 4], "texture": "#0"},
				"down": {"uv": [9, 3, 10, 4], "rotation": 180, "texture": "#0"}
			}
		},
		{
			"name": "root",
			"from": [10, 11, 8],
			"to": [11, 12, 9],
			"shade": false,
			"faces": {
				"north": {"uv": [10, 4, 11, 5], "texture": "#0"},
				"south": {"uv": [10, 4, 11, 5], "texture": "#0"},
				"west": {"uv": [10, 4, 11, 5], "texture": "#0"},
				"up": {"uv": [10, 4, 11, 5], "rotation": 180, "texture": "#0"},
				"down": {"uv": [10, 4, 11, 5], "rotation": 180, "texture": "#0"}
			}
		},
		{
			"name": "root",
			"from": [2, 15, 8],
			"to": [3, 16, 9],
			"shade": false,
			"faces": {
				"north": {"uv": [2, 0, 3, 1], "texture": "#0"},
				"east": {"uv": [2, 0, 3, 1], "texture": "#0"},
				"south": {"uv": [2, 0, 3, 1], "texture": "#0"},
				"west": {"uv": [2, 0, 3, 1], "texture": "#0"},
				"up": {"uv": [2, 0, 3, 1], "rotation": 180, "texture": "#0"}
			}
		},
		{
			"name": "root",
			"from": [7, 9, 8],
			"to": [8, 10, 9],
			"shade": false,
			"faces": {
				"north": {"uv": [7, 6, 8, 7], "texture": "#0"},
				"east": {"uv": [7, 6, 8, 7], "texture": "#0"},
				"south": {"uv": [7, 6, 8, 7], "texture": "#0"},
				"down": {"uv": [7, 6, 8, 7], "rotation": 180, "texture": "#0"}
			}
		},
		{
			"name": "root",
			"from": [5, 9, 8],
			"to": [6, 10, 9],
			"shade": false,
			"faces": {
				"north": {"uv": [5, 6, 6, 7], "texture": "#0"},
				"south": {"uv": [5, 6, 6, 7], "texture": "#0"},
				"west": {"uv": [5, 6, 6, 7], "texture": "#0"},
				"up": {"uv": [5, 6, 6, 7], "rotation": 180, "texture": "#0"}
			}
		},
		{
			"name": "root",
			"from": [6, 9, 8],
			"to": [7, 10, 9],
			"shade": false,
			"faces": {
				"north": {"uv": [6, 6, 7, 7], "texture": "#0"},
				"south": {"uv": [6, 6, 7, 7], "texture": "#0"},
				"up": {"uv": [6, 6, 7, 7], "rotation": 180, "texture": "#0"},
				"down": {"uv": [6, 6, 7, 7], "rotation": 180, "texture": "#0"}
			}
		},
		{
			"name": "root",
			"from": [11, 14, 8],
			"to": [12, 15, 9],
			"shade": false,
			"faces": {
				"north": {"uv": [11, 1, 12, 2], "texture": "#0"},
				"east": {"uv": [11, 1, 12, 2], "texture": "#0"},
				"south": {"uv": [11, 1, 12, 2], "texture": "#0"},
				"up": {"uv": [11, 1, 12, 2], "rotation": 180, "texture": "#0"}
			}
		},
		{
			"name": "root",
			"from": [11, 13, 8],
			"to": [12, 14, 9],
			"shade": false,
			"faces": {
				"north": {"uv": [11, 2, 12, 3], "texture": "#0"},
				"east": {"uv": [11, 2, 12, 3], "texture": "#0"},
				"south": {"uv": [11, 2, 12, 3], "texture": "#0"},
				"west": {"uv": [11, 2, 12, 3], "texture": "#0"}
			}
		},
		{
			"name": "root",
			"from": [11, 12, 8],
			"to": [12, 13, 9],
			"shade": false,
			"faces": {
				"north": {"uv": [11, 3, 12, 4], "texture": "#0"},
				"south": {"uv": [11, 3, 12, 4], "texture": "#0"},
				"west": {"uv": [11, 3, 12, 4], "texture": "#0"},
				"up": {"uv": [11, 3, 12, 4], "rotation": 180, "texture": "#0"}
			}
		},
		{
			"name": "root",
			"from": [11, 11, 8],
			"to": [12, 12, 9],
			"shade": false,
			"faces": {
				"north": {"uv": [11, 4, 12, 5], "texture": "#0"},
				"east": {"uv": [11, 4, 12, 5], "texture": "#0"},
				"south": {"uv": [11, 4, 12, 5], "texture": "#0"}
			}
		},
		{
			"name": "root",
			"from": [11, 10, 8],
			"to": [12, 11, 9],
			"shade": false,
			"faces": {
				"north": {"uv": [11, 5, 12, 6], "texture": "#0"},
				"east": {"uv": [11, 5, 12, 6], "texture": "#0"},
				"south": {"uv": [11, 5, 12, 6], "texture": "#0"},
				"west": {"uv": [11, 5, 12, 6], "texture": "#0"}
			}
		},
		{
			"name": "root",
			"from": [11, 9, 8],
			"to": [12, 10, 9],
			"shade": false,
			"faces": {
				"north": {"uv": [11, 6, 12, 7], "texture": "#0"},
				"south": {"uv": [11, 6, 12, 7], "texture": "#0"},
				"west": {"uv": [11, 6, 12, 7], "texture": "#0"},
				"down": {"uv": [11, 6, 12, 7], "rotation": 180, "texture": "#0"}
			}
		},
		{
			"name": "root",
			"from": [12, 12, 8],
			"to": [13, 13, 9],
			"shade": false,
			"faces": {
				"north": {"uv": [12, 3, 13, 4], "texture": "#0"},
				"east": {"uv": [12, 3, 13, 4], "texture": "#0"},
				"south": {"uv": [12, 3, 13, 4], "texture": "#0"},
				"up": {"uv": [12, 3, 13, 4], "rotation": 180, "texture": "#0"},
				"down": {"uv": [12, 3, 13, 4], "rotation": 180, "texture": "#0"}
			}
		},
		{
			"name": "root",
			"from": [12, 9, 8],
			"to": [13, 10, 9],
			"shade": false,
			"faces": {
				"north": {"uv": [12, 6, 13, 7], "texture": "#0"},
				"east": {"uv": [12, 6, 13, 7], "texture": "#0"},
				"south": {"uv": [12, 6, 13, 7], "texture": "#0"},
				"up": {"uv": [12, 6, 13, 7], "rotation": 180, "texture": "#0"}
			}
		},
		{
			"name": "root",
			"from": [12, 8, 8],
			"to": [13, 9, 9],
			"shade": false,
			"faces": {
				"north": {"uv": [12, 7, 13, 8], "texture": "#0"},
				"south": {"uv": [12, 7, 13, 8], "texture": "#0"},
				"west": {"uv": [12, 7, 13, 8], "texture": "#0"},
				"down": {"uv": [12, 7, 13, 8], "rotation": 180, "texture": "#0"}
			}
		},
		{
			"name": "root",
			"from": [13, 8, 8],
			"to": [14, 9, 9],
			"shade": false,
			"faces": {
				"north": {"uv": [13, 7, 14, 8], "texture": "#0"},
				"east": {"uv": [13, 7, 14, 8], "texture": "#0"},
				"south": {"uv": [13, 7, 14, 8], "texture": "#0"},
				"up": {"uv": [13, 7, 14, 8], "rotation": 180, "texture": "#0"}
			}
		},
		{
			"name": "root",
			"from": [13, 7, 8],
			"to": [14, 8, 9],
			"shade": false,
			"faces": {
				"north": {"uv": [13, 8, 14, 9], "texture": "#0"},
				"east": {"uv": [13, 8, 14, 9], "texture": "#0"},
				"south": {"uv": [13, 8, 14, 9], "texture": "#0"},
				"west": {"uv": [13, 8, 14, 9], "texture": "#0"},
				"down": {"uv": [13, 8, 14, 9], "rotation": 180, "texture": "#0"}
			}
		},
		{
			"name": "root",
			"from": [5, 13, 8],
			"to": [6, 14, 9],
			"shade": false,
			"faces": {
				"north": {"uv": [5, 2, 6, 3], "texture": "#0"},
				"south": {"uv": [5, 2, 6, 3], "texture": "#0"},
				"west": {"uv": [5, 2, 6, 3], "texture": "#0"},
				"up": {"uv": [5, 2, 6, 3], "rotation": 180, "texture": "#0"}
			}
		},
		{
			"name": "root",
			"from": [5, 12, 8],
			"to": [6, 13, 9],
			"shade": false,
			"faces": {
				"north": {"uv": [5, 3, 6, 4], "texture": "#0"},
				"east": {"uv": [5, 3, 6, 4], "texture": "#0"},
				"south": {"uv": [5, 3, 6, 4], "texture": "#0"},
				"down": {"uv": [5, 3, 6, 4], "rotation": 180, "texture": "#0"}
			}
		},
		{
			"name": "root",
			"from": [3, 14, 8],
			"to": [4, 15, 9],
			"shade": false,
			"faces": {
				"north": {"uv": [3, 1, 4, 2], "texture": "#0"},
				"east": {"uv": [3, 1, 4, 2], "texture": "#0"},
				"south": {"uv": [3, 1, 4, 2], "texture": "#0"},
				"up": {"uv": [3, 1, 4, 2], "rotation": 180, "texture": "#0"}
			}
		},
		{
			"name": "root",
			"from": [2, 14, 8],
			"to": [3, 15, 9],
			"shade": false,
			"faces": {
				"north": {"uv": [2, 1, 3, 2], "texture": "#0"},
				"south": {"uv": [2, 1, 3, 2], "texture": "#0"},
				"down": {"uv": [2, 1, 3, 2], "rotation": 180, "texture": "#0"}
			}
		},
		{
			"name": "root",
			"from": [1, 14, 8],
			"to": [2, 15, 9],
			"shade": false,
			"faces": {
				"north": {"uv": [1, 1, 2, 2], "texture": "#0"},
				"south": {"uv": [1, 1, 2, 2], "texture": "#0"},
				"west": {"uv": [1, 1, 2, 2], "texture": "#0"},
				"up": {"uv": [1, 1, 2, 2], "rotation": 180, "texture": "#0"},
				"down": {"uv": [1, 1, 2, 2], "rotation": 180, "texture": "#0"}
			}
		},
		{
			"name": "root",
			"from": [8, 5, 8],
			"to": [9, 6, 9],
			"shade": false,
			"faces": {
				"north": {"uv": [8, 10, 9, 11], "texture": "#0"},
				"east": {"uv": [8, 10, 9, 11], "texture": "#0"},
				"south": {"uv": [8, 10, 9, 11], "texture": "#0"},
				"west": {"uv": [8, 10, 9, 11], "texture": "#0"},
				"up": {"uv": [8, 10, 9, 11], "rotation": 180, "texture": "#0"},
				"down": {"uv": [8, 10, 9, 11], "rotation": 180, "texture": "#0"}
			}
		},
		{
			"name": "root",
			"from": [1, 11, 8],
			"to": [2, 12, 9],
			"shade": false,
			"faces": {
				"north": {"uv": [1, 4, 2, 5], "texture": "#0"},
				"east": {"uv": [1, 4, 2, 5], "texture": "#0"},
				"south": {"uv": [1, 4, 2, 5], "texture": "#0"},
				"west": {"uv": [1, 4, 2, 5], "texture": "#0"},
				"down": {"uv": [1, 4, 2, 5], "rotation": 180, "texture": "#0"}
			}
		},
		{
			"name": "root",
			"from": [1, 12, 8],
			"to": [2, 13, 9],
			"shade": false,
			"faces": {
				"north": {"uv": [1, 3, 2, 4], "texture": "#0"},
				"south": {"uv": [1, 3, 2, 4], "texture": "#0"},
				"west": {"uv": [1, 3, 2, 4], "texture": "#0"},
				"up": {"uv": [1, 3, 2, 4], "rotation": 180, "texture": "#0"}
			}
		},
		{
			"name": "root",
			"from": [2, 12, 8],
			"to": [3, 13, 9],
			"shade": false,
			"faces": {
				"north": {"uv": [2, 3, 3, 4], "texture": "#0"},
				"south": {"uv": [2, 3, 3, 4], "texture": "#0"},
				"up": {"uv": [2, 3, 3, 4], "rotation": 180, "texture": "#0"},
				"down": {"uv": [2, 3, 3, 4], "rotation": 180, "texture": "#0"}
			}
		},
		{
			"name": "root",
			"from": [3, 12, 8],
			"to": [4, 13, 9],
			"shade": false,
			"faces": {
				"north": {"uv": [3, 3, 4, 4], "texture": "#0"},
				"south": {"uv": [3, 3, 4, 4], "texture": "#0"},
				"down": {"uv": [3, 3, 4, 4], "rotation": 180, "texture": "#0"}
			}
		},
		{
			"name": "root",
			"from": [4, 12, 8],
			"to": [5, 13, 9],
			"shade": false,
			"faces": {
				"north": {"uv": [4, 3, 5, 4], "texture": "#0"},
				"south": {"uv": [4, 3, 5, 4], "texture": "#0"},
				"up": {"uv": [4, 3, 5, 4], "rotation": 180, "texture": "#0"}
			}
		},
		{
			"name": "root",
			"from": [4, 11, 8],
			"to": [5, 12, 9],
			"shade": false,
			"faces": {
				"north": {"uv": [4, 4, 5, 5], "texture": "#0"},
				"east": {"uv": [4, 4, 5, 5], "texture": "#0"},
				"south": {"uv": [4, 4, 5, 5], "texture": "#0"},
				"west": {"uv": [4, 4, 5, 5], "texture": "#0"}
			}
		},
		{
			"name": "root",
			"from": [4, 10, 8],
			"to": [5, 11, 9],
			"shade": false,
			"faces": {
				"north": {"uv": [4, 5, 5, 6], "texture": "#0"},
				"east": {"uv": [4, 5, 5, 6], "texture": "#0"},
				"south": {"uv": [4, 5, 5, 6], "texture": "#0"},
				"down": {"uv": [4, 5, 5, 6], "rotation": 180, "texture": "#0"}
			}
		},
		{
			"name": "root",
			"from": [3, 10, 8],
			"to": [4, 11, 9],
			"shade": false,
			"faces": {
				"north": {"uv": [3, 5, 4, 6], "texture": "#0"},
				"south": {"uv": [3, 5, 4, 6], "texture": "#0"},
				"west": {"uv": [3, 5, 4, 6], "texture": "#0"},
				"up": {"uv": [3, 5, 4, 6], "rotation": 180, "texture": "#0"}
			}
		},
		{
			"name": "root",
			"from": [3, 9, 8],
			"to": [4, 10, 9],
			"shade": false,
			"faces": {
				"north": {"uv": [3, 6, 4, 7], "texture": "#0"},
				"east": {"uv": [3, 6, 4, 7], "texture": "#0"},
				"south": {"uv": [3, 6, 4, 7], "texture": "#0"},
				"down": {"uv": [3, 6, 4, 7], "rotation": 180, "texture": "#0"}
			}
		},
		{
			"name": "root",
			"from": [2, 9, 8],
			"to": [3, 10, 9],
			"shade": false,
			"faces": {
				"north": {"uv": [2, 6, 3, 7], "texture": "#0"},
				"south": {"uv": [2, 6, 3, 7], "texture": "#0"},
				"west": {"uv": [2, 6, 3, 7], "texture": "#0"},
				"up": {"uv": [2, 6, 3, 7], "rotation": 180, "texture": "#0"}
			}
		},
		{
			"name": "root",
			"from": [2, 8, 8],
			"to": [3, 9, 9],
			"shade": false,
			"faces": {
				"north": {"uv": [2, 7, 3, 8], "texture": "#0"},
				"east": {"uv": [2, 7, 3, 8], "texture": "#0"},
				"south": {"uv": [2, 7, 3, 8], "texture": "#0"},
				"west": {"uv": [2, 7, 3, 8], "texture": "#0"},
				"down": {"uv": [2, 7, 3, 8], "rotation": 180, "texture": "#0"}
			}
		},
		{
			"name": "root",
			"from": [8, 15, 15],
			"to": [9, 16, 16],
			"shade": false,
			"faces": {
				"north": {"uv": [15, 0, 16, 1], "texture": "#0"},
				"east": {"uv": [15, 0, 16, 1], "texture": "#0"},
				"south": {"uv": [15, 0, 16, 1], "texture": "#0"},
				"west": {"uv": [15, 0, 16, 1], "texture": "#0"},
				"up": {"uv": [15, 0, 16, 1], "rotation": 270, "texture": "#0"}
			}
		},
		{
			"name": "root",
			"from": [8, 14, 15],
			"to": [9, 15, 16],
			"shade": false,
			"faces": {
				"north": {"uv": [15, 1, 16, 2], "texture": "#0"},
				"east": {"uv": [15, 1, 16, 2], "texture": "#0"},
				"south": {"uv": [15, 1, 16, 2], "texture": "#0"},
				"west": {"uv": [15, 1, 16, 2], "texture": "#0"},
				"down": {"uv": [15, 1, 16, 2], "rotation": 90, "texture": "#0"}
			}
		},
		{
			"name": "root",
			"from": [8, 13, 14],
			"to": [9, 14, 15],
			"shade": false,
			"faces": {
				"east": {"uv": [14, 2, 15, 3], "texture": "#0"},
				"south": {"uv": [14, 2, 15, 3], "texture": "#0"},
				"west": {"uv": [14, 2, 15, 3], "texture": "#0"},
				"up": {"uv": [14, 2, 15, 3], "rotation": 270, "texture": "#0"}
			}
		},
		{
			"name": "root",
			"from": [8, 10, 14],
			"to": [9, 13, 15],
			"shade": false,
			"faces": {
				"north": {"uv": [14, 3, 15, 6], "texture": "#0"},
				"east": {"uv": [14, 3, 15, 6], "texture": "#0"},
				"south": {"uv": [14, 3, 15, 6], "texture": "#0"},
				"west": {"uv": [14, 3, 15, 6], "texture": "#0"},
				"up": {"uv": [14, 3, 15, 6], "rotation": 270, "texture": "#0"},
				"down": {"uv": [14, 5, 15, 6], "rotation": 90, "texture": "#0"}
			}
		},
		{
			"name": "root",
			"from": [8, 9, 15],
			"to": [9, 10, 16],
			"shade": false,
			"faces": {
				"north": {"uv": [15, 6, 16, 7], "texture": "#0"},
				"east": {"uv": [15, 6, 16, 7], "texture": "#0"},
				"south": {"uv": [15, 6, 16, 7], "texture": "#0"},
				"west": {"uv": [15, 6, 16, 7], "texture": "#0"},
				"up": {"uv": [15, 6, 16, 7], "rotation": 270, "texture": "#0"},
				"down": {"uv": [15, 6, 16, 7], "rotation": 90, "texture": "#0"}
			}
		},
		{
			"name": "root",
			"from": [8, 13, 13],
			"to": [9, 14, 14],
			"shade": false,
			"faces": {
				"north": {"uv": [13, 2, 14, 3], "texture": "#0"},
				"east": {"uv": [13, 2, 14, 3], "texture": "#0"},
				"west": {"uv": [13, 2, 14, 3], "texture": "#0"},
				"down": {"uv": [13, 2, 14, 3], "rotation": 90, "texture": "#0"}
			}
		},
		{
			"name": "root",
			"from": [8, 14, 13],
			"to": [9, 15, 14],
			"shade": false,
			"faces": {
				"north": {"uv": [13, 1, 14, 2], "texture": "#0"},
				"east": {"uv": [13, 1, 14, 2], "texture": "#0"},
				"south": {"uv": [13, 1, 14, 2], "texture": "#0"},
				"west": {"uv": [13, 1, 14, 2], "texture": "#0"}
			}
		},
		{
			"name": "root",
			"from": [8, 15, 13],
			"to": [9, 16, 14],
			"shade": false,
			"faces": {
				"east": {"uv": [13, 0, 14, 1], "texture": "#0"},
				"south": {"uv": [13, 0, 14, 1], "texture": "#0"},
				"west": {"uv": [13, 0, 14, 1], "texture": "#0"},
				"up": {"uv": [13, 0, 14, 1], "rotation": 270, "texture": "#0"}
			}
		},
		{
			"name": "root",
			"from": [8, 15, 12],
			"to": [9, 16, 13],
			"shade": false,
			"faces": {
				"north": {"uv": [12, 0, 13, 1], "texture": "#0"},
				"east": {"uv": [12, 0, 13, 1], "texture": "#0"},
				"west": {"uv": [12, 0, 13, 1], "texture": "#0"},
				"up": {"uv": [12, 0, 13, 1], "rotation": 270, "texture": "#0"},
				"down": {"uv": [12, 0, 13, 1], "rotation": 90, "texture": "#0"}
			}
		},
		{
			"name": "root",
			"from": [8, 15, 10],
			"to": [9, 16, 11],
			"shade": false,
			"faces": {
				"north": {"uv": [10, 0, 11, 1], "texture": "#0"},
				"east": {"uv": [10, 0, 11, 1], "texture": "#0"},
				"south": {"uv": [10, 0, 11, 1], "texture": "#0"},
				"west": {"uv": [10, 0, 11, 1], "texture": "#0"},
				"up": {"uv": [10, 0, 11, 1], "rotation": 270, "texture": "#0"}
			}
		},
		{
			"name": "root",
			"from": [8, 14, 10],
			"to": [9, 15, 11],
			"shade": false,
			"faces": {
				"north": {"uv": [10, 1, 11, 2], "texture": "#0"},
				"east": {"uv": [10, 1, 11, 2], "texture": "#0"},
				"west": {"uv": [10, 1, 11, 2], "texture": "#0"},
				"down": {"uv": [10, 1, 11, 2], "rotation": 90, "texture": "#0"}
			}
		},
		{
			"name": "root",
			"from": [8, 15, 8],
			"to": [9, 16, 9],
			"shade": false,
			"faces": {
				"east": {"uv": [8, 0, 9, 1], "texture": "#0"},
				"south": {"uv": [8, 0, 9, 1], "texture": "#0"},
				"west": {"uv": [8, 0, 9, 1], "texture": "#0"},
				"up": {"uv": [8, 0, 9, 1], "rotation": 270, "texture": "#0"},
				"down": {"uv": [8, 0, 9, 1], "rotation": 90, "texture": "#0"}
			}
		},
		{
			"name": "root",
			"from": [8, 13, 7],
			"to": [9, 15, 8],
			"shade": false,
			"faces": {
				"east": {"uv": [7, 1, 8, 3], "texture": "#0"},
				"south": {"uv": [7, 1, 8, 3], "texture": "#0"},
				"west": {"uv": [7, 1, 8, 3], "texture": "#0"}
			}
		},
		{
			"name": "root",
			"from": [8, 15, 7],
			"to": [9, 16, 8],
			"shade": false,
			"faces": {
				"east": {"uv": [7, 0, 8, 1], "texture": "#0"},
				"west": {"uv": [7, 0, 8, 1], "texture": "#0"},
				"up": {"uv": [7, 0, 8, 1], "rotation": 270, "texture": "#0"}
			}
		},
		{
			"name": "root",
			"from": [8, 15, 6],
			"to": [9, 16, 7],
			"shade": false,
			"faces": {
				"north": {"uv": [6, 0, 7, 1], "texture": "#0"},
				"east": {"uv": [6, 0, 7, 1], "texture": "#0"},
				"west": {"uv": [6, 0, 7, 1], "texture": "#0"},
				"up": {"uv": [6, 0, 7, 1], "rotation": 270, "texture": "#0"}
			}
		},
		{
			"name": "root",
			"from": [8, 14, 6],
			"to": [9, 15, 7],
			"shade": false,
			"faces": {
				"north": {"uv": [6, 1, 7, 2], "texture": "#0"},
				"east": {"uv": [6, 1, 7, 2], "texture": "#0"},
				"west": {"uv": [6, 1, 7, 2], "texture": "#0"}
			}
		},
		{
			"name": "root",
			"from": [8, 13, 6],
			"to": [9, 14, 7],
			"shade": false,
			"faces": {
				"east": {"uv": [6, 2, 7, 3], "texture": "#0"},
				"west": {"uv": [6, 2, 7, 3], "texture": "#0"},
				"down": {"uv": [6, 2, 7, 3], "rotation": 90, "texture": "#0"}
			}
		},
		{
			"name": "root",
			"from": [8, 10, 7],
			"to": [9, 13, 8],
			"shade": false,
			"faces": {
				"north": {"uv": [7, 3, 8, 6], "texture": "#0"},
				"east": {"uv": [7, 3, 8, 6], "texture": "#0"},
				"west": {"uv": [7, 3, 8, 6], "texture": "#0"}
			}
		},
		{
			"name": "root",
			"from": [8, 7, 5],
			"to": [9, 9, 6],
			"shade": false,
			"faces": {
				"north": {"uv": [5, 7, 6, 9], "texture": "#0"},
				"east": {"uv": [5, 7, 6, 9], "texture": "#0"},
				"south": {"uv": [5, 7, 6, 9], "texture": "#0"},
				"west": {"uv": [5, 7, 6, 9], "texture": "#0"},
				"down": {"uv": [5, 8, 6, 9], "rotation": 90, "texture": "#0"}
			}
		},
		{
			"name": "root",
			"from": [8, 6, 11],
			"to": [9, 8, 12],
			"shade": false,
			"faces": {
				"north": {"uv": [11, 8, 12, 10], "texture": "#0"},
				"east": {"uv": [11, 8, 12, 10], "texture": "#0"},
				"south": {"uv": [11, 8, 12, 10], "texture": "#0"},
				"west": {"uv": [11, 8, 12, 10], "texture": "#0"},
				"up": {"uv": [11, 8, 12, 9], "rotation": 270, "texture": "#0"},
				"down": {"uv": [11, 9, 12, 10], "rotation": 90, "texture": "#0"}
			}
		},
		{
			"name": "root",
			"from": [8, 13, 3],
			"to": [9, 14, 4],
			"shade": false,
			"faces": {
				"north": {"uv": [3, 2, 4, 3], "texture": "#0"},
				"east": {"uv": [3, 2, 4, 3], "texture": "#0"},
				"south": {"uv": [3, 2, 4, 3], "texture": "#0"},
				"west": {"uv": [3, 2, 4, 3], "texture": "#0"}
			}
		},
		{
			"name": "root",
			"from": [8, 7, 8],
			"to": [9, 8, 9],
			"shade": false,
			"faces": {
				"east": {"uv": [8, 8, 9, 9], "texture": "#0"},
				"south": {"uv": [8, 8, 9, 9], "texture": "#0"},
				"west": {"uv": [8, 8, 9, 9], "texture": "#0"},
				"down": {"uv": [8, 8, 9, 9], "rotation": 90, "texture": "#0"}
			}
		},
		{
			"name": "root",
			"from": [8, 8, 8],
			"to": [9, 9, 9],
			"shade": false,
			"faces": {
				"north": {"uv": [8, 7, 9, 8], "texture": "#0"},
				"east": {"uv": [8, 7, 9, 8], "texture": "#0"},
				"west": {"uv": [8, 7, 9, 8], "texture": "#0"},
				"up": {"uv": [8, 7, 9, 8], "rotation": 270, "texture": "#0"}
			}
		},
		{
			"name": "root",
			"from": [8, 15, 4],
			"to": [9, 16, 5],
			"shade": false,
			"faces": {
				"north": {"uv": [4, 0, 5, 1], "texture": "#0"},
				"east": {"uv": [4, 0, 5, 1], "texture": "#0"},
				"south": {"uv": [4, 0, 5, 1], "texture": "#0"},
				"west": {"uv": [4, 0, 5, 1], "texture": "#0"},
				"up": {"uv": [4, 0, 5, 1], "rotation": 270, "texture": "#0"},
				"down": {"uv": [4, 0, 5, 1], "rotation": 90, "texture": "#0"}
			}
		},
		{
			"name": "root",
			"from": [8, 15, 0],
			"to": [9, 16, 1],
			"shade": false,
			"faces": {
				"north": {"uv": [0, 0, 1, 1], "texture": "#0"},
				"east": {"uv": [0, 0, 1, 1], "texture": "#0"},
				"south": {"uv": [0, 0, 1, 1], "texture": "#0"},
				"west": {"uv": [0, 0, 1, 1], "texture": "#0"},
				"up": {"uv": [0, 0, 1, 1], "rotation": 270, "texture": "#0"},
				"down": {"uv": [0, 0, 1, 1], "rotation": 90, "texture": "#0"}
			}
		},
		{
			"name": "root",
			"from": [8, 8, 9],
			"to": [9, 9, 10],
			"shade": false,
			"faces": {
				"east": {"uv": [9, 7, 10, 8], "texture": "#0"},
				"south": {"uv": [9, 7, 10, 8], "texture": "#0"},
				"west": {"uv": [9, 7, 10, 8], "texture": "#0"},
				"down": {"uv": [9, 7, 10, 8], "rotation": 90, "texture": "#0"}
			}
		},
		{
			"name": "root",
			"from": [8, 9, 9],
			"to": [9, 10, 10],
			"shade": false,
			"faces": {
				"north": {"uv": [9, 6, 10, 7], "texture": "#0"},
				"east": {"uv": [9, 6, 10, 7], "texture": "#0"},
				"south": {"uv": [9, 6, 10, 7], "texture": "#0"},
				"west": {"uv": [9, 6, 10, 7], "texture": "#0"}
			}
		},
		{
			"name": "root",
			"from": [8, 10, 9],
			"to": [9, 11, 10],
			"shade": false,
			"faces": {
				"east": {"uv": [9, 5, 10, 6], "texture": "#0"},
				"south": {"uv": [9, 5, 10, 6], "texture": "#0"},
				"west": {"uv": [9, 5, 10, 6], "texture": "#0"},
				"up": {"uv": [9, 5, 10, 6], "rotation": 270, "texture": "#0"}
			}
		},
		{
			"name": "root",
			"from": [8, 10, 8],
			"to": [9, 11, 9],
			"shade": false,
			"faces": {
				"east": {"uv": [8, 5, 9, 6], "texture": "#0"},
				"west": {"uv": [8, 5, 9, 6], "texture": "#0"},
				"down": {"uv": [8, 5, 9, 6], "rotation": 90, "texture": "#0"}
			}
		},
		{
			"name": "root",
			"from": [8, 11, 8],
			"to": [9, 12, 9],
			"shade": false,
			"faces": {
				"east": {"uv": [8, 4, 9, 5], "texture": "#0"},
				"south": {"uv": [8, 4, 9, 5], "texture": "#0"},
				"west": {"uv": [8, 4, 9, 5], "texture": "#0"}
			}
		},
		{
			"name": "root",
			"from": [8, 12, 8],
			"to": [9, 13, 9],
			"shade": false,
			"faces": {
				"east": {"uv": [8, 3, 9, 4], "texture": "#0"},
				"west": {"uv": [8, 3, 9, 4], "texture": "#0"},
				"up": {"uv": [8, 3, 9, 4], "rotation": 270, "texture": "#0"}
			}
		},
		{
			"name": "root",
			"from": [8, 13, 9],
			"to": [9, 14, 10],
			"shade": false,
			"faces": {
				"north": {"uv": [9, 2, 10, 3], "texture": "#0"},
				"east": {"uv": [9, 2, 10, 3], "texture": "#0"},
				"south": {"uv": [9, 2, 10, 3], "texture": "#0"},
				"west": {"uv": [9, 2, 10, 3], "texture": "#0"},
				"up": {"uv": [9, 2, 10, 3], "rotation": 270, "texture": "#0"}
			}
		},
		{
			"name": "root",
			"from": [8, 12, 9],
			"to": [9, 13, 10],
			"shade": false,
			"faces": {
				"east": {"uv": [9, 3, 10, 4], "texture": "#0"},
				"south": {"uv": [9, 3, 10, 4], "texture": "#0"},
				"west": {"uv": [9, 3, 10, 4], "texture": "#0"},
				"down": {"uv": [9, 3, 10, 4], "rotation": 90, "texture": "#0"}
			}
		},
		{
			"name": "root",
			"from": [8, 11, 10],
			"to": [9, 12, 11],
			"shade": false,
			"faces": {
				"north": {"uv": [10, 4, 11, 5], "texture": "#0"},
				"east": {"uv": [10, 4, 11, 5], "texture": "#0"},
				"west": {"uv": [10, 4, 11, 5], "texture": "#0"},
				"up": {"uv": [10, 4, 11, 5], "rotation": 270, "texture": "#0"},
				"down": {"uv": [10, 4, 11, 5], "rotation": 90, "texture": "#0"}
			}
		},
		{
			"name": "root",
			"from": [8, 15, 2],
			"to": [9, 16, 3],
			"shade": false,
			"faces": {
				"north": {"uv": [2, 0, 3, 1], "texture": "#0"},
				"east": {"uv": [2, 0, 3, 1], "texture": "#0"},
				"south": {"uv": [2, 0, 3, 1], "texture": "#0"},
				"west": {"uv": [2, 0, 3, 1], "texture": "#0"},
				"up": {"uv": [2, 0, 3, 1], "rotation": 270, "texture": "#0"}
			}
		},
		{
			"name": "root",
			"from": [8, 9, 7],
			"to": [9, 10, 8],
			"shade": false,
			"faces": {
				"east": {"uv": [7, 6, 8, 7], "texture": "#0"},
				"south": {"uv": [7, 6, 8, 7], "texture": "#0"},
				"west": {"uv": [7, 6, 8, 7], "texture": "#0"},
				"down": {"uv": [7, 6, 8, 7], "rotation": 90, "texture": "#0"}
			}
		},
		{
			"name": "root",
			"from": [8, 9, 5],
			"to": [9, 10, 6],
			"shade": false,
			"faces": {
				"north": {"uv": [5, 6, 6, 7], "texture": "#0"},
				"east": {"uv": [5, 6, 6, 7], "texture": "#0"},
				"west": {"uv": [5, 6, 6, 7], "texture": "#0"},
				"up": {"uv": [5, 6, 6, 7], "rotation": 270, "texture": "#0"}
			}
		},
		{
			"name": "root",
			"from": [8, 9, 6],
			"to": [9, 10, 7],
			"shade": false,
			"faces": {
				"east": {"uv": [6, 6, 7, 7], "texture": "#0"},
				"west": {"uv": [6, 6, 7, 7], "texture": "#0"},
				"up": {"uv": [6, 6, 7, 7], "rotation": 270, "texture": "#0"},
				"down": {"uv": [6, 6, 7, 7], "rotation": 90, "texture": "#0"}
			}
		},
		{
			"name": "root",
			"from": [8, 14, 11],
			"to": [9, 15, 12],
			"shade": false,
			"faces": {
				"east": {"uv": [11, 1, 12, 2], "texture": "#0"},
				"south": {"uv": [11, 1, 12, 2], "texture": "#0"},
				"west": {"uv": [11, 1, 12, 2], "texture": "#0"},
				"up": {"uv": [11, 1, 12, 2], "rotation": 270, "texture": "#0"}
			}
		},
		{
			"name": "root",
			"from": [8, 13, 11],
			"to": [9, 14, 12],
			"shade": false,
			"faces": {
				"north": {"uv": [11, 2, 12, 3], "texture": "#0"},
				"east": {"uv": [11, 2, 12, 3], "texture": "#0"},
				"south": {"uv": [11, 2, 12, 3], "texture": "#0"},
				"west": {"uv": [11, 2, 12, 3], "texture": "#0"}
			}
		},
		{
			"name": "root",
			"from": [8, 12, 11],
			"to": [9, 13, 12],
			"shade": false,
			"faces": {
				"north": {"uv": [11, 3, 12, 4], "texture": "#0"},
				"east": {"uv": [11, 3, 12, 4], "texture": "#0"},
				"west": {"uv": [11, 3, 12, 4], "texture": "#0"},
				"up": {"uv": [11, 3, 12, 4], "rotation": 270, "texture": "#0"}
			}
		},
		{
			"name": "root",
			"from": [8, 11, 11],
			"to": [9, 12, 12],
			"shade": false,
			"faces": {
				"east": {"uv": [11, 4, 12, 5], "texture": "#0"},
				"south": {"uv": [11, 4, 12, 5], "texture": "#0"},
				"west": {"uv": [11, 4, 12, 5], "texture": "#0"}
			}
		},
		{
			"name": "root",
			"from": [8, 10, 11],
			"to": [9, 11, 12],
			"shade": false,
			"faces": {
				"north": {"uv": [11, 5, 12, 6], "texture": "#0"},
				"east": {"uv": [11, 5, 12, 6], "texture": "#0"},
				"south": {"uv": [11, 5, 12, 6], "texture": "#0"},
				"west": {"uv": [11, 5, 12, 6], "texture": "#0"}
			}
		},
		{
			"name": "root",
			"from": [8, 9, 11],
			"to": [9, 10, 12],
			"shade": false,
			"faces": {
				"north": {"uv": [11, 6, 12, 7], "texture": "#0"},
				"east": {"uv": [11, 6, 12, 7], "texture": "#0"},
				"west": {"uv": [11, 6, 12, 7], "texture": "#0"},
				"down": {"uv": [11, 6, 12, 7], "rotation": 90, "texture": "#0"}
			}
		},
		{
			"name": "root",
			"from": [8, 12, 12],
			"to": [9, 13, 13],
			"shade": false,
			"faces": {
				"east": {"uv": [12, 3, 13, 4], "texture": "#0"},
				"south": {"uv": [12, 3, 13, 4], "texture": "#0"},
				"west": {"uv": [12, 3, 13, 4], "texture": "#0"},
				"up": {"uv": [12, 3, 13, 4], "rotation": 270, "texture": "#0"},
				"down": {"uv": [12, 3, 13, 4], "rotation": 90, "texture": "#0"}
			}
		},
		{
			"name": "root",
			"from": [8, 9, 12],
			"to": [9, 10, 13],
			"shade": false,
			"faces": {
				"east": {"uv": [12, 6, 13, 7], "texture": "#0"},
				"south": {"uv": [12, 6, 13, 7], "texture": "#0"},
				"west": {"uv": [12, 6, 13, 7], "texture": "#0"},
				"up": {"uv": [12, 6, 13, 7], "rotation": 270, "texture": "#0"}
			}
		},
		{
			"name": "root",
			"from": [8, 8, 12],
			"to": [9, 9, 13],
			"shade": false,
			"faces": {
				"north": {"uv": [12, 7, 13, 8], "texture": "#0"},
				"east": {"uv": [12, 7, 13, 8], "texture": "#0"},
				"west": {"uv": [12, 7, 13, 8], "texture": "#0"},
				"down": {"uv": [12, 7, 13, 8], "rotation": 90, "texture": "#0"}
			}
		},
		{
			"name": "root",
			"from": [8, 8, 13],
			"to": [9, 9, 14],
			"shade": false,
			"faces": {
				"east": {"uv": [13, 7, 14, 8], "texture": "#0"},
				"south": {"uv": [13, 7, 14, 8], "texture": "#0"},
				"west": {"uv": [13, 7, 14, 8], "texture": "#0"},
				"up": {"uv": [13, 7, 14, 8], "rotation": 270, "texture": "#0"}
			}
		},
		{
			"name": "root",
			"from": [8, 7, 13],
			"to": [9, 8, 14],
			"shade": false,
			"faces": {
				"north": {"uv": [13, 8, 14, 9], "texture": "#0"},
				"east": {"uv": [13, 8, 14, 9], "texture": "#0"},
				"south": {"uv": [13, 8, 14, 9], "texture": "#0"},
				"west": {"uv": [13, 8, 14, 9], "texture": "#0"},
				"down": {"uv": [13, 8, 14, 9], "rotation": 90, "texture": "#0"}
			}
		},
		{
			"name": "root",
			"from": [8, 13, 5],
			"to": [9, 14, 6],
			"shade": false,
			"faces": {
				"north": {"uv": [5, 2, 6, 3], "texture": "#0"},
				"east": {"uv": [5, 2, 6, 3], "texture": "#0"},
				"west": {"uv": [5, 2, 6, 3], "texture": "#0"},
				"up": {"uv": [5, 2, 6, 3], "rotation": 270, "texture": "#0"}
			}
		},
		{
			"name": "root",
			"from": [8, 12, 5],
			"to": [9, 13, 6],
			"shade": false,
			"faces": {
				"east": {"uv": [5, 3, 6, 4], "texture": "#0"},
				"south": {"uv": [5, 3, 6, 4], "texture": "#0"},
				"west": {"uv": [5, 3, 6, 4], "texture": "#0"},
				"down": {"uv": [5, 3, 6, 4], "rotation": 90, "texture": "#0"}
			}
		},
		{
			"name": "root",
			"from": [8, 14, 3],
			"to": [9, 15, 4],
			"shade": false,
			"faces": {
				"east": {"uv": [3, 1, 4, 2], "texture": "#0"},
				"south": {"uv": [3, 1, 4, 2], "texture": "#0"},
				"west": {"uv": [3, 1, 4, 2], "texture": "#0"},
				"up": {"uv": [3, 1, 4, 2], "rotation": 270, "texture": "#0"}
			}
		},
		{
			"name": "root",
			"from": [8, 14, 2],
			"to": [9, 15, 3],
			"shade": false,
			"faces": {
				"east": {"uv": [2, 1, 3, 2], "texture": "#0"},
				"west": {"uv": [2, 1, 3, 2], "texture": "#0"},
				"down": {"uv": [2, 1, 3, 2], "rotation": 90, "texture": "#0"}
			}
		},
		{
			"name": "root",
			"from": [8, 14, 1],
			"to": [9, 15, 2],
			"shade": false,
			"faces": {
				"north": {"uv": [1, 1, 2, 2], "texture": "#0"},
				"east": {"uv": [1, 1, 2, 2], "texture": "#0"},
				"west": {"uv": [1, 1, 2, 2], "texture": "#0"},
				"up": {"uv": [1, 1, 2, 2], "rotation": 270, "texture": "#0"},
				"down": {"uv": [1, 1, 2, 2], "rotation": 90, "texture": "#0"}
			}
		},
		{
			"name": "root",
			"from": [8, 5, 8],
			"to": [9, 6, 9],
			"shade": false,
			"faces": {
				"north": {"uv": [8, 10, 9, 11], "texture": "#0"},
				"east": {"uv": [8, 10, 9, 11], "texture": "#0"},
				"south": {"uv": [8, 10, 9, 11], "texture": "#0"},
				"west": {"uv": [8, 10, 9, 11], "texture": "#0"},
				"up": {"uv": [8, 10, 9, 11], "rotation": 270, "texture": "#0"},
				"down": {"uv": [8, 10, 9, 11], "rotation": 90, "texture": "#0"}
			}
		},
		{
			"name": "root",
			"from": [8, 11, 1],
			"to": [9, 12, 2],
			"shade": false,
			"faces": {
				"north": {"uv": [1, 4, 2, 5], "texture": "#0"},
				"east": {"uv": [1, 4, 2, 5], "texture": "#0"},
				"south": {"uv": [1, 4, 2, 5], "texture": "#0"},
				"west": {"uv": [1, 4, 2, 5], "texture": "#0"},
				"down": {"uv": [1, 4, 2, 5], "rotation": 90, "texture": "#0"}
			}
		},
		{
			"name": "root",
			"from": [8, 12, 1],
			"to": [9, 13, 2],
			"shade": false,
			"faces": {
				"north": {"uv": [1, 3, 2, 4], "texture": "#0"},
				"east": {"uv": [1, 3, 2, 4], "texture": "#0"},
				"west": {"uv": [1, 3, 2, 4], "texture": "#0"},
				"up": {"uv": [1, 3, 2, 4], "rotation": 270, "texture": "#0"}
			}
		},
		{
			"name": "root",
			"from": [8, 12, 2],
			"to": [9, 13, 3],
			"shade": false,
			"faces": {
				"east": {"uv": [2, 3, 3, 4], "texture": "#0"},
				"west": {"uv": [2, 3, 3, 4], "texture": "#0"},
				"up": {"uv": [2, 3, 3, 4], "rotation": 270, "texture": "#0"},
				"down": {"uv": [2, 3, 3, 4], "rotation": 90, "texture": "#0"}
			}
		},
		{
			"name": "root",
			"from": [8, 12, 3],
			"to": [9, 13, 4],
			"shade": false,
			"faces": {
				"east": {"uv": [3, 3, 4, 4], "texture": "#0"},
				"west": {"uv": [3, 3, 4, 4], "texture": "#0"},
				"down": {"uv": [3, 3, 4, 4], "rotation": 90, "texture": "#0"}
			}
		},
		{
			"name": "root",
			"from": [8, 12, 4],
			"to": [9, 13, 5],
			"shade": false,
			"faces": {
				"east": {"uv": [4, 3, 5, 4], "texture": "#0"},
				"west": {"uv": [4, 3, 5, 4], "texture": "#0"},
				"up": {"uv": [4, 3, 5, 4], "rotation": 270, "texture": "#0"}
			}
		},
		{
			"name": "root",
			"from": [8, 11, 4],
			"to": [9, 12, 5],
			"shade": false,
			"faces": {
				"north": {"uv": [4, 4, 5, 5], "texture": "#0"},
				"east": {"uv": [4, 4, 5, 5], "texture": "#0"},
				"south": {"uv": [4, 4, 5, 5], "texture": "#0"},
				"west": {"uv": [4, 4, 5, 5], "texture": "#0"}
			}
		},
		{
			"name": "root",
			"from": [8, 10, 4],
			"to": [9, 11, 5],
			"shade": false,
			"faces": {
				"east": {"uv": [4, 5, 5, 6], "texture": "#0"},
				"south": {"uv": [4, 5, 5, 6], "texture": "#0"},
				"west": {"uv": [4, 5, 5, 6], "texture": "#0"},
				"down": {"uv": [4, 5, 5, 6], "rotation": 90, "texture": "#0"}
			}
		},
		{
			"name": "root",
			"from": [8, 10, 3],
			"to": [9, 11, 4],
			"shade": false,
			"faces": {
				"north": {"uv": [3, 5, 4, 6], "texture": "#0"},
				"east": {"uv": [3, 5, 4, 6], "texture": "#0"},
				"west": {"uv": [3, 5, 4, 6], "texture": "#0"},
				"up": {"uv": [3, 5, 4, 6], "rotation": 270, "texture": "#0"}
			}
		},
		{
			"name": "root",
			"from": [8, 9, 3],
			"to": [9, 10, 4],
			"shade": false,
			"faces": {
				"east": {"uv": [3, 6, 4, 7], "texture": "#0"},
				"south": {"uv": [3, 6, 4, 7], "texture": "#0"},
				"west": {"uv": [3, 6, 4, 7], "texture": "#0"},
				"down": {"uv": [3, 6, 4, 7], "rotation": 90, "texture": "#0"}
			}
		},
		{
			"name": "root",
			"from": [8, 9, 2],
			"to": [9, 10, 3],
			"shade": false,
			"faces": {
				"north": {"uv": [2, 6, 3, 7], "texture": "#0"},
				"east": {"uv": [2, 6, 3, 7], "texture": "#0"},
				"west": {"uv": [2, 6, 3, 7], "texture": "#0"},
				"up": {"uv": [2, 6, 3, 7], "rotation": 270, "texture": "#0"}
			}
		},
		{
			"name": "root",
			"from": [8, 8, 2],
			"to": [9, 9, 3],
			"shade": false,
			"faces": {
				"north": {"uv": [2, 7, 3, 8], "texture": "#0"},
				"east": {"uv": [2, 7, 3, 8], "texture": "#0"},
				"south": {"uv": [2, 7, 3, 8], "texture": "#0"},
				"west": {"uv": [2, 7, 3, 8], "texture": "#0"},
				"down": {"uv": [2, 7, 3, 8], "rotation": 90, "texture": "#0"}
			}
		}
	],
	"gui_light": "front",
	"display": {
		"thirdperson_righthand": {
			"rotation": [90, 45, 0],
			"translation": [0, -1.75, -4],
			"scale": [0.5, 0.5, 0.5]
		},
		"firstperson_righthand": {
			"rotation": [-160, 90, -15],
			"translation": [-0.25, 3.75, 0],
			"scale": [0.5, 0.5, 0.5]
		},
		"ground": {
			"translation": [0, -1, 0],
			"scale": [0.75, 0.75, 0.75]
		},
		"gui": {
			"rotation": [0, -1, 0]
		},
		"head": {
			"rotation": [-180, 45, 0],
			"translation": [0, 14.5, 0]
		},
		"fixed": {
			"rotation": [0, -180, 0],
			"translation": [0, 0, -0.01]
		}
	},
	"groups": [
		{
			"name": "CROSS ROOTS",
			"origin": [8, 8, 8],
			"color": 0,
			"shade": false,
			"children": [
				{
					"name": "ROOTS",
					"origin": [0, 0, 0],
					"color": 0,
					"shade": false,
					"children": [0, 1, 2, 3, 4, 5, 6, 7, 8, 9, 10, 11, 12, 13, 14, 15, 16, 17, 18, 19, 20, 21, 22, 23, 24, 25, 26, 27, 28, 29, 30, 31, 32, 33, 34, 35, 36, 37, 38, 39, 40, 41, 42, 43, 44, 45, 46, 47, 48, 49, 50, 51, 52, 53, 54, 55, 56, 57, 58, 59, 60, 61, 62, 63, 64, 65, 66, 67]
				},
				{
					"name": "ROOTS",
					"origin": [0, 0, 0],
					"color": 0,
					"shade": false,
					"children": [68, 69, 70, 71, 72, 73, 74, 75, 76, 77, 78, 79, 80, 81, 82, 83, 84, 85, 86, 87, 88, 89, 90, 91, 92, 93, 94, 95, 96, 97, 98, 99, 100, 101, 102, 103, 104, 105, 106, 107, 108, 109, 110, 111, 112, 113, 114, 115, 116, 117, 118, 119, 120, 121, 122, 123, 124, 125, 126, 127, 128, 129, 130, 131, 132, 133]
				}
			]
		}
	]
}