{
	"credit": "Made by Ecorn",
	"textures": {
		"0": "block/oak_door_bottom",
		"particle": "block/oak_door_bottom"
	},
	"elements": [
		{
			"from": [0, 0, 13],
			"to": [3, 16, 16],
			"faces": {
				"north": {"uv": [13, 0, 15, 16], "texture": "#0"},
				"east": {"uv": [0, 0, 3, 16], "texture": "#0"},
				"south": {"uv": [0, 0, 3, 16], "texture": "#0"},
				"west": {"uv": [3, 0, 0, 16], "texture": "#0"},
				"up": {"uv": [0, 0, 3, 3], "rotation": 180, "texture": "#0"},
				"down": {"uv": [9, 0, 12, 3], "rotation": 180, "texture": "#0"}
			}
		},
		{
			"from": [0, 0, 0],
			"to": [3, 16, 3],
			"faces": {
				"north": {"uv": [13, 0, 16, 16], "texture": "#0"},
				"east": {"uv": [13, 0, 16, 16], "texture": "#0"},
				"south": {"uv": [13, 0, 11, 16], "texture": "#0"},
				"west": {"uv": [16, 0, 13, 16], "texture": "#0"},
				"up": {"uv": [13, 0, 16, 3], "rotation": 180, "texture": "#0"},
				"down": {"uv": [13, 0, 16, 3], "rotation": 180, "texture": "#0"}
			}
		},
		{
			"from": [0, 0, 3],
			"to": [3, 3, 7],
			"faces": {
				"east": {"uv": [9, 13, 13, 16], "texture": "#0"},
				"west": {"uv": [13, 13, 9, 16], "texture": "#0"},
				"up": {"uv": [9, 12, 13, 14], "rotation": 270, "texture": "#0"},
				"down": {"uv": [8, 3, 4, 0], "rotation": 270, "texture": "#0"}
			}
		},
		{
			"from": [0, 0, 9],
			"to": [3, 3, 13],
			"faces": {
				"east": {"uv": [3, 13, 7, 16], "texture": "#0"},
				"west": {"uv": [7, 13, 3, 16], "texture": "#0"},
				"up": {"uv": [3, 12, 7, 14], "rotation": 270, "texture": "#0"},
				"down": {"uv": [8, 3, 4, 0], "rotation": 270, "texture": "#0"}
			}
		},
		{
			"from": [0, 6, 9],
			"to": [3, 9, 13],
			"faces": {
				"east": {"uv": [7, 7, 3, 10], "texture": "#0"},
				"west": {"uv": [7, 7, 3, 10], "texture": "#0"},
				"up": {"uv": [3, 5, 7, 7], "rotation": 270, "texture": "#0"},
				"down": {"uv": [8, 3, 4, 0], "rotation": 270, "texture": "#0"}
			}
		},
		{
			"from": [0, 6, 3],
			"to": [3, 9, 7],
			"faces": {
				"east": {"uv": [13, 7, 9, 10], "texture": "#0"},
				"west": {"uv": [13, 7, 9, 10], "texture": "#0"},
				"up": {"uv": [9, 5, 13, 7], "rotation": 270, "texture": "#0"},
				"down": {"uv": [8, 3, 4, 0], "rotation": 270, "texture": "#0"}
			}
		},
		{
			"from": [0, 12, 3],
			"to": [3, 16, 7],
			"faces": {
				"east": {"uv": [9, 0, 13, 4], "texture": "#0"},
				"west": {"uv": [13, 0, 9, 4], "texture": "#0"},
				"up": {"uv": [13, 0, 9, 3], "rotation": 270, "texture": "#0"},
				"down": {"uv": [8, 3, 4, 0], "rotation": 270, "texture": "#0"}
			}
		},
		{
			"from": [0, 12, 9],
			"to": [3, 16, 13],
			"faces": {
				"east": {"uv": [3, 0, 7, 4], "texture": "#0"},
				"west": {"uv": [7, 0, 3, 4], "texture": "#0"},
				"up": {"uv": [7, 1, 3, 3], "rotation": 270, "texture": "#0"},
				"down": {"uv": [8, 3, 4, 0], "rotation": 270, "texture": "#0"}
			}
		},
		{
			"from": [0, 0, 7],
			"to": [3, 16, 9],
			"faces": {
				"north": {"uv": [7, 0, 9, 16], "texture": "#0"},
				"east": {"uv": [7, 0, 9, 16], "texture": "#0"},
				"south": {"uv": [9, 0, 7, 16], "texture": "#0"},
				"west": {"uv": [9, 0, 7, 16], "texture": "#0"},
				"up": {"uv": [7, 0, 9, 3], "rotation": 270, "texture": "#0"},
				"down": {"uv": [7, 0, 9, 3], "rotation": 270, "texture": "#0"}
			}
		},
		{
			"from": [1, 3, 9],
			"to": [2.25, 6, 13],
			"faces": {
				"east": {"uv": [9, 10, 13, 13], "texture": "#0"},
				"west": {"uv": [13, 10, 9, 13], "texture": "#0"}
			}
		},
		{
			"from": [0.75, 3, 3],
			"to": [2.25, 6, 7],
			"faces": {
				"east": {"uv": [9, 10, 13, 13], "texture": "#0"},
				"west": {"uv": [13, 10, 9, 13], "texture": "#0"}
			}
		},
		{
			"from": [0.75, 9, 3],
			"to": [2.25, 12, 7],
			"faces": {
				"east": {"uv": [9, 10, 13, 13], "texture": "#0"},
				"west": {"uv": [13, 10, 9, 13], "texture": "#0"}
			}
		},
		{
			"from": [1, 9, 9],
			"to": [2.25, 12, 13],
			"faces": {
				"east": {"uv": [9, 10, 13, 13], "texture": "#0"},
				"west": {"uv": [13, 10, 9, 13], "texture": "#0"}
			}
		}
	]
}