{
	"credit": "Made by Ecorn",
	"parent": "minecraft:block/door_bottom_rh",
	"textures": {
		"particle": "block/warped_door_bottom",
		"bottom": "block/warped_door_bottom"
	},
	"elements": [
		{
			"from": [-0.5, 15, 11],
			"to": [0, 16, 14],
			"faces": {
				"north": {"uv": [11, 0, 14, 1], "texture": "#bottom"},
				"south": {"uv": [11, 0, 14, 1], "texture": "#bottom"},
				"west": {"uv": [11, 0, 14, 1], "texture": "#bottom"},
				"up": {"uv": [11, 0, 14, 1], "rotation": 270, "texture": "#bottom"},
				"down": {"uv": [11, 0, 14, 1], "rotation": 90, "texture": "#bottom"}
			}
		},
		{
			"from": [0, 15, 11],
			"to": [1, 16, 12],
			"faces": {
				"up": {"uv": [11, 0, 14, 1], "rotation": 270, "texture": "#bottom"},
				"down": {"uv": [11, 0, 14, 1], "rotation": 90, "texture": "#bottom"}
			}
		},
		{
			"from": [2, 15, 11],
			"to": [3, 16, 12],
			"faces": {
				"up": {"uv": [11, 0, 14, 1], "rotation": 270, "texture": "#bottom"},
				"down": {"uv": [11, 0, 14, 1], "rotation": 90, "texture": "#bottom"}
			}
		},
		{
			"from": [3, 15, 11],
			"to": [3.5, 16, 14],
			"faces": {
				"north": {"uv": [11, 0, 14, 1], "texture": "#bottom"},
				"east": {"uv": [11, 0, 14, 1], "texture": "#bottom"},
				"south": {"uv": [11, 0, 14, 1], "texture": "#bottom"},
				"up": {"uv": [11, 0, 14, 1], "rotation": 270, "texture": "#bottom"},
				"down": {"uv": [11, 0, 14, 1], "rotation": 90, "texture": "#bottom"}
			}
		},
		{
			"from": [0, 0, 12],
			"to": [3, 16, 16],
			"faces": {
				"north": {"uv": [12, 0, 13, 16], "texture": "#bottom"},
				"east": {"uv": [16, 0, 12, 16], "texture": "#bottom"},
				"south": {"uv": [2, 0, 5, 16], "texture": "#bottom"},
				"west": {"uv": [12, 0, 16, 16], "texture": "#bottom"},
				"up": {"uv": [12, 0, 16, 3], "rotation": 270, "texture": "#bottom"},
				"down": {"uv": [12, 0, 16, 3], "rotation": 90, "texture": "#bottom"}
			}
		},
		{
			"from": [0, 0, 5],
			"to": [3, 16, 11],
			"faces": {
				"north": {"uv": [5, 0, 6, 16], "texture": "#bottom"},
				"east": {"uv": [11, 0, 5, 16], "texture": "#bottom"},
				"south": {"uv": [10, 0, 11, 16], "texture": "#bottom"},
				"west": {"uv": [5, 0, 11, 16], "texture": "#bottom"},
				"up": {"uv": [5, 0, 11, 4], "rotation": 270, "texture": "#bottom"},
				"down": {"uv": [5, 0, 11, 3], "rotation": 90, "texture": "#bottom"}
			}
		},
		{
			"from": [0, 0, 0],
			"to": [3, 16, 4],
			"faces": {
				"north": {"uv": [3, 0, 0, 16], "texture": "#bottom"},
				"east": {"uv": [4, 0, 0, 16], "texture": "#bottom"},
				"south": {"uv": [3, 0, 4, 16], "texture": "#bottom"},
				"west": {"uv": [0, 0, 4, 16], "texture": "#bottom"},
				"up": {"uv": [0, 0, 4, 3], "rotation": 270, "texture": "#bottom"},
				"down": {"uv": [0, 0, 4, 3], "rotation": 90, "texture": "#bottom"}
			}
		},
		{
			"from": [1, 0, 11],
			"to": [2, 16, 12],
			"faces": {
				"north": {"uv": [0, 0, 0, 0], "texture": "#bottom"},
				"east": {"uv": [11, 0, 12, 16], "texture": "#bottom"},
				"south": {"uv": [0, 0, 0, 0], "texture": "#bottom"},
				"west": {"uv": [11, 0, 12, 16], "texture": "#bottom"},
				"up": {"uv": [0, 0, 1, 1], "rotation": 270, "texture": "#bottom"},
				"down": {"uv": [11, 1, 12, 2], "rotation": 90, "texture": "#bottom"}
			}
		},
		{
			"from": [1, 0, 4],
			"to": [2, 16, 5],
			"faces": {
				"north": {"uv": [0, 0, 0, 0], "texture": "#bottom"},
				"east": {"uv": [4, 0, 5, 16], "texture": "#bottom"},
				"south": {"uv": [0, 0, 0, 0], "texture": "#bottom"},
				"west": {"uv": [4, 0, 5, 16], "texture": "#bottom"},
				"up": {"uv": [0, 0, 1, 1], "rotation": 270, "texture": "#bottom"},
				"down": {"uv": [4, 1, 5, 2], "rotation": 90, "texture": "#bottom"}
			}
		},
		{
			"from": [-0.5, 4, 15],
			"to": [0, 5, 16],
			"faces": {
				"north": {"uv": [15, 11, 16, 12], "texture": "#bottom"},
				"south": {"uv": [15, 11, 16, 12], "texture": "#bottom"},
				"west": {"uv": [15, 11, 16, 12], "texture": "#bottom"},
				"up": {"uv": [15, 11, 16, 12], "rotation": 270, "texture": "#bottom"},
				"down": {"uv": [15, 11, 16, 12], "rotation": 90, "texture": "#bottom"}
			}
		},
		{
			"from": [-0.5, 5, 13],
			"to": [0, 6, 15],
			"faces": {
				"north": {"uv": [13, 10, 14, 11], "texture": "#bottom"},
				"south": {"uv": [13, 10, 15, 11], "texture": "#bottom"},
				"west": {"uv": [13, 10, 15, 11], "texture": "#bottom"},
				"up": {"uv": [13, 10, 15, 11], "rotation": 90, "texture": "#bottom"},
				"down": {"uv": [13, 10, 15, 11], "rotation": 270, "texture": "#bottom"}
			}
		},
		{
			"from": [-0.5, 3, 12],
			"to": [0, 5, 13],
			"faces": {
				"north": {"uv": [12, 11, 13, 13], "texture": "#bottom"},
				"south": {"uv": [12, 11, 13, 13], "texture": "#bottom"},
				"west": {"uv": [12, 11, 13, 13], "texture": "#bottom"},
				"up": {"uv": [12, 11, 13, 12], "rotation": 90, "texture": "#bottom"},
				"down": {"uv": [12, 12, 13, 13], "rotation": 270, "texture": "#bottom"}
			}
		},
		{
			"from": [0.5, 2, 11],
			"to": [1, 3, 12],
			"faces": {
				"west": {"uv": [11, 13, 12, 14], "texture": "#bottom"},
				"up": {"uv": [11, 13, 12, 14], "rotation": 270, "texture": "#bottom"},
				"down": {"uv": [11, 13, 12, 14], "rotation": 90, "texture": "#bottom"}
			}
		},
		{
			"from": [-0.5, 2, 10],
			"to": [0, 3, 11],
			"faces": {
				"north": {"uv": [10, 13, 11, 14], "texture": "#bottom"},
				"south": {"uv": [10, 13, 11, 14], "texture": "#bottom"},
				"west": {"uv": [10, 13, 11, 14], "texture": "#bottom"},
				"up": {"uv": [10, 13, 11, 14], "rotation": 270, "texture": "#bottom"},
				"down": {"uv": [10, 13, 11, 14], "rotation": 90, "texture": "#bottom"}
			}
		},
		{
			"from": [-0.5, 1, 9],
			"to": [0, 2, 10],
			"faces": {
				"north": {"uv": [9, 14, 10, 15], "texture": "#bottom"},
				"south": {"uv": [9, 14, 10, 15], "texture": "#bottom"},
				"west": {"uv": [9, 14, 10, 15], "texture": "#bottom"},
				"up": {"uv": [9, 14, 10, 15], "rotation": 270, "texture": "#bottom"},
				"down": {"uv": [9, 14, 10, 15], "rotation": 90, "texture": "#bottom"}
			}
		},
		{
			"from": [-0.5, 9, 14],
			"to": [0, 10, 16],
			"faces": {
				"north": {"uv": [14, 6, 15, 7], "texture": "#bottom"},
				"south": {"uv": [14, 6, 15, 7], "texture": "#bottom"},
				"west": {"uv": [14, 6, 16, 7], "texture": "#bottom"},
				"up": {"uv": [14, 6, 16, 7], "rotation": 270, "texture": "#bottom"},
				"down": {"uv": [14, 6, 16, 7], "rotation": 90, "texture": "#bottom"}
			}
		},
		{
			"from": [-0.5, 10, 12],
			"to": [0, 11, 14],
			"faces": {
				"north": {"uv": [12, 5, 14, 6], "texture": "#bottom"},
				"south": {"uv": [12, 5, 14, 6], "texture": "#bottom"},
				"west": {"uv": [12, 5, 14, 6], "texture": "#bottom"},
				"up": {"uv": [12, 5, 14, 6], "rotation": 270, "texture": "#bottom"},
				"down": {"uv": [12, 5, 14, 6], "rotation": 90, "texture": "#bottom"}
			}
		},
		{
			"from": [0.5, 9, 11],
			"to": [1, 10, 12],
			"faces": {
				"west": {"uv": [11, 6, 12, 7], "texture": "#bottom"},
				"up": {"uv": [11, 6, 12, 7], "rotation": 270, "texture": "#bottom"},
				"down": {"uv": [11, 6, 12, 7], "rotation": 90, "texture": "#bottom"}
			}
		},
		{
			"from": [-0.5, 6, 10],
			"to": [0, 9, 11],
			"faces": {
				"north": {"uv": [10, 7, 11, 10], "texture": "#bottom"},
				"south": {"uv": [10, 7, 11, 10], "texture": "#bottom"},
				"west": {"uv": [10, 7, 11, 10], "texture": "#bottom"},
				"up": {"uv": [10, 7, 11, 8], "rotation": 270, "texture": "#bottom"},
				"down": {"uv": [10, 9, 11, 10], "rotation": 90, "texture": "#bottom"}
			}
		},
		{
			"from": [-0.5, 5, 9],
			"to": [0, 6, 10],
			"faces": {
				"north": {"uv": [9, 10, 10, 11], "texture": "#bottom"},
				"south": {"uv": [9, 10, 10, 11], "texture": "#bottom"},
				"west": {"uv": [9, 10, 10, 11], "texture": "#bottom"},
				"up": {"uv": [9, 10, 10, 11], "rotation": 270, "texture": "#bottom"},
				"down": {"uv": [9, 10, 10, 11], "rotation": 90, "texture": "#bottom"}
			}
		},
		{
			"from": [-0.5, 4, 7],
			"to": [0, 5, 9],
			"faces": {
				"north": {"uv": [7, 11, 8, 12], "texture": "#bottom"},
				"south": {"uv": [8, 11, 9, 12], "texture": "#bottom"},
				"west": {"uv": [7, 11, 9, 12], "texture": "#bottom"},
				"up": {"uv": [7, 11, 9, 12], "rotation": 90, "texture": "#bottom"},
				"down": {"uv": [7, 11, 9, 12], "rotation": 270, "texture": "#bottom"}
			}
		},
		{
			"from": [-0.5, 5, 5],
			"to": [0, 6, 7],
			"faces": {
				"north": {"uv": [5, 10, 7, 11], "texture": "#bottom"},
				"south": {"uv": [5, 10, 7, 11], "texture": "#bottom"},
				"west": {"uv": [5, 10, 7, 11], "texture": "#bottom"},
				"up": {"uv": [5, 10, 7, 11], "rotation": 270, "texture": "#bottom"},
				"down": {"uv": [5, 10, 7, 11], "rotation": 90, "texture": "#bottom"}
			}
		},
		{
			"from": [0.5, 6, 4],
			"to": [1, 8, 5],
			"faces": {
				"west": {"uv": [4, 8, 5, 10], "texture": "#bottom"},
				"up": {"uv": [4, 8, 5, 10], "rotation": 270, "texture": "#bottom"},
				"down": {"uv": [4, 8, 5, 10], "rotation": 90, "texture": "#bottom"}
			}
		},
		{
			"from": [-0.5, 8, 2],
			"to": [0, 9, 4],
			"faces": {
				"north": {"uv": [2, 7, 4, 8], "texture": "#bottom"},
				"south": {"uv": [2, 7, 4, 8], "texture": "#bottom"},
				"west": {"uv": [2, 7, 4, 8], "texture": "#bottom"},
				"up": {"uv": [2, 7, 4, 8], "rotation": 270, "texture": "#bottom"},
				"down": {"uv": [2, 7, 4, 8], "rotation": 90, "texture": "#bottom"}
			}
		},
		{
			"from": [-0.5, 7, 1],
			"to": [0, 8, 2],
			"faces": {
				"north": {"uv": [1, 8, 2, 9], "texture": "#bottom"},
				"south": {"uv": [1, 8, 2, 9], "texture": "#bottom"},
				"west": {"uv": [1, 8, 2, 9], "texture": "#bottom"},
				"up": {"uv": [1, 8, 2, 9], "rotation": 270, "texture": "#bottom"},
				"down": {"uv": [1, 8, 2, 9], "rotation": 90, "texture": "#bottom"}
			}
		},
		{
			"from": [-0.5, 6, 0],
			"to": [0, 7, 1],
			"faces": {
				"north": {"uv": [0, 9, 1, 10], "texture": "#bottom"},
				"south": {"uv": [0, 9, 1, 10], "texture": "#bottom"},
				"west": {"uv": [0, 9, 1, 10], "texture": "#bottom"},
				"up": {"uv": [0, 9, 1, 10], "rotation": 270, "texture": "#bottom"},
				"down": {"uv": [0, 9, 1, 10], "rotation": 90, "texture": "#bottom"}
			}
		},
		{
			"from": [-0.5, 11, 0],
			"to": [0, 14, 1],
			"faces": {
				"north": {"uv": [0, 2, 1, 4], "texture": "#bottom"},
				"south": {"uv": [0, 2, 1, 4], "texture": "#bottom"},
				"west": {"uv": [0, 2, 1, 4], "texture": "#bottom"},
				"up": {"uv": [0, 2, 1, 4], "rotation": 270, "texture": "#bottom"},
				"down": {"uv": [0, 2, 1, 4], "rotation": 90, "texture": "#bottom"}
			}
		},
		{
			"from": [-0.5, 14, 1],
			"to": [0, 15, 2],
			"faces": {
				"north": {"uv": [1, 1, 2, 2], "texture": "#bottom"},
				"south": {"uv": [1, 1, 2, 2], "texture": "#bottom"},
				"west": {"uv": [1, 1, 2, 2], "texture": "#bottom"},
				"up": {"uv": [1, 1, 2, 2], "rotation": 270, "texture": "#bottom"},
				"down": {"uv": [1, 1, 2, 2], "rotation": 90, "texture": "#bottom"}
			}
		},
		{
			"from": [-0.5, 15, 2],
			"to": [0, 16, 4],
			"faces": {
				"north": {"uv": [2, 0, 3, 1], "texture": "#bottom"},
				"south": {"uv": [3, 0, 4, 1], "texture": "#bottom"},
				"west": {"uv": [2, 0, 4, 1], "texture": "#bottom"},
				"up": {"uv": [2, 0, 4, 1], "rotation": 90, "texture": "#bottom"},
				"down": {"uv": [2, 0, 4, 1], "rotation": 270, "texture": "#bottom"}
			}
		},
		{
			"from": [0.5, 14, 4],
			"to": [1, 15, 5],
			"faces": {
				"west": {"uv": [4, 1, 6, 2], "texture": "#bottom"},
				"up": {"uv": [4, 1, 6, 2], "rotation": 270, "texture": "#bottom"},
				"down": {"uv": [4, 1, 6, 2], "rotation": 90, "texture": "#bottom"}
			}
		},
		{
			"from": [-0.5, 14, 5],
			"to": [0, 15, 6],
			"faces": {
				"north": {"uv": [4, 1, 6, 2], "texture": "#bottom"},
				"south": {"uv": [4, 1, 6, 2], "texture": "#bottom"},
				"west": {"uv": [4, 1, 6, 2], "texture": "#bottom"},
				"up": {"uv": [4, 1, 6, 2], "rotation": 270, "texture": "#bottom"},
				"down": {"uv": [4, 1, 6, 2], "rotation": 90, "texture": "#bottom"}
			}
		},
		{
			"from": [-0.5, 15, 6],
			"to": [0, 16, 7],
			"faces": {
				"north": {"uv": [6, 0, 7, 1], "texture": "#bottom"},
				"south": {"uv": [6, 0, 7, 1], "texture": "#bottom"},
				"west": {"uv": [6, 0, 7, 1], "texture": "#bottom"},
				"up": {"uv": [6, 0, 7, 1], "rotation": 270, "texture": "#bottom"},
				"down": {"uv": [6, 0, 7, 1], "rotation": 90, "texture": "#bottom"}
			}
		},
		{
			"from": [3, 15, 6],
			"to": [3.5, 16, 7],
			"faces": {
				"north": {"uv": [6, 0, 7, 1], "texture": "#bottom"},
				"east": {"uv": [6, 0, 7, 1], "texture": "#bottom"},
				"south": {"uv": [6, 0, 7, 1], "texture": "#bottom"},
				"up": {"uv": [6, 0, 7, 1], "rotation": 270, "texture": "#bottom"},
				"down": {"uv": [6, 0, 7, 1], "rotation": 90, "texture": "#bottom"}
			}
		},
		{
			"from": [3, 14, 5],
			"to": [3.5, 15, 6],
			"faces": {
				"north": {"uv": [4, 1, 6, 2], "texture": "#bottom"},
				"east": {"uv": [4, 1, 6, 2], "texture": "#bottom"},
				"south": {"uv": [4, 1, 6, 2], "texture": "#bottom"},
				"up": {"uv": [4, 1, 6, 2], "rotation": 270, "texture": "#bottom"},
				"down": {"uv": [4, 1, 6, 2], "rotation": 90, "texture": "#bottom"}
			}
		},
		{
			"from": [2, 14, 4],
			"to": [2.5, 15, 5],
			"faces": {
				"east": {"uv": [4, 1, 6, 2], "texture": "#bottom"},
				"up": {"uv": [4, 1, 6, 2], "rotation": 270, "texture": "#bottom"},
				"down": {"uv": [4, 1, 6, 2], "rotation": 90, "texture": "#bottom"}
			}
		},
		{
			"from": [3, 15, 2],
			"to": [3.5, 16, 4],
			"faces": {
				"north": {"uv": [2, 0, 3, 1], "texture": "#bottom"},
				"east": {"uv": [4, 0, 2, 1], "texture": "#bottom"},
				"south": {"uv": [3, 0, 4, 1], "texture": "#bottom"},
				"up": {"uv": [2, 0, 4, 1], "rotation": 90, "texture": "#bottom"},
				"down": {"uv": [2, 0, 4, 1], "rotation": 270, "texture": "#bottom"}
			}
		},
		{
			"from": [3, 14, 1],
			"to": [3.5, 15, 2],
			"faces": {
				"north": {"uv": [1, 1, 2, 2], "texture": "#bottom"},
				"east": {"uv": [1, 1, 2, 2], "texture": "#bottom"},
				"south": {"uv": [1, 1, 2, 2], "texture": "#bottom"},
				"up": {"uv": [1, 1, 2, 2], "rotation": 270, "texture": "#bottom"},
				"down": {"uv": [1, 1, 2, 2], "rotation": 90, "texture": "#bottom"}
			}
		},
		{
			"from": [3, 11, 0],
			"to": [3.5, 14, 1],
			"faces": {
				"north": {"uv": [0, 2, 1, 4], "texture": "#bottom"},
				"east": {"uv": [0, 2, 1, 4], "texture": "#bottom"},
				"south": {"uv": [0, 2, 1, 4], "texture": "#bottom"},
				"up": {"uv": [0, 2, 1, 4], "rotation": 270, "texture": "#bottom"},
				"down": {"uv": [0, 2, 1, 4], "rotation": 90, "texture": "#bottom"}
			}
		},
		{
			"from": [3, 6, 0],
			"to": [3.5, 7, 1],
			"faces": {
				"north": {"uv": [0, 9, 1, 10], "texture": "#bottom"},
				"east": {"uv": [0, 9, 1, 10], "texture": "#bottom"},
				"south": {"uv": [0, 9, 1, 10], "texture": "#bottom"},
				"up": {"uv": [0, 9, 1, 10], "rotation": 270, "texture": "#bottom"},
				"down": {"uv": [0, 9, 1, 10], "rotation": 90, "texture": "#bottom"}
			}
		},
		{
			"from": [3, 7, 1],
			"to": [3.5, 8, 2],
			"faces": {
				"north": {"uv": [1, 8, 2, 9], "texture": "#bottom"},
				"east": {"uv": [1, 8, 2, 9], "texture": "#bottom"},
				"south": {"uv": [1, 8, 2, 9], "texture": "#bottom"},
				"up": {"uv": [1, 8, 2, 9], "rotation": 270, "texture": "#bottom"},
				"down": {"uv": [1, 8, 2, 9], "rotation": 90, "texture": "#bottom"}
			}
		},
		{
			"from": [3, 8, 2],
			"to": [3.5, 9, 4],
			"faces": {
				"north": {"uv": [2, 7, 4, 8], "texture": "#bottom"},
				"east": {"uv": [2, 7, 4, 8], "texture": "#bottom"},
				"south": {"uv": [2, 7, 4, 8], "texture": "#bottom"},
				"up": {"uv": [2, 7, 4, 8], "rotation": 270, "texture": "#bottom"},
				"down": {"uv": [2, 7, 4, 8], "rotation": 90, "texture": "#bottom"}
			}
		},
		{
			"from": [2, 6, 4],
			"to": [2.5, 8, 5],
			"faces": {
				"east": {"uv": [4, 8, 5, 10], "texture": "#bottom"},
				"up": {"uv": [4, 8, 5, 10], "rotation": 270, "texture": "#bottom"},
				"down": {"uv": [4, 8, 5, 10], "rotation": 90, "texture": "#bottom"}
			}
		},
		{
			"from": [3, 5, 5],
			"to": [3.5, 6, 7],
			"faces": {
				"north": {"uv": [5, 10, 7, 11], "texture": "#bottom"},
				"east": {"uv": [5, 10, 7, 11], "texture": "#bottom"},
				"south": {"uv": [5, 10, 7, 11], "texture": "#bottom"},
				"up": {"uv": [5, 10, 7, 11], "rotation": 270, "texture": "#bottom"},
				"down": {"uv": [5, 10, 7, 11], "rotation": 90, "texture": "#bottom"}
			}
		},
		{
			"from": [3, 4, 7],
			"to": [3.5, 5, 9],
			"faces": {
				"north": {"uv": [7, 11, 8, 12], "texture": "#bottom"},
				"east": {"uv": [9, 11, 7, 12], "texture": "#bottom"},
				"south": {"uv": [8, 11, 9, 12], "texture": "#bottom"},
				"up": {"uv": [7, 11, 9, 12], "rotation": 90, "texture": "#bottom"},
				"down": {"uv": [7, 11, 9, 12], "rotation": 270, "texture": "#bottom"}
			}
		},
		{
			"from": [3, 5, 9],
			"to": [3.5, 6, 10],
			"faces": {
				"north": {"uv": [9, 10, 10, 11], "texture": "#bottom"},
				"east": {"uv": [9, 10, 10, 11], "texture": "#bottom"},
				"south": {"uv": [9, 10, 10, 11], "texture": "#bottom"},
				"up": {"uv": [9, 10, 10, 11], "rotation": 270, "texture": "#bottom"},
				"down": {"uv": [9, 10, 10, 11], "rotation": 90, "texture": "#bottom"}
			}
		},
		{
			"from": [3, 6, 10],
			"to": [3.5, 9, 11],
			"faces": {
				"north": {"uv": [10, 7, 11, 10], "texture": "#bottom"},
				"east": {"uv": [10, 7, 11, 10], "texture": "#bottom"},
				"south": {"uv": [10, 7, 11, 10], "texture": "#bottom"},
				"west": {"uv": [0, 0, 0, 0], "texture": "#bottom"},
				"up": {"uv": [10, 7, 11, 8], "rotation": 270, "texture": "#bottom"},
				"down": {"uv": [10, 9, 11, 10], "rotation": 90, "texture": "#bottom"}
			}
		},
		{
			"from": [2, 9, 11],
			"to": [2.5, 10, 12],
			"faces": {
				"east": {"uv": [11, 6, 12, 7], "texture": "#bottom"},
				"up": {"uv": [11, 6, 12, 7], "rotation": 270, "texture": "#bottom"},
				"down": {"uv": [11, 6, 12, 7], "rotation": 90, "texture": "#bottom"}
			}
		},
		{
			"from": [3, 10, 12],
			"to": [3.5, 11, 14],
			"faces": {
				"north": {"uv": [12, 5, 14, 6], "texture": "#bottom"},
				"east": {"uv": [12, 5, 14, 6], "texture": "#bottom"},
				"south": {"uv": [12, 5, 14, 6], "texture": "#bottom"},
				"up": {"uv": [12, 5, 14, 6], "rotation": 270, "texture": "#bottom"},
				"down": {"uv": [12, 5, 14, 6], "rotation": 90, "texture": "#bottom"}
			}
		},
		{
			"from": [3, 9, 14],
			"to": [3.5, 10, 16],
			"faces": {
				"north": {"uv": [15, 6, 16, 7], "texture": "#bottom"},
				"east": {"uv": [14, 6, 16, 7], "texture": "#bottom"},
				"south": {"uv": [14, 6, 15, 7], "texture": "#bottom"},
				"up": {"uv": [14, 6, 16, 7], "rotation": 270, "texture": "#bottom"},
				"down": {"uv": [14, 6, 16, 7], "rotation": 90, "texture": "#bottom"}
			}
		},
		{
			"from": [3, 1, 9],
			"to": [3.5, 2, 10],
			"faces": {
				"north": {"uv": [9, 14, 10, 15], "texture": "#bottom"},
				"east": {"uv": [9, 14, 10, 15], "texture": "#bottom"},
				"south": {"uv": [9, 14, 10, 15], "texture": "#bottom"},
				"up": {"uv": [9, 14, 10, 15], "rotation": 270, "texture": "#bottom"},
				"down": {"uv": [9, 14, 10, 15], "rotation": 90, "texture": "#bottom"}
			}
		},
		{
			"from": [3, 2, 10],
			"to": [3.5, 3, 11],
			"faces": {
				"north": {"uv": [10, 13, 11, 14], "texture": "#bottom"},
				"east": {"uv": [10, 13, 11, 14], "texture": "#bottom"},
				"south": {"uv": [10, 13, 11, 14], "texture": "#bottom"},
				"up": {"uv": [10, 13, 11, 14], "rotation": 270, "texture": "#bottom"},
				"down": {"uv": [10, 13, 11, 14], "rotation": 90, "texture": "#bottom"}
			}
		},
		{
			"from": [2, 2, 11],
			"to": [2.5, 3, 12],
			"faces": {
				"east": {"uv": [11, 13, 12, 14], "texture": "#bottom"},
				"up": {"uv": [11, 13, 12, 14], "rotation": 270, "texture": "#bottom"},
				"down": {"uv": [11, 13, 12, 14], "rotation": 90, "texture": "#bottom"}
			}
		},
		{
			"from": [3, 3, 12],
			"to": [3.5, 5, 13],
			"faces": {
				"north": {"uv": [12, 11, 13, 13], "texture": "#bottom"},
				"east": {"uv": [13, 10, 15, 11], "rotation": 90, "texture": "#bottom"},
				"south": {"uv": [12, 11, 13, 13], "texture": "#bottom"},
				"up": {"uv": [12, 11, 13, 12], "rotation": 90, "texture": "#bottom"},
				"down": {"uv": [12, 12, 13, 13], "rotation": 270, "texture": "#bottom"}
			}
		},
		{
			"from": [3, 5, 13],
			"to": [3.5, 6, 15],
			"faces": {
				"north": {"uv": [13, 10, 14, 11], "texture": "#bottom"},
				"east": {"uv": [15, 10, 13, 11], "texture": "#bottom"},
				"south": {"uv": [14, 10, 15, 11], "texture": "#bottom"},
				"up": {"uv": [13, 10, 15, 11], "rotation": 90, "texture": "#bottom"},
				"down": {"uv": [13, 10, 15, 11], "rotation": 270, "texture": "#bottom"}
			}
		},
		{
			"from": [3, 4, 15],
			"to": [3.5, 5, 16],
			"faces": {
				"north": {"uv": [15, 11, 16, 12], "texture": "#bottom"},
				"east": {"uv": [15, 11, 16, 12], "texture": "#bottom"},
				"south": {"uv": [15, 11, 16, 12], "texture": "#bottom"},
				"up": {"uv": [15, 11, 16, 12], "rotation": 270, "texture": "#bottom"},
				"down": {"uv": [15, 11, 16, 12], "rotation": 90, "texture": "#bottom"}
			}
		}
	],
	"display": {
		"thirdperson_righthand": {
			"rotation": [75, 45, 0],
			"translation": [0, 2.5, 0],
			"scale": [0.375, 0.375, 0.375]
		},
		"thirdperson_lefthand": {
			"rotation": [75, 45, 0],
			"translation": [0, 2.5, 0],
			"scale": [0.375, 0.375, 0.375]
		},
		"firstperson_righthand": {
			"rotation": [0, 45, 0],
			"scale": [0.4, 0.4, 0.4]
		},
		"firstperson_lefthand": {
			"rotation": [0, 225, 0],
			"scale": [0.4, 0.4, 0.4]
		},
		"ground": {
			"translation": [0, 3, 0],
			"scale": [0.25, 0.25, 0.25]
		},
		"gui": {
			"rotation": [30, 225, 0],
			"scale": [0.625, 0.625, 0.625]
		},
		"fixed": {
			"scale": [0.5, 0.5, 0.5]
		}
	}
}