{
	"credit": "Made by Ecorn",
	"parent": "minecraft:block/door_bottom_rh",
	"textures": {
		"particle": "block/warped_door_top",
		"top": "block/warped_door_top"
	},
	"elements": [
		{
			"from": [-0.5, 0, 10],
			"to": [0, 2, 11],
			"faces": {
				"north": {"uv": [10, 14, 10.5, 16], "texture": "#top"},
				"south": {"uv": [10, 14, 10.5, 16], "texture": "#top"},
				"west": {"uv": [10, 14, 11, 16], "texture": "#top"},
				"up": {"uv": [10, 14, 11, 14.5], "rotation": 270, "texture": "#top"},
				"down": {"uv": [10, 14, 11, 14.5], "rotation": 90, "texture": "#top"}
			}
		},
		{
			"from": [-0.5, 0, 14],
			"to": [0, 2, 15],
			"faces": {
				"north": {"uv": [14, 14, 14.5, 16], "texture": "#top"},
				"south": {"uv": [14, 14, 14.5, 16], "texture": "#top"},
				"west": {"uv": [14, 14, 15, 16], "texture": "#top"},
				"up": {"uv": [14, 14, 15, 14.5], "rotation": 270, "texture": "#top"},
				"down": {"uv": [14, 14, 15, 14.5], "rotation": 90, "texture": "#top"}
			}
		},
		{
			"from": [0, 0, 12],
			"to": [3, 16, 16],
			"faces": {
				"north": {"uv": [12, 0, 13, 16], "texture": "#top"},
				"east": {"uv": [16, 0, 12, 16], "texture": "#top"},
				"south": {"uv": [1, 0, 4, 16], "texture": "#top"},
				"west": {"uv": [12, 0, 16, 16], "texture": "#top"},
				"up": {"uv": [12, 0, 16, 3], "rotation": 270, "texture": "#top"},
				"down": {"uv": [12, 0, 16, 3], "rotation": 90, "texture": "#top"}
			}
		},
		{
			"from": [1, 0, 4],
			"to": [2, 16, 5],
			"faces": {
				"east": {"uv": [4, 0, 5, 16], "texture": "#top"},
				"west": {"uv": [4, 0, 5, 16], "texture": "#top"},
				"up": {"uv": [0, 0, 1, 1], "rotation": 270, "texture": "#top"},
				"down": {"uv": [0, 0, 1, 1], "rotation": 90, "texture": "#top"}
			}
		},
		{
			"from": [1, 0, 11],
			"to": [2, 16, 12],
			"faces": {
				"east": {"uv": [11, 0, 12, 16], "texture": "#top"},
				"west": {"uv": [11, 0, 12, 16], "texture": "#top"},
				"up": {"uv": [0, 0, 1, 1], "rotation": 270, "texture": "#top"},
				"down": {"uv": [0, 0, 1, 1], "rotation": 90, "texture": "#top"}
			}
		},
		{
			"from": [0, 0, 5],
			"to": [3, 16, 11],
			"faces": {
				"north": {"uv": [5, 0, 6, 16], "texture": "#top"},
				"east": {"uv": [11, 0, 5, 16], "texture": "#top"},
				"south": {"uv": [10, 0, 11, 16], "texture": "#top"},
				"west": {"uv": [5, 0, 11, 16], "texture": "#top"},
				"up": {"uv": [5, 0, 11, 3], "rotation": 270, "texture": "#top"},
				"down": {"uv": [5, 0, 11, 3], "rotation": 90, "texture": "#top"}
			}
		},
		{
			"from": [0, 0, 0],
			"to": [3, 16, 4],
			"faces": {
				"north": {"uv": [3, 0, 0, 16], "texture": "#top"},
				"east": {"uv": [4, 0, 0, 16], "texture": "#top"},
				"south": {"uv": [3, 0, 4, 16], "texture": "#top"},
				"west": {"uv": [0, 0, 4, 16], "texture": "#top"},
				"up": {"uv": [0, 0, 4, 3], "rotation": 270, "texture": "#top"},
				"down": {"uv": [0, 0, 4, 3], "rotation": 90, "texture": "#top"}
			}
		},
		{
			"from": [0.5, 4, 11],
			"to": [1, 5, 12],
			"faces": {
				"north": {"uv": [11, 11, 12, 12], "texture": "#top"},
				"east": {"uv": [11, 11, 12, 12], "texture": "#top"},
				"south": {"uv": [11, 11, 12, 12], "texture": "#top"},
				"west": {"uv": [11, 11, 12, 12], "texture": "#top"},
				"up": {"uv": [11, 11, 12, 12], "rotation": 270, "texture": "#top"},
				"down": {"uv": [11, 11, 12, 12], "rotation": 90, "texture": "#top"}
			}
		},
		{
			"from": [0.5, 1, 11],
			"to": [1, 2, 12],
			"faces": {
				"north": {"uv": [11, 14, 12, 15], "texture": "#top"},
				"east": {"uv": [11, 14, 12, 15], "texture": "#top"},
				"south": {"uv": [11, 14, 12, 15], "texture": "#top"},
				"west": {"uv": [11, 14, 12, 15], "texture": "#top"},
				"up": {"uv": [11, 14, 12, 15], "rotation": 270, "texture": "#top"},
				"down": {"uv": [11, 14, 12, 15], "rotation": 90, "texture": "#top"}
			}
		},
		{
			"from": [0.5, 15, 11],
			"to": [1, 16, 12],
			"faces": {
				"north": {"uv": [11, 0, 12, 1], "texture": "#top"},
				"east": {"uv": [11, 0, 12, 1], "texture": "#top"},
				"south": {"uv": [11, 0, 12, 1], "texture": "#top"},
				"west": {"uv": [11, 0, 12, 1], "texture": "#top"},
				"up": {"uv": [11, 0, 12, 1], "rotation": 270, "texture": "#top"},
				"down": {"uv": [11, 0, 12, 1], "rotation": 90, "texture": "#top"}
			}
		},
		{
			"from": [-0.5, 3, 12],
			"to": [0, 4, 14],
			"faces": {
				"north": {"uv": [12, 12, 12.5, 13], "texture": "#top"},
				"south": {"uv": [12, 12, 12.5, 13], "texture": "#top"},
				"west": {"uv": [12, 12, 14, 13], "texture": "#top"},
				"up": {"uv": [12, 12, 14, 12.5], "rotation": 90, "texture": "#top"},
				"down": {"uv": [12, 12, 14, 12.5], "rotation": 270, "texture": "#top"}
			}
		},
		{
			"from": [-0.5, 4, 14],
			"to": [0, 5, 15],
			"faces": {
				"north": {"uv": [14, 11, 15, 12], "texture": "#top"},
				"south": {"uv": [14, 11, 15, 12], "texture": "#top"},
				"west": {"uv": [14, 11, 15, 12], "texture": "#top"},
				"up": {"uv": [14, 11, 15, 12], "rotation": 270, "texture": "#top"},
				"down": {"uv": [14, 11, 15, 12], "rotation": 90, "texture": "#top"}
			}
		},
		{
			"from": [-0.5, 5, 15],
			"to": [0, 6, 16],
			"faces": {
				"north": {"uv": [15, 10, 16, 11], "texture": "#top"},
				"south": {"uv": [15, 10, 16, 11], "texture": "#top"},
				"west": {"uv": [15, 10, 16, 11], "texture": "#top"},
				"up": {"uv": [15, 10, 16, 11], "rotation": 270, "texture": "#top"},
				"down": {"uv": [15, 10, 16, 11], "rotation": 90, "texture": "#top"}
			}
		},
		{
			"from": [-0.5, 8, 15],
			"to": [0, 9, 16],
			"faces": {
				"north": {"uv": [15, 7, 16, 8], "texture": "#top"},
				"south": {"uv": [15, 7, 16, 8], "texture": "#top"},
				"west": {"uv": [15, 7, 16, 8], "texture": "#top"},
				"up": {"uv": [15, 7, 16, 8], "rotation": 270, "texture": "#top"},
				"down": {"uv": [15, 7, 16, 8], "rotation": 90, "texture": "#top"}
			}
		},
		{
			"from": [-0.5, 7, 13],
			"to": [0, 8, 15],
			"faces": {
				"north": {"uv": [13, 8, 13.5, 9], "texture": "#top"},
				"south": {"uv": [14, 8, 14.5, 9], "texture": "#top"},
				"west": {"uv": [13, 8, 15, 9], "texture": "#top"},
				"up": {"uv": [15, 8, 13, 8.5], "rotation": 270, "texture": "#top"},
				"down": {"uv": [13, 8, 15, 8.5], "rotation": 270, "texture": "#top"}
			}
		},
		{
			"from": [-0.5, 6, 12],
			"to": [0, 7, 13],
			"faces": {
				"north": {"uv": [12, 9, 13, 10], "texture": "#top"},
				"south": {"uv": [12, 9, 13, 10], "texture": "#top"},
				"west": {"uv": [12, 9, 13, 10], "texture": "#top"},
				"up": {"uv": [12, 9, 13, 10], "rotation": 270, "texture": "#top"},
				"down": {"uv": [12, 9, 13, 10], "rotation": 90, "texture": "#top"}
			}
		},
		{
			"from": [-0.5, 5, 9],
			"to": [0, 6, 11],
			"faces": {
				"north": {"uv": [9, 10, 11, 11], "texture": "#top"},
				"south": {"uv": [9, 10, 11, 11], "texture": "#top"},
				"west": {"uv": [9, 10, 11, 11], "texture": "#top"},
				"up": {"uv": [9, 10, 11, 11], "rotation": 270, "texture": "#top"},
				"down": {"uv": [9, 10, 11, 11], "rotation": 90, "texture": "#top"}
			}
		},
		{
			"from": [-0.5, 4, 8],
			"to": [0, 5, 9],
			"faces": {
				"north": {"uv": [8, 11, 9, 12], "texture": "#top"},
				"south": {"uv": [8, 11, 9, 12], "texture": "#top"},
				"west": {"uv": [8, 11, 9, 12], "texture": "#top"},
				"up": {"uv": [8, 11, 9, 12], "rotation": 270, "texture": "#top"},
				"down": {"uv": [8, 11, 9, 12], "rotation": 90, "texture": "#top"}
			}
		},
		{
			"from": [-0.5, 0, 7],
			"to": [0, 4, 8],
			"faces": {
				"north": {"uv": [7, 12, 8, 16], "texture": "#top"},
				"south": {"uv": [7, 12, 8, 16], "texture": "#top"},
				"west": {"uv": [7, 12, 8, 16], "texture": "#top"},
				"up": {"uv": [7, 12, 8, 13], "rotation": 270, "texture": "#top"},
				"down": {"uv": [7, 15, 8, 16], "rotation": 90, "texture": "#top"}
			}
		},
		{
			"from": [-0.5, 3, 0],
			"to": [0, 7, 1],
			"faces": {
				"north": {"uv": [0, 9, 1, 13], "texture": "#top"},
				"south": {"uv": [0, 9, 1, 13], "texture": "#top"},
				"west": {"uv": [0, 9, 1, 13], "texture": "#top"},
				"up": {"uv": [0, 9, 1, 10], "rotation": 270, "texture": "#top"},
				"down": {"uv": [0, 12, 1, 13], "rotation": 90, "texture": "#top"}
			}
		},
		{
			"from": [-0.5, 8, 0],
			"to": [0, 9, 3],
			"faces": {
				"north": {"uv": [0, 7, 0.5, 8], "texture": "#top"},
				"south": {"uv": [2, 7, 2.5, 8], "texture": "#top"},
				"west": {"uv": [0, 7, 3, 8], "texture": "#top"},
				"up": {"uv": [0, 7, 3, 7.5], "rotation": 90, "texture": "#top"},
				"down": {"uv": [0, 7, 3, 7.5], "rotation": 270, "texture": "#top"}
			}
		},
		{
			"from": [-0.5, 13, 0],
			"to": [0, 14, 3],
			"faces": {
				"north": {"uv": [0, 2, 0.5, 3], "texture": "#top"},
				"south": {"uv": [2, 2, 2.5, 3], "texture": "#top"},
				"west": {"uv": [0, 2, 3, 3], "texture": "#top"},
				"up": {"uv": [3, 2, 0, 2.5], "rotation": 270, "texture": "#top"},
				"down": {"uv": [3, 2, 0, 2.5], "rotation": 90, "texture": "#top"}
			}
		},
		{
			"from": [-0.5, 12, 3],
			"to": [0, 13, 4],
			"faces": {
				"north": {"uv": [3, 3, 4, 4], "texture": "#top"},
				"south": {"uv": [3, 3, 4, 4], "texture": "#top"},
				"west": {"uv": [3, 3, 4, 4], "texture": "#top"},
				"up": {"uv": [3, 3, 4, 4], "rotation": 270, "texture": "#top"},
				"down": {"uv": [3, 3, 4, 4], "rotation": 90, "texture": "#top"}
			}
		},
		{
			"from": [-0.5, 9, 3],
			"to": [0, 10, 4],
			"faces": {
				"north": {"uv": [3, 6, 4, 7], "texture": "#top"},
				"south": {"uv": [3, 6, 4, 7], "texture": "#top"},
				"west": {"uv": [3, 6, 4, 7], "texture": "#top"},
				"up": {"uv": [3, 6, 4, 7], "rotation": 270, "texture": "#top"},
				"down": {"uv": [3, 6, 4, 7], "rotation": 90, "texture": "#top"}
			}
		},
		{
			"from": [0.5, 10, 4],
			"to": [1, 13, 5],
			"faces": {
				"north": {"uv": [4, 3, 4.5, 6], "texture": "#top"},
				"south": {"uv": [4, 3, 4.5, 6], "texture": "#top"},
				"west": {"uv": [4, 3, 5, 6], "texture": "#top"},
				"up": {"uv": [4, 3, 5, 3.5], "rotation": 270, "texture": "#top"},
				"down": {"uv": [4, 5, 5, 5.5], "rotation": 90, "texture": "#top"}
			}
		},
		{
			"from": [-0.5, 12, 5],
			"to": [0, 13, 7],
			"faces": {
				"north": {"uv": [5, 3, 5.5, 4], "texture": "#top"},
				"south": {"uv": [5, 3, 5.5, 4], "texture": "#top"},
				"west": {"uv": [5, 3, 7, 4], "texture": "#top"},
				"up": {"uv": [7, 3, 5, 3.5], "rotation": 270, "texture": "#top"},
				"down": {"uv": [7, 3, 5, 3.5], "rotation": 90, "texture": "#top"}
			}
		},
		{
			"from": [-0.5, 13, 7],
			"to": [0, 14, 8],
			"faces": {
				"north": {"uv": [7, 2, 8, 3], "texture": "#top"},
				"south": {"uv": [7, 2, 8, 3], "texture": "#top"},
				"west": {"uv": [7, 2, 8, 3], "texture": "#top"},
				"up": {"uv": [7, 2, 8, 3], "rotation": 270, "texture": "#top"},
				"down": {"uv": [7, 2, 8, 3], "rotation": 90, "texture": "#top"}
			}
		},
		{
			"from": [-0.5, 14, 8],
			"to": [0, 15, 9],
			"faces": {
				"north": {"uv": [8, 1, 9, 2], "texture": "#top"},
				"south": {"uv": [8, 1, 9, 2], "texture": "#top"},
				"west": {"uv": [8, 1, 9, 2], "texture": "#top"},
				"up": {"uv": [8, 1, 9, 2], "rotation": 270, "texture": "#top"},
				"down": {"uv": [8, 1, 9, 2], "rotation": 90, "texture": "#top"}
			}
		},
		{
			"from": [-0.5, 15, 9],
			"to": [0, 16, 10],
			"faces": {
				"north": {"uv": [9, 0, 10, 1], "texture": "#top"},
				"east": {"uv": [9, 0, 10, 1], "texture": "#top"},
				"south": {"uv": [9, 0, 10, 1], "texture": "#top"},
				"west": {"uv": [9, 0, 10, 1], "texture": "#top"},
				"up": {"uv": [9, 0, 10, 1], "rotation": 270, "texture": "#top"},
				"down": {"uv": [9, 0, 10, 1], "rotation": 90, "texture": "#top"}
			}
		},
		{
			"from": [-0.5, 14, 12],
			"to": [0, 15, 13],
			"faces": {
				"north": {"uv": [12, 1, 13, 2], "texture": "#top"},
				"south": {"uv": [12, 1, 13, 2], "texture": "#top"},
				"west": {"uv": [12, 1, 13, 2], "texture": "#top"},
				"up": {"uv": [12, 1, 13, 2], "rotation": 270, "texture": "#top"},
				"down": {"uv": [12, 1, 13, 2], "rotation": 90, "texture": "#top"}
			}
		},
		{
			"from": [-0.5, 13, 13],
			"to": [0, 14, 16],
			"faces": {
				"north": {"uv": [13, 2, 14, 3], "texture": "#top"},
				"south": {"uv": [15, 2, 16, 3], "texture": "#top"},
				"west": {"uv": [13, 2, 16, 3], "texture": "#top"},
				"up": {"uv": [16, 2, 13, 2.5], "rotation": 270, "texture": "#top"},
				"down": {"uv": [16, 2, 13, 2.5], "rotation": 90, "texture": "#top"}
			}
		},
		{
			"from": [3, 0, 10],
			"to": [3.5, 2, 11],
			"faces": {
				"north": {"uv": [10, 14, 10.5, 16], "texture": "#top"},
				"east": {"uv": [10, 14, 11, 16], "texture": "#top"},
				"south": {"uv": [10, 14, 10.5, 16], "texture": "#top"},
				"up": {"uv": [10, 14, 11, 14.5], "rotation": 270, "texture": "#top"},
				"down": {"uv": [10, 14, 11, 14.5], "rotation": 90, "texture": "#top"}
			}
		},
		{
			"from": [3, 0, 14],
			"to": [3.5, 2, 15],
			"faces": {
				"north": {"uv": [14, 14, 14.5, 16], "texture": "#top"},
				"east": {"uv": [14, 14, 15, 16], "texture": "#top"},
				"south": {"uv": [14, 14, 14.5, 16], "texture": "#top"},
				"up": {"uv": [14, 14, 15, 14.5], "rotation": 270, "texture": "#top"},
				"down": {"uv": [14, 14, 15, 14.5], "rotation": 90, "texture": "#top"}
			}
		},
		{
			"from": [2, 4, 11],
			"to": [2.5, 5, 12],
			"faces": {
				"east": {"uv": [11, 11, 12, 12], "texture": "#top"},
				"up": {"uv": [11, 11, 12, 12], "rotation": 270, "texture": "#top"},
				"down": {"uv": [11, 11, 12, 12], "rotation": 90, "texture": "#top"}
			}
		},
		{
			"from": [3, 3, 12],
			"to": [3.5, 4, 14],
			"faces": {
				"north": {"uv": [12, 12, 12.5, 13], "texture": "#top"},
				"east": {"uv": [14, 12, 12, 13], "texture": "#top"},
				"south": {"uv": [13, 12, 13.5, 13], "texture": "#top"},
				"up": {"uv": [12, 12, 14, 12.5], "rotation": 90, "texture": "#top"},
				"down": {"uv": [12, 12, 14, 12.5], "rotation": 270, "texture": "#top"}
			}
		},
		{
			"from": [3, 4, 14],
			"to": [3.5, 5, 15],
			"faces": {
				"north": {"uv": [14, 11, 15, 12], "texture": "#top"},
				"east": {"uv": [14, 11, 15, 12], "texture": "#top"},
				"south": {"uv": [14, 11, 15, 12], "texture": "#top"},
				"up": {"uv": [14, 11, 15, 12], "rotation": 270, "texture": "#top"},
				"down": {"uv": [14, 11, 15, 12], "rotation": 90, "texture": "#top"}
			}
		},
		{
			"from": [3, 5, 15],
			"to": [3.5, 6, 16],
			"faces": {
				"north": {"uv": [15, 10, 16, 11], "texture": "#top"},
				"east": {"uv": [15, 10, 16, 11], "texture": "#top"},
				"south": {"uv": [15, 10, 16, 11], "texture": "#top"},
				"up": {"uv": [15, 10, 16, 11], "rotation": 270, "texture": "#top"},
				"down": {"uv": [15, 10, 16, 11], "rotation": 90, "texture": "#top"}
			}
		},
		{
			"from": [3, 8, 15],
			"to": [3.5, 9, 16],
			"faces": {
				"north": {"uv": [15, 7, 16, 8], "texture": "#top"},
				"east": {"uv": [15, 7, 16, 8], "texture": "#top"},
				"south": {"uv": [15, 7, 16, 8], "texture": "#top"},
				"up": {"uv": [15, 7, 16, 8], "rotation": 270, "texture": "#top"},
				"down": {"uv": [15, 7, 16, 8], "rotation": 90, "texture": "#top"}
			}
		},
		{
			"from": [3, 7, 13],
			"to": [3.5, 8, 15],
			"faces": {
				"north": {"uv": [13, 8, 13.5, 9], "texture": "#top"},
				"east": {"uv": [13, 8, 15, 9], "rotation": 180, "texture": "#top"},
				"south": {"uv": [14, 8, 14.5, 9], "texture": "#top"},
				"up": {"uv": [15, 8, 13, 8.5], "rotation": 270, "texture": "#top"},
				"down": {"uv": [15, 8, 13, 8.5], "rotation": 90, "texture": "#top"}
			}
		},
		{
			"from": [3, 6, 12],
			"to": [3.5, 7, 13],
			"faces": {
				"north": {"uv": [12, 9, 13, 10], "texture": "#top"},
				"east": {"uv": [12, 9, 13, 10], "texture": "#top"},
				"south": {"uv": [12, 9, 13, 10], "texture": "#top"},
				"up": {"uv": [12, 9, 13, 10], "rotation": 270, "texture": "#top"},
				"down": {"uv": [12, 9, 13, 10], "rotation": 90, "texture": "#top"}
			}
		},
		{
			"from": [3, 5, 9],
			"to": [3.5, 6, 11],
			"faces": {
				"north": {"uv": [9, 10, 11, 11], "texture": "#top"},
				"east": {"uv": [9, 10, 11, 11], "texture": "#top"},
				"south": {"uv": [9, 10, 11, 11], "texture": "#top"},
				"up": {"uv": [9, 10, 11, 11], "rotation": 270, "texture": "#top"},
				"down": {"uv": [9, 10, 11, 11], "rotation": 90, "texture": "#top"}
			}
		},
		{
			"from": [3, 4, 8],
			"to": [3.5, 5, 9],
			"faces": {
				"north": {"uv": [8, 11, 9, 12], "texture": "#top"},
				"east": {"uv": [8, 11, 9, 12], "texture": "#top"},
				"south": {"uv": [8, 11, 9, 12], "texture": "#top"},
				"up": {"uv": [8, 11, 9, 12], "rotation": 270, "texture": "#top"},
				"down": {"uv": [8, 11, 9, 12], "rotation": 90, "texture": "#top"}
			}
		},
		{
			"from": [3, 0, 7],
			"to": [3.5, 4, 8],
			"faces": {
				"north": {"uv": [7, 12, 8, 16], "texture": "#top"},
				"east": {"uv": [7, 12, 8, 16], "texture": "#top"},
				"south": {"uv": [7, 12, 8, 16], "texture": "#top"},
				"up": {"uv": [7, 12, 8, 13], "rotation": 270, "texture": "#top"},
				"down": {"uv": [7, 15, 8, 16], "rotation": 90, "texture": "#top"}
			}
		},
		{
			"from": [3, 8, 0],
			"to": [3.5, 9, 3],
			"faces": {
				"north": {"uv": [0, 7, 0.5, 8], "texture": "#top"},
				"east": {"uv": [3, 7, 0, 8], "texture": "#top"},
				"south": {"uv": [2, 7, 2.5, 8], "texture": "#top"},
				"up": {"uv": [0, 7, 3, 7.5], "rotation": 90, "texture": "#top"},
				"down": {"uv": [0, 7, 3, 7.5], "rotation": 270, "texture": "#top"}
			}
		},
		{
			"from": [3, 13, 0],
			"to": [3.5, 14, 3],
			"faces": {
				"north": {"uv": [0, 2, 0.5, 3], "texture": "#top"},
				"east": {"uv": [0, 2, 3, 3], "rotation": 180, "texture": "#top"},
				"south": {"uv": [2, 2, 2.5, 3], "texture": "#top"},
				"up": {"uv": [3, 2, 0, 2.5], "rotation": 270, "texture": "#top"},
				"down": {"uv": [3, 2, 0, 2.5], "rotation": 90, "texture": "#top"}
			}
		},
		{
			"from": [3, 12, 3],
			"to": [3.5, 13, 4],
			"faces": {
				"north": {"uv": [3, 3, 4, 4], "texture": "#top"},
				"east": {"uv": [3, 3, 4, 4], "texture": "#top"},
				"south": {"uv": [3, 3, 4, 4], "texture": "#top"},
				"west": {"uv": [3, 3, 4, 4], "texture": "#top"},
				"up": {"uv": [3, 3, 4, 4], "rotation": 270, "texture": "#top"},
				"down": {"uv": [3, 3, 4, 4], "rotation": 90, "texture": "#top"}
			}
		},
		{
			"from": [3, 12, 5],
			"to": [3.5, 13, 7],
			"faces": {
				"north": {"uv": [5, 3, 5.5, 4], "texture": "#top"},
				"east": {"uv": [7, 3, 5, 4], "texture": "#top"},
				"south": {"uv": [5, 3, 5.5, 4], "texture": "#top"},
				"up": {"uv": [7, 3, 5, 3.5], "rotation": 270, "texture": "#top"},
				"down": {"uv": [7, 3, 5, 3.5], "rotation": 90, "texture": "#top"}
			}
		},
		{
			"from": [3, 13, 7],
			"to": [3.5, 14, 8],
			"faces": {
				"north": {"uv": [7, 2, 8, 3], "texture": "#top"},
				"east": {"uv": [7, 2, 8, 3], "texture": "#top"},
				"south": {"uv": [7, 2, 8, 3], "texture": "#top"},
				"up": {"uv": [7, 2, 8, 3], "rotation": 270, "texture": "#top"},
				"down": {"uv": [7, 2, 8, 3], "rotation": 90, "texture": "#top"}
			}
		},
		{
			"from": [3, 14, 8],
			"to": [3.5, 15, 9],
			"faces": {
				"north": {"uv": [8, 1, 9, 2], "texture": "#top"},
				"east": {"uv": [8, 1, 9, 2], "texture": "#top"},
				"south": {"uv": [8, 1, 9, 2], "texture": "#top"},
				"up": {"uv": [8, 1, 9, 2], "rotation": 270, "texture": "#top"},
				"down": {"uv": [8, 1, 9, 2], "rotation": 90, "texture": "#top"}
			}
		},
		{
			"from": [3, 15, 9],
			"to": [3.5, 16, 10],
			"faces": {
				"north": {"uv": [9, 0, 10, 1], "texture": "#top"},
				"east": {"uv": [9, 0, 10, 1], "texture": "#top"},
				"south": {"uv": [9, 0, 10, 1], "texture": "#top"},
				"up": {"uv": [9, 0, 10, 1], "rotation": 270, "texture": "#top"},
				"down": {"uv": [9, 0, 10, 1], "rotation": 90, "texture": "#top"}
			}
		},
		{
			"from": [3, 14, 12],
			"to": [3.5, 15, 13],
			"faces": {
				"north": {"uv": [12, 1, 13, 2], "texture": "#top"},
				"east": {"uv": [12, 1, 13, 2], "texture": "#top"},
				"south": {"uv": [12, 1, 13, 2], "texture": "#top"},
				"up": {"uv": [12, 1, 13, 2], "rotation": 270, "texture": "#top"},
				"down": {"uv": [12, 1, 13, 2], "rotation": 90, "texture": "#top"}
			}
		},
		{
			"from": [3, 13, 13],
			"to": [3.5, 14, 16],
			"faces": {
				"north": {"uv": [13, 2, 14, 3], "texture": "#top"},
				"east": {"uv": [16, 2, 13, 3], "texture": "#top"},
				"south": {"uv": [15, 2, 16, 3], "texture": "#top"},
				"up": {"uv": [16, 2, 13, 2.5], "rotation": 270, "texture": "#top"},
				"down": {"uv": [16, 2, 13, 2.5], "rotation": 90, "texture": "#top"}
			}
		},
		{
			"from": [3, 9, 3],
			"to": [3.5, 10, 4],
			"faces": {
				"north": {"uv": [3, 6, 4, 7], "texture": "#top"},
				"east": {"uv": [3, 6, 4, 7], "texture": "#top"},
				"south": {"uv": [3, 6, 4, 7], "texture": "#top"},
				"up": {"uv": [3, 6, 4, 7], "rotation": 270, "texture": "#top"},
				"down": {"uv": [3, 6, 4, 7], "rotation": 90, "texture": "#top"}
			}
		},
		{
			"from": [3, 3, 0],
			"to": [3.5, 7, 1],
			"faces": {
				"north": {"uv": [0, 9, 1, 13], "texture": "#top"},
				"east": {"uv": [0, 9, 1, 13], "texture": "#top"},
				"south": {"uv": [0, 9, 1, 13], "texture": "#top"},
				"up": {"uv": [0, 9, 1, 10], "rotation": 270, "texture": "#top"},
				"down": {"uv": [0, 12, 1, 13], "rotation": 90, "texture": "#top"}
			}
		},
		{
			"from": [2, 1, 11],
			"to": [2.5, 2, 12],
			"faces": {
				"east": {"uv": [11, 14, 12, 15], "texture": "#top"},
				"up": {"uv": [11, 14, 12, 15], "rotation": 270, "texture": "#top"},
				"down": {"uv": [11, 14, 12, 15], "rotation": 90, "texture": "#top"}
			}
		},
		{
			"from": [2, 15, 11],
			"to": [2.5, 16, 12],
			"faces": {
				"east": {"uv": [11, 0, 12, 1], "texture": "#top"},
				"up": {"uv": [11, 0, 12, 1], "rotation": 270, "texture": "#top"},
				"down": {"uv": [11, 0, 12, 1], "rotation": 90, "texture": "#top"}
			}
		},
		{
			"from": [2, 10, 4],
			"to": [2.5, 13, 5],
			"faces": {
				"east": {"uv": [4, 3, 5, 6], "texture": "#top"},
				"up": {"uv": [4, 3, 5, 4], "rotation": 270, "texture": "#top"},
				"down": {"uv": [4, 3, 5, 4], "rotation": 90, "texture": "#top"}
			}
		}
	],
	"display": {
		"thirdperson_righthand": {
			"rotation": [75, 45, 0],
			"translation": [0, 2.5, 0],
			"scale": [0.375, 0.375, 0.375]
		},
		"thirdperson_lefthand": {
			"rotation": [75, 45, 0],
			"translation": [0, 2.5, 0],
			"scale": [0.375, 0.375, 0.375]
		},
		"firstperson_righthand": {
			"rotation": [0, 45, 0],
			"scale": [0.4, 0.4, 0.4]
		},
		"firstperson_lefthand": {
			"rotation": [0, 225, 0],
			"scale": [0.4, 0.4, 0.4]
		},
		"ground": {
			"translation": [0, 3, 0],
			"scale": [0.25, 0.25, 0.25]
		},
		"gui": {
			"rotation": [30, 225, 0],
			"scale": [0.625, 0.625, 0.625]
		},
		"fixed": {
			"scale": [0.5, 0.5, 0.5]
		}
	}
}