{
	"credit": "Made with Blockbench",
	"parent": "minecraft:block/cross",
	"textures": {
		"particle": "blocks/cave_vines",
		"cross": "blocks/cave_vines"
	},
	"elements": [
		{
			"name": "2x3",
			"from": [0, 2, 15],
			"to": [1, 5, 16],
			"shade": false,
			"rotation": {"angle": 45, "axis": "y", "origin": [0, 0, 0]},
			"faces": {
				"east": {"uv": [4, 11, 5, 14], "texture": "#cross"},
				"west": {"uv": [4, 11, 5, 14], "texture": "#cross"}
			}
		},
		{
			"name": "2x4",
			"from": [0, 2, 16],
			"to": [1, 5, 17],
			"shade": false,
			"rotation": {"angle": 45, "axis": "y", "origin": [0, 0, 0]},
			"faces": {
				"east": {"uv": [3, 11, 4, 14], "texture": "#cross"},
				"south": {"uv": [4, 11, 3, 14], "texture": "#cross"},
				"west": {"uv": [3, 11, 4, 14], "texture": "#cross"},
				"up": {"uv": [3, 11, 4, 12], "rotation": 270, "texture": "#cross"},
				"down": {"uv": [3, 13, 4, 14], "rotation": 270, "texture": "#cross"}
			}
		},
		{
			"name": "1x7",
			"from": [0, 7, 15],
			"to": [1, 16, 16],
			"shade": false,
			"rotation": {"angle": 45, "axis": "y", "origin": [0, 0, 0]},
			"faces": {
				"north": {"uv": [4, 0, 5, 9], "texture": "#cross"},
				"east": {"uv": [4, 0, 5, 9], "texture": "#cross"},
				"south": {"uv": [5, 0, 4, 9], "texture": "#cross"},
				"west": {"uv": [4, 0, 5, 9], "texture": "#cross"},
				"up": {"uv": [4, 0, 5, 1], "rotation": 90, "texture": "#cross"},
				"down": {"uv": [4, 8, 5, 9], "rotation": 270, "texture": "#cross"}
			}
		},
		{
			"name": "3x3",
			"from": [0, 6, 16],
			"to": [1, 9, 19],
			"shade": false,
			"rotation": {"angle": 45, "axis": "y", "origin": [0, 0, 0]},
			"faces": {
				"north": {"uv": [3, 7, 4, 10], "texture": "#cross"},
				"east": {"uv": [1, 7, 4, 10], "texture": "#cross"},
				"south": {"uv": [1, 7, 2, 10], "texture": "#cross"},
				"west": {"uv": [1, 7, 4, 10], "rotation": 180, "texture": "#cross"},
				"up": {"uv": [1, 7, 4, 8], "rotation": 270, "texture": "#cross"},
				"down": {"uv": [1, 9, 4, 10], "rotation": 90, "texture": "#cross"}
			}
		},
		{
			"name": "2x4",
			"from": [0, 12, 13],
			"to": [1, 16, 15],
			"shade": false,
			"rotation": {"angle": 45, "axis": "y", "origin": [0, 0, 0]},
			"faces": {
				"north": {"uv": [6, 0, 7, 4], "texture": "#cross"},
				"east": {"uv": [5, 0, 7, 4], "texture": "#cross"},
				"west": {"uv": [5, 0, 7, 4], "texture": "#cross"},
				"up": {"uv": [5, 0, 7, 1], "rotation": 90, "texture": "#cross"},
				"down": {"uv": [5, 3, 7, 4], "rotation": 270, "texture": "#cross"}
			}
		},
		{
			"name": "1x3",
			"from": [0, 12, 16],
			"to": [1, 15, 17],
			"shade": false,
			"rotation": {"angle": 45, "axis": "y", "origin": [0, 0, 0]},
			"faces": {
				"east": {"uv": [3, 1, 4, 4], "texture": "#cross"},
				"south": {"uv": [3, 1, 4, 4], "texture": "#cross"},
				"west": {"uv": [3, 1, 4, 4], "texture": "#cross"},
				"up": {"uv": [3, 1, 4, 2], "rotation": 90, "texture": "#cross"},
				"down": {"uv": [3, 3, 4, 4], "rotation": 270, "texture": "#cross"}
			}
		},
		{
			"name": "1x3",
			"from": [0, 11, 17],
			"to": [1, 14, 18],
			"shade": false,
			"rotation": {"angle": 45, "axis": "y", "origin": [0, 0, 0]},
			"faces": {
				"north": {"uv": [2, 2, 3, 5], "texture": "#cross"},
				"east": {"uv": [2, 2, 3, 5], "texture": "#cross"},
				"south": {"uv": [2, 2, 3, 5], "texture": "#cross"},
				"west": {"uv": [2, 2, 3, 5], "texture": "#cross"},
				"up": {"uv": [2, 2, 3, 3], "rotation": 90, "texture": "#cross"},
				"down": {"uv": [2, 4, 3, 5], "rotation": 270, "texture": "#cross"}
			}
		},
		{
			"name": "1x2",
			"from": [0, 11, 18],
			"to": [1, 13, 19],
			"shade": false,
			"rotation": {"angle": 45, "axis": "y", "origin": [0, 0, 0]},
			"faces": {
				"east": {"uv": [1, 3, 2, 5], "texture": "#cross"},
				"south": {"uv": [1, 3, 2, 5], "texture": "#cross"},
				"west": {"uv": [1, 3, 2, 5], "texture": "#cross"},
				"up": {"uv": [1, 3, 2, 4], "rotation": 90, "texture": "#cross"},
				"down": {"uv": [1, 4, 2, 5], "rotation": 270, "texture": "#cross"}
			}
		},
		{
			"name": "1x2",
			"from": [0, 5, 15],
			"to": [1, 7, 16],
			"shade": false,
			"rotation": {"angle": 45, "axis": "y", "origin": [0, 0, 0]},
			"faces": {
				"north": {"uv": [4, 9, 5, 11], "texture": "#cross"},
				"east": {"uv": [4, 9, 5, 11], "texture": "#cross"},
				"south": {"uv": [4, 9, 5, 11], "texture": "#cross"},
				"west": {"uv": [4, 9, 5, 11], "texture": "#cross"},
				"up": {"uv": [4, 9, 5, 10], "rotation": 90, "texture": "#cross"},
				"down": {"uv": [4, 10, 5, 11], "rotation": 270, "texture": "#cross"}
			}
		},
		{
			"name": "1x3",
			"from": [0, 2, 14],
			"to": [1, 5, 15],
			"shade": false,
			"rotation": {"angle": 45, "axis": "y", "origin": [0, 0, 0]},
			"faces": {
				"north": {"uv": [5, 11, 6, 14], "texture": "#cross"},
				"east": {"uv": [5, 11, 6, 14], "texture": "#cross"},
				"west": {"uv": [5, 11, 6, 14], "texture": "#cross"},
				"up": {"uv": [5, 11, 6, 12], "rotation": 90, "texture": "#cross"},
				"down": {"uv": [5, 13, 6, 14], "rotation": 270, "texture": "#cross"}
			}
		},
		{
			"name": "1x4",
			"from": [0, 7, 14],
			"to": [1, 11, 15],
			"shade": false,
			"rotation": {"angle": 45, "axis": "y", "origin": [0, 0, 0]},
			"faces": {
				"north": {"uv": [5, 5, 6, 9], "texture": "#cross"},
				"east": {"uv": [5, 5, 6, 9], "texture": "#cross"},
				"west": {"uv": [5, 5, 6, 9], "texture": "#cross"},
				"up": {"uv": [5, 5, 6, 6], "rotation": 90, "texture": "#cross"},
				"down": {"uv": [5, 8, 6, 9], "rotation": 270, "texture": "#cross"}
			}
		},
		{
			"name": "1x3",
			"from": [0, 5, 13],
			"to": [1, 8, 14],
			"shade": false,
			"rotation": {"angle": 45, "axis": "y", "origin": [0, 0, 0]},
			"faces": {
				"north": {"uv": [6, 8, 7, 11], "texture": "#cross"},
				"east": {"uv": [6, 8, 7, 11], "texture": "#cross"},
				"south": {"uv": [6, 8, 7, 11], "texture": "#cross"},
				"west": {"uv": [6, 8, 7, 11], "texture": "#cross"},
				"up": {"uv": [6, 8, 7, 9], "rotation": 90, "texture": "#cross"},
				"down": {"uv": [6, 10, 7, 11], "rotation": 270, "texture": "#cross"}
			}
		},
		{
			"name": "1x2",
			"from": [0, 9, 16],
			"to": [1, 11, 17],
			"shade": false,
			"rotation": {"angle": 45, "axis": "y", "origin": [0, 0, 0]},
			"faces": {
				"east": {"uv": [3, 5, 4, 7], "texture": "#cross"},
				"south": {"uv": [3, 5, 4, 7], "texture": "#cross"},
				"west": {"uv": [3, 5, 4, 7], "texture": "#cross"},
				"up": {"uv": [3, 5, 4, 6], "rotation": 90, "texture": "#cross"},
				"down": {"uv": [3, 6, 4, 7], "rotation": 270, "texture": "#cross"}
			}
		},
		{
			"name": "1x1",
			"from": [0, 9, 17],
			"to": [1, 10, 18],
			"shade": false,
			"rotation": {"angle": 45, "axis": "y", "origin": [0, 0, 0]},
			"faces": {
				"east": {"uv": [2, 6, 3, 7], "texture": "#cross"},
				"south": {"uv": [2, 6, 3, 7], "texture": "#cross"},
				"west": {"uv": [2, 6, 3, 7], "texture": "#cross"},
				"up": {"uv": [2, 6, 3, 7], "rotation": 90, "texture": "#cross"},
				"down": {"uv": [2, 6, 3, 7], "rotation": 270, "texture": "#cross"}
			}
		},
		{
			"name": "1x1",
			"from": [0, 1, 15],
			"to": [1, 2, 16],
			"shade": false,
			"rotation": {"angle": 45, "axis": "y", "origin": [0, 0, 0]},
			"faces": {
				"north": {"uv": [4, 14, 5, 15], "texture": "#cross"},
				"east": {"uv": [4, 14, 5, 15], "texture": "#cross"},
				"south": {"uv": [4, 14, 5, 15], "texture": "#cross"},
				"west": {"uv": [4, 14, 5, 15], "texture": "#cross"},
				"up": {"uv": [4, 14, 5, 15], "rotation": 90, "texture": "#cross"},
				"down": {"uv": [4, 14, 5, 15], "rotation": 270, "texture": "#cross"}
			}
		},
		{
			"name": "1x1",
			"from": [0, 11, 13],
			"to": [1, 12, 14],
			"shade": false,
			"rotation": {"angle": 45, "axis": "y", "origin": [0, 0, 0]},
			"faces": {
				"north": {"uv": [6, 4, 7, 5], "texture": "#cross"},
				"east": {"uv": [6, 4, 7, 5], "texture": "#cross"},
				"south": {"uv": [6, 4, 7, 5], "texture": "#cross"},
				"west": {"uv": [6, 4, 7, 5], "texture": "#cross"},
				"up": {"uv": [6, 4, 7, 5], "rotation": 90, "texture": "#cross"},
				"down": {"uv": [6, 4, 7, 5], "rotation": 270, "texture": "#cross"}
			}
		},
		{
			"name": "1x14",
			"from": [0, 2, 12],
			"to": [1, 16, 13],
			"shade": false,
			"rotation": {"angle": 45, "axis": "y", "origin": [0, 0, 0]},
			"faces": {
				"north": {"uv": [7, 0, 8, 14], "texture": "#cross"},
				"east": {"uv": [7, 0, 8, 14], "texture": "#cross"},
				"south": {"uv": [7, 0, 8, 14], "texture": "#cross"},
				"west": {"uv": [7, 0, 8, 14], "texture": "#cross"},
				"up": {"uv": [7, 0, 8, 1], "rotation": 90, "texture": "#cross"},
				"down": {"uv": [7, 13, 8, 14], "rotation": 270, "texture": "#cross"}
			}
		},
		{
			"name": "1x14",
			"from": [0, 1, 7],
			"to": [1, 15, 8],
			"shade": false,
			"rotation": {"angle": 45, "axis": "y", "origin": [0, 0, 0]},
			"faces": {
				"north": {"uv": [11, 1, 12, 15], "texture": "#cross"},
				"east": {"uv": [11, 1, 12, 15], "texture": "#cross"},
				"south": {"uv": [11, 1, 12, 15], "texture": "#cross"},
				"west": {"uv": [11, 1, 12, 15], "texture": "#cross"},
				"up": {"uv": [11, 1, 12, 2], "rotation": 90, "texture": "#cross"},
				"down": {"uv": [11, 14, 12, 15], "rotation": 270, "texture": "#cross"}
			}
		},
		{
			"name": "1x2",
			"from": [0, 9, 10],
			"to": [1, 11, 11],
			"shade": false,
			"rotation": {"angle": 45, "axis": "y", "origin": [0, 0, 0]},
			"faces": {
				"east": {"uv": [8, 5, 9, 7], "texture": "#cross"},
				"west": {"uv": [9, 5, 8, 7], "texture": "#cross"},
				"up": {"uv": [8, 5, 9, 6], "rotation": 90, "texture": "#cross"},
				"down": {"uv": [8, 6, 9, 7], "rotation": 270, "texture": "#cross"}
			}
		},
		{
			"name": "1x2",
			"from": [0, 8, 8],
			"to": [1, 10, 9],
			"shade": false,
			"rotation": {"angle": 45, "axis": "y", "origin": [0, 0, 0]},
			"faces": {
				"east": {"uv": [10, 6, 11, 8], "texture": "#cross"},
				"west": {"uv": [11, 6, 10, 8], "texture": "#cross"},
				"up": {"uv": [10, 6, 11, 7], "rotation": 90, "texture": "#cross"},
				"down": {"uv": [10, 7, 11, 8], "rotation": 270, "texture": "#cross"}
			}
		},
		{
			"name": "1x2",
			"from": [0, 3, 5],
			"to": [1, 5, 6],
			"shade": false,
			"rotation": {"angle": 45, "axis": "y", "origin": [0, 0, 0]},
			"faces": {
				"north": {"uv": [13, 11, 14, 13], "texture": "#cross"},
				"east": {"uv": [13, 11, 14, 13], "texture": "#cross"},
				"west": {"uv": [14, 11, 13, 13], "texture": "#cross"},
				"up": {"uv": [13, 11, 14, 12], "rotation": 90, "texture": "#cross"},
				"down": {"uv": [13, 12, 14, 13], "rotation": 270, "texture": "#cross"}
			}
		},
		{
			"name": "1x2",
			"from": [0, 6, 5],
			"to": [1, 8, 6],
			"shade": false,
			"rotation": {"angle": 45, "axis": "y", "origin": [0, 0, 0]},
			"faces": {
				"north": {"uv": [13, 8, 14, 10], "texture": "#cross"},
				"east": {"uv": [13, 8, 14, 10], "texture": "#cross"},
				"west": {"uv": [14, 8, 13, 10], "texture": "#cross"},
				"up": {"uv": [13, 8, 14, 9], "rotation": 90, "texture": "#cross"},
				"down": {"uv": [13, 9, 14, 10], "rotation": 270, "texture": "#cross"}
			}
		},
		{
			"name": "1x2",
			"from": [0, 10, 5],
			"to": [1, 12, 6],
			"shade": false,
			"rotation": {"angle": 45, "axis": "y", "origin": [0, 0, 0]},
			"faces": {
				"north": {"uv": [13, 4, 14, 6], "texture": "#cross"},
				"east": {"uv": [13, 4, 14, 6], "texture": "#cross"},
				"west": {"uv": [14, 4, 13, 6], "texture": "#cross"},
				"up": {"uv": [13, 4, 14, 5], "rotation": 90, "texture": "#cross"},
				"down": {"uv": [13, 5, 14, 6], "rotation": 270, "texture": "#cross"}
			}
		},
		{
			"name": "1x2",
			"from": [0, 13, 4],
			"to": [1, 15, 5],
			"shade": false,
			"rotation": {"angle": 45, "axis": "y", "origin": [0, 0, 0]},
			"faces": {
				"north": {"uv": [14, 1, 15, 3], "texture": "#cross"},
				"east": {"uv": [14, 1, 15, 3], "texture": "#cross"},
				"west": {"uv": [15, 1, 14, 3], "texture": "#cross"},
				"up": {"uv": [14, 1, 15, 2], "rotation": 90, "texture": "#cross"},
				"down": {"uv": [14, 2, 15, 3], "rotation": 270, "texture": "#cross"}
			}
		},
		{
			"name": "1x3",
			"from": [0, 13, 10],
			"to": [1, 16, 11],
			"shade": false,
			"rotation": {"angle": 45, "axis": "y", "origin": [0, 0, 0]},
			"faces": {
				"east": {"uv": [8, 0, 9, 3], "texture": "#cross"},
				"west": {"uv": [9, 0, 8, 3], "texture": "#cross"},
				"up": {"uv": [8, 0, 9, 1], "rotation": 90, "texture": "#cross"},
				"down": {"uv": [8, 2, 9, 3], "rotation": 270, "texture": "#cross"}
			}
		},
		{
			"name": "1x3",
			"from": [0, 13, 5],
			"to": [1, 16, 6],
			"shade": false,
			"rotation": {"angle": 45, "axis": "y", "origin": [0, 0, 0]},
			"faces": {
				"north": {"uv": [13, 0, 14, 3], "texture": "#cross"},
				"east": {"uv": [13, 0, 14, 3], "texture": "#cross"},
				"west": {"uv": [14, 0, 13, 3], "texture": "#cross"},
				"up": {"uv": [13, 0, 14, 1], "rotation": 90, "texture": "#cross"},
				"down": {"uv": [13, 2, 14, 3], "rotation": 270, "texture": "#cross"}
			}
		},
		{
			"name": "1x3",
			"from": [0, 8, 9],
			"to": [1, 11, 10],
			"shade": false,
			"rotation": {"angle": 45, "axis": "y", "origin": [0, 0, 0]},
			"faces": {
				"north": {"uv": [9, 5, 10, 8], "texture": "#cross"},
				"east": {"uv": [9, 5, 10, 8], "texture": "#cross"},
				"south": {"uv": [9, 5, 10, 8], "texture": "#cross"},
				"west": {"uv": [10, 5, 9, 8], "texture": "#cross"},
				"up": {"uv": [9, 5, 10, 6], "rotation": 90, "texture": "#cross"},
				"down": {"uv": [9, 7, 10, 8], "rotation": 270, "texture": "#cross"}
			}
		},
		{
			"name": "1x3",
			"from": [0, 1, 9],
			"to": [1, 4, 10],
			"shade": false,
			"rotation": {"angle": 45, "axis": "y", "origin": [0, 0, 0]},
			"faces": {
				"east": {"uv": [9, 12, 10, 15], "texture": "#cross"},
				"west": {"uv": [10, 12, 9, 15], "texture": "#cross"},
				"up": {"uv": [9, 12, 10, 13], "rotation": 90, "texture": "#cross"},
				"down": {"uv": [9, 14, 10, 15], "rotation": 270, "texture": "#cross"}
			}
		},
		{
			"name": "1x4",
			"from": [0, 12, 9],
			"to": [1, 16, 10],
			"shade": false,
			"rotation": {"angle": 45, "axis": "y", "origin": [0, 0, 0]},
			"faces": {
				"east": {"uv": [9, 0, 10, 4], "texture": "#cross"},
				"south": {"uv": [9, 0, 10, 4], "texture": "#cross"},
				"west": {"uv": [10, 0, 9, 4], "texture": "#cross"},
				"up": {"uv": [9, 0, 10, 1], "rotation": 90, "texture": "#cross"},
				"down": {"uv": [9, 3, 10, 4], "rotation": 270, "texture": "#cross"}
			}
		},
		{
			"name": "1x5",
			"from": [0, 11, 8],
			"to": [1, 16, 9],
			"shade": false,
			"rotation": {"angle": 45, "axis": "y", "origin": [0, 0, 0]},
			"faces": {
				"north": {"uv": [10, 0, 11, 5], "texture": "#cross"},
				"east": {"uv": [10, 0, 11, 5], "texture": "#cross"},
				"south": {"uv": [10, 0, 11, 5], "texture": "#cross"},
				"west": {"uv": [10, 0, 11, 5], "texture": "#cross"},
				"up": {"uv": [10, 0, 11, 1], "rotation": 90, "texture": "#cross"},
				"down": {"uv": [10, 4, 11, 5], "rotation": 270, "texture": "#cross"}
			}
		},
		{
			"name": "1x6",
			"from": [0, 3, 6],
			"to": [1, 9, 7],
			"shade": false,
			"rotation": {"angle": 45, "axis": "y", "origin": [0, 0, 0]},
			"faces": {
				"north": {"uv": [12, 7, 13, 13], "texture": "#cross"},
				"east": {"uv": [12, 7, 13, 13], "texture": "#cross"},
				"west": {"uv": [12, 7, 13, 13], "texture": "#cross"},
				"up": {"uv": [12, 7, 13, 8], "rotation": 90, "texture": "#cross"},
				"down": {"uv": [12, 12, 13, 13], "rotation": 270, "texture": "#cross"}
			}
		},
		{
			"name": "1x6",
			"from": [0, 0, 8],
			"to": [1, 6, 9],
			"shade": false,
			"rotation": {"angle": 45, "axis": "y", "origin": [0, 0, 0]},
			"faces": {
				"north": {"uv": [10, 10, 11, 16], "texture": "#cross"},
				"east": {"uv": [10, 10, 11, 16], "texture": "#cross"},
				"south": {"uv": [10, 10, 11, 16], "texture": "#cross"},
				"west": {"uv": [10, 10, 11, 16], "texture": "#cross"},
				"up": {"uv": [10, 10, 11, 11], "rotation": 90, "texture": "#cross"},
				"down": {"uv": [10, 15, 11, 16], "rotation": 270, "texture": "#cross"}
			}
		},
		{
			"name": "1x6",
			"from": [0, 10, 6],
			"to": [1, 16, 7],
			"shade": false,
			"rotation": {"angle": 45, "axis": "y", "origin": [0, 0, 0]},
			"faces": {
				"north": {"uv": [12, 0, 13, 6], "texture": "#cross"},
				"east": {"uv": [12, 0, 13, 6], "texture": "#cross"},
				"south": {"uv": [12, 0, 13, 6], "texture": "#cross"},
				"west": {"uv": [12, 0, 13, 6], "texture": "#cross"},
				"up": {"uv": [12, 0, 13, 1], "rotation": 90, "texture": "#cross"},
				"down": {"uv": [12, 5, 13, 6], "rotation": 270, "texture": "#cross"}
			}
		},
		{
			"name": "1x7",
			"from": [0, 1, 10],
			"to": [1, 8, 11],
			"shade": false,
			"rotation": {"angle": 45, "axis": "y", "origin": [0, 0, 0]},
			"faces": {
				"north": {"uv": [8, 8, 9, 15], "texture": "#cross"},
				"east": {"uv": [8, 8, 9, 15], "texture": "#cross"},
				"south": {"uv": [8, 8, 9, 15], "texture": "#cross"},
				"west": {"uv": [8, 8, 9, 15], "texture": "#cross"},
				"up": {"uv": [8, 8, 9, 9], "rotation": 90, "texture": "#cross"},
				"down": {"uv": [8, 14, 9, 15], "rotation": 270, "texture": "#cross"}
			}
		},
		{
			"name": "2x4",
			"from": [4, 2, 11],
			"to": [5, 5, 12],
			"shade": false,
			"rotation": {"angle": 45, "axis": "y", "origin": [0, 0, 0]},
			"faces": {
				"north": {"uv": [4, 11, 5, 14], "texture": "#cross"},
				"south": {"uv": [4, 11, 5, 14], "texture": "#cross"}
			}
		},
		{
			"name": "2x5",
			"from": [5, 2, 11],
			"to": [6, 5, 12],
			"shade": false,
			"rotation": {"angle": 45, "axis": "y", "origin": [0, 0, 0]},
			"faces": {
				"north": {"uv": [3, 11, 4, 14], "texture": "#cross"},
				"east": {"uv": [3, 11, 4, 14], "texture": "#cross"},
				"south": {"uv": [3, 11, 4, 14], "texture": "#cross"},
				"up": {"uv": [3, 11, 4, 12], "rotation": 180, "texture": "#cross"},
				"down": {"uv": [3, 13, 4, 14], "texture": "#cross"}
			}
		},
		{
			"name": "1x8",
			"from": [4, 7, 11],
			"to": [5, 16, 12],
			"shade": false,
			"rotation": {"angle": 45, "axis": "y", "origin": [0, 0, 0]},
			"faces": {
				"north": {"uv": [4, 0, 5, 9], "texture": "#cross"},
				"east": {"uv": [5, 0, 4, 9], "texture": "#cross"},
				"south": {"uv": [4, 0, 5, 9], "texture": "#cross"},
				"west": {"uv": [4, 0, 5, 9], "texture": "#cross"},
				"up": {"uv": [4, 0, 5, 1], "texture": "#cross"},
				"down": {"uv": [4, 8, 5, 9], "texture": "#cross"}
			}
		},
		{
			"name": "4x4",
			"from": [5, 6, 11],
			"to": [8, 9, 12],
			"shade": false,
			"rotation": {"angle": 45, "axis": "y", "origin": [0, 0, 0]},
			"faces": {
				"north": {"uv": [1, 7, 4, 10], "texture": "#cross"},
				"east": {"uv": [1, 7, 2, 10], "texture": "#cross"},
				"south": {"uv": [1, 7, 4, 10], "rotation": 180, "texture": "#cross"},
				"west": {"uv": [3, 7, 4, 10], "texture": "#cross"},
				"up": {"uv": [1, 7, 4, 8], "rotation": 180, "texture": "#cross"},
				"down": {"uv": [1, 9, 4, 10], "rotation": 180, "texture": "#cross"}
			}
		},
		{
			"name": "2x5",
			"from": [2, 12, 11],
			"to": [4, 16, 12],
			"shade": false,
			"rotation": {"angle": 45, "axis": "y", "origin": [0, 0, 0]},
			"faces": {
				"north": {"uv": [5, 0, 7, 4], "texture": "#cross"},
				"south": {"uv": [5, 0, 7, 4], "texture": "#cross"},
				"west": {"uv": [6, 0, 7, 4], "texture": "#cross"},
				"up": {"uv": [5, 0, 7, 1], "texture": "#cross"},
				"down": {"uv": [5, 3, 7, 4], "texture": "#cross"}
			}
		},
		{
			"name": "1x4",
			"from": [5, 12, 11],
			"to": [6, 15, 12],
			"shade": false,
			"rotation": {"angle": 45, "axis": "y", "origin": [0, 0, 0]},
			"faces": {
				"north": {"uv": [3, 1, 4, 4], "texture": "#cross"},
				"east": {"uv": [3, 1, 4, 4], "texture": "#cross"},
				"south": {"uv": [3, 1, 4, 4], "texture": "#cross"},
				"up": {"uv": [3, 1, 4, 2], "texture": "#cross"},
				"down": {"uv": [3, 3, 4, 4], "texture": "#cross"}
			}
		},
		{
			"name": "1x4",
			"from": [6, 11, 11],
			"to": [7, 14, 12],
			"shade": false,
			"rotation": {"angle": 45, "axis": "y", "origin": [0, 0, 0]},
			"faces": {
				"north": {"uv": [2, 2, 3, 5], "texture": "#cross"},
				"east": {"uv": [2, 2, 3, 5], "texture": "#cross"},
				"south": {"uv": [2, 2, 3, 5], "texture": "#cross"},
				"west": {"uv": [2, 2, 3, 5], "texture": "#cross"},
				"up": {"uv": [2, 2, 3, 3], "texture": "#cross"},
				"down": {"uv": [2, 4, 3, 5], "texture": "#cross"}
			}
		},
		{
			"name": "1x3",
			"from": [7, 11, 11],
			"to": [8, 13, 12],
			"shade": false,
			"rotation": {"angle": 45, "axis": "y", "origin": [0, 0, 0]},
			"faces": {
				"north": {"uv": [1, 3, 2, 5], "texture": "#cross"},
				"east": {"uv": [1, 3, 2, 5], "texture": "#cross"},
				"south": {"uv": [1, 3, 2, 5], "texture": "#cross"},
				"up": {"uv": [1, 3, 2, 4], "texture": "#cross"},
				"down": {"uv": [1, 4, 2, 5], "texture": "#cross"}
			}
		},
		{
			"name": "1x3",
			"from": [4, 5, 11],
			"to": [5, 7, 12],
			"shade": false,
			"rotation": {"angle": 45, "axis": "y", "origin": [0, 0, 0]},
			"faces": {
				"north": {"uv": [4, 9, 5, 11], "texture": "#cross"},
				"east": {"uv": [4, 9, 5, 11], "texture": "#cross"},
				"south": {"uv": [4, 9, 5, 11], "texture": "#cross"},
				"west": {"uv": [4, 9, 5, 11], "texture": "#cross"},
				"up": {"uv": [4, 9, 5, 10], "texture": "#cross"},
				"down": {"uv": [4, 10, 5, 11], "texture": "#cross"}
			}
		},
		{
			"name": "1x4",
			"from": [3, 2, 11],
			"to": [4, 5, 12],
			"shade": false,
			"rotation": {"angle": 45, "axis": "y", "origin": [0, 0, 0]},
			"faces": {
				"north": {"uv": [5, 11, 6, 14], "texture": "#cross"},
				"south": {"uv": [5, 11, 6, 14], "texture": "#cross"},
				"west": {"uv": [5, 11, 6, 14], "texture": "#cross"},
				"up": {"uv": [5, 11, 6, 12], "texture": "#cross"},
				"down": {"uv": [5, 13, 6, 14], "texture": "#cross"}
			}
		},
		{
			"name": "1x5",
			"from": [3, 7, 11],
			"to": [4, 11, 12],
			"shade": false,
			"rotation": {"angle": 45, "axis": "y", "origin": [0, 0, 0]},
			"faces": {
				"north": {"uv": [5, 5, 6, 9], "texture": "#cross"},
				"south": {"uv": [5, 5, 6, 9], "texture": "#cross"},
				"west": {"uv": [5, 5, 6, 9], "texture": "#cross"},
				"up": {"uv": [5, 5, 6, 6], "texture": "#cross"},
				"down": {"uv": [5, 8, 6, 9], "texture": "#cross"}
			}
		},
		{
			"name": "1x4",
			"from": [2, 5, 11],
			"to": [3, 8, 12],
			"shade": false,
			"rotation": {"angle": 45, "axis": "y", "origin": [0, 0, 0]},
			"faces": {
				"north": {"uv": [6, 8, 7, 11], "texture": "#cross"},
				"east": {"uv": [6, 8, 7, 11], "texture": "#cross"},
				"south": {"uv": [6, 8, 7, 11], "texture": "#cross"},
				"west": {"uv": [6, 8, 7, 11], "texture": "#cross"},
				"up": {"uv": [6, 8, 7, 9], "texture": "#cross"},
				"down": {"uv": [6, 10, 7, 11], "texture": "#cross"}
			}
		},
		{
			"name": "1x3",
			"from": [5, 9, 11],
			"to": [6, 11, 12],
			"shade": false,
			"rotation": {"angle": 45, "axis": "y", "origin": [0, 0, 0]},
			"faces": {
				"north": {"uv": [3, 5, 4, 7], "texture": "#cross"},
				"east": {"uv": [3, 5, 4, 7], "texture": "#cross"},
				"south": {"uv": [3, 5, 4, 7], "texture": "#cross"},
				"up": {"uv": [3, 5, 4, 6], "texture": "#cross"},
				"down": {"uv": [3, 6, 4, 7], "texture": "#cross"}
			}
		},
		{
			"name": "2x2",
			"from": [6, 9, 11],
			"to": [7, 10, 12],
			"shade": false,
			"rotation": {"angle": 45, "axis": "y", "origin": [0, 0, 0]},
			"faces": {
				"north": {"uv": [2, 6, 3, 7], "texture": "#cross"},
				"east": {"uv": [2, 6, 3, 7], "texture": "#cross"},
				"south": {"uv": [2, 6, 3, 7], "texture": "#cross"},
				"up": {"uv": [2, 6, 3, 7], "texture": "#cross"},
				"down": {"uv": [2, 6, 3, 7], "texture": "#cross"}
			}
		},
		{
			"name": "2x2",
			"from": [4, 1, 11],
			"to": [5, 2, 12],
			"shade": false,
			"rotation": {"angle": 45, "axis": "y", "origin": [0, 0, 0]},
			"faces": {
				"north": {"uv": [4, 14, 5, 15], "texture": "#cross"},
				"east": {"uv": [4, 14, 5, 15], "texture": "#cross"},
				"south": {"uv": [4, 14, 5, 15], "texture": "#cross"},
				"west": {"uv": [4, 14, 5, 15], "texture": "#cross"},
				"up": {"uv": [4, 14, 5, 15], "texture": "#cross"},
				"down": {"uv": [4, 14, 5, 15], "texture": "#cross"}
			}
		},
		{
			"name": "2x2",
			"from": [2, 11, 11],
			"to": [3, 12, 12],
			"shade": false,
			"rotation": {"angle": 45, "axis": "y", "origin": [0, 0, 0]},
			"faces": {
				"north": {"uv": [6, 4, 7, 5], "texture": "#cross"},
				"east": {"uv": [6, 4, 7, 5], "texture": "#cross"},
				"south": {"uv": [6, 4, 7, 5], "texture": "#cross"},
				"west": {"uv": [6, 4, 7, 5], "texture": "#cross"},
				"up": {"uv": [6, 4, 7, 5], "texture": "#cross"},
				"down": {"uv": [6, 4, 7, 5], "texture": "#cross"}
			}
		},
		{
			"name": "1x15",
			"from": [1, 2, 11],
			"to": [2, 16, 12],
			"shade": false,
			"rotation": {"angle": 45, "axis": "y", "origin": [0, 0, 0]},
			"faces": {
				"north": {"uv": [7, 0, 8, 14], "texture": "#cross"},
				"east": {"uv": [7, 0, 8, 14], "texture": "#cross"},
				"south": {"uv": [7, 0, 8, 14], "texture": "#cross"},
				"west": {"uv": [7, 0, 8, 14], "texture": "#cross"},
				"up": {"uv": [7, 0, 8, 1], "texture": "#cross"},
				"down": {"uv": [7, 13, 8, 14], "texture": "#cross"}
			}
		},
		{
			"name": "1x15",
			"from": [-4, 1, 11],
			"to": [-3, 15, 12],
			"shade": false,
			"rotation": {"angle": 45, "axis": "y", "origin": [0, 0, 0]},
			"faces": {
				"north": {"uv": [11, 1, 12, 15], "texture": "#cross"},
				"east": {"uv": [11, 1, 12, 15], "texture": "#cross"},
				"south": {"uv": [11, 1, 12, 15], "texture": "#cross"},
				"west": {"uv": [11, 1, 12, 15], "texture": "#cross"},
				"up": {"uv": [11, 1, 12, 2], "texture": "#cross"},
				"down": {"uv": [11, 14, 12, 15], "texture": "#cross"}
			}
		},
		{
			"name": "1x3",
			"from": [-1, 9, 11],
			"to": [0, 11, 12],
			"shade": false,
			"rotation": {"angle": 45, "axis": "y", "origin": [0, 0, 0]},
			"faces": {
				"north": {"uv": [8, 5, 9, 7], "texture": "#cross"},
				"south": {"uv": [9, 5, 8, 7], "texture": "#cross"},
				"up": {"uv": [8, 5, 9, 6], "texture": "#cross"},
				"down": {"uv": [8, 6, 9, 7], "texture": "#cross"}
			}
		},
		{
			"name": "1x3",
			"from": [-3, 8, 11],
			"to": [-2, 10, 12],
			"shade": false,
			"rotation": {"angle": 45, "axis": "y", "origin": [0, 0, 0]},
			"faces": {
				"north": {"uv": [10, 6, 11, 8], "texture": "#cross"},
				"south": {"uv": [11, 6, 10, 8], "texture": "#cross"},
				"up": {"uv": [10, 6, 11, 7], "texture": "#cross"},
				"down": {"uv": [10, 7, 11, 8], "texture": "#cross"}
			}
		},
		{
			"name": "1x3",
			"from": [-6, 3, 11],
			"to": [-5, 5, 12],
			"shade": false,
			"rotation": {"angle": 45, "axis": "y", "origin": [0, 0, 0]},
			"faces": {
				"north": {"uv": [13, 11, 14, 13], "texture": "#cross"},
				"south": {"uv": [14, 11, 13, 13], "texture": "#cross"},
				"west": {"uv": [13, 11, 14, 13], "texture": "#cross"},
				"up": {"uv": [13, 11, 14, 12], "texture": "#cross"},
				"down": {"uv": [13, 12, 14, 13], "texture": "#cross"}
			}
		},
		{
			"name": "1x3",
			"from": [-6, 6, 11],
			"to": [-5, 8, 12],
			"shade": false,
			"rotation": {"angle": 45, "axis": "y", "origin": [0, 0, 0]},
			"faces": {
				"north": {"uv": [13, 8, 14, 10], "texture": "#cross"},
				"south": {"uv": [14, 8, 13, 10], "texture": "#cross"},
				"west": {"uv": [13, 8, 14, 10], "texture": "#cross"},
				"up": {"uv": [13, 8, 14, 9], "texture": "#cross"},
				"down": {"uv": [13, 9, 14, 10], "texture": "#cross"}
			}
		},
		{
			"name": "1x3",
			"from": [-6, 10, 11],
			"to": [-5, 12, 12],
			"shade": false,
			"rotation": {"angle": 45, "axis": "y", "origin": [0, 0, 0]},
			"faces": {
				"north": {"uv": [13, 4, 14, 6], "texture": "#cross"},
				"south": {"uv": [14, 4, 13, 6], "texture": "#cross"},
				"west": {"uv": [13, 4, 14, 6], "texture": "#cross"},
				"up": {"uv": [13, 4, 14, 5], "texture": "#cross"},
				"down": {"uv": [13, 5, 14, 6], "texture": "#cross"}
			}
		},
		{
			"name": "1x3",
			"from": [-7, 13, 11],
			"to": [-6, 15, 12],
			"shade": false,
			"rotation": {"angle": 45, "axis": "y", "origin": [0, 0, 0]},
			"faces": {
				"north": {"uv": [14, 1, 15, 3], "texture": "#cross"},
				"south": {"uv": [15, 1, 14, 3], "texture": "#cross"},
				"west": {"uv": [14, 1, 15, 3], "texture": "#cross"},
				"up": {"uv": [14, 1, 15, 2], "texture": "#cross"},
				"down": {"uv": [14, 2, 15, 3], "texture": "#cross"}
			}
		},
		{
			"name": "1x4",
			"from": [-1, 13, 11],
			"to": [0, 16, 12],
			"shade": false,
			"rotation": {"angle": 45, "axis": "y", "origin": [0, 0, 0]},
			"faces": {
				"north": {"uv": [8, 0, 9, 3], "texture": "#cross"},
				"south": {"uv": [9, 0, 8, 3], "texture": "#cross"},
				"up": {"uv": [8, 0, 9, 1], "texture": "#cross"},
				"down": {"uv": [8, 2, 9, 3], "texture": "#cross"}
			}
		},
		{
			"name": "1x4",
			"from": [-6, 13, 11],
			"to": [-5, 16, 12],
			"shade": false,
			"rotation": {"angle": 45, "axis": "y", "origin": [0, 0, 0]},
			"faces": {
				"north": {"uv": [13, 0, 14, 3], "texture": "#cross"},
				"south": {"uv": [14, 0, 13, 3], "texture": "#cross"},
				"west": {"uv": [13, 0, 14, 3], "texture": "#cross"},
				"up": {"uv": [13, 0, 14, 1], "texture": "#cross"},
				"down": {"uv": [13, 2, 14, 3], "texture": "#cross"}
			}
		},
		{
			"name": "1x4",
			"from": [-2, 8, 11],
			"to": [-1, 11, 12],
			"shade": false,
			"rotation": {"angle": 45, "axis": "y", "origin": [0, 0, 0]},
			"faces": {
				"north": {"uv": [9, 5, 10, 8], "texture": "#cross"},
				"east": {"uv": [9, 5, 10, 8], "texture": "#cross"},
				"south": {"uv": [10, 5, 9, 8], "texture": "#cross"},
				"west": {"uv": [9, 5, 10, 8], "texture": "#cross"},
				"up": {"uv": [9, 5, 10, 6], "texture": "#cross"},
				"down": {"uv": [9, 7, 10, 8], "texture": "#cross"}
			}
		},
		{
			"name": "1x4",
			"from": [-2, 1, 11],
			"to": [-1, 4, 12],
			"shade": false,
			"rotation": {"angle": 45, "axis": "y", "origin": [0, 0, 0]},
			"faces": {
				"north": {"uv": [9, 12, 10, 15], "texture": "#cross"},
				"south": {"uv": [10, 12, 9, 15], "texture": "#cross"},
				"up": {"uv": [9, 12, 10, 13], "texture": "#cross"},
				"down": {"uv": [9, 14, 10, 15], "texture": "#cross"}
			}
		},
		{
			"name": "1x5",
			"from": [-2, 12, 11],
			"to": [-1, 16, 12],
			"shade": false,
			"rotation": {"angle": 45, "axis": "y", "origin": [0, 0, 0]},
			"faces": {
				"north": {"uv": [9, 0, 10, 4], "texture": "#cross"},
				"east": {"uv": [9, 0, 10, 4], "texture": "#cross"},
				"south": {"uv": [10, 0, 9, 4], "texture": "#cross"},
				"up": {"uv": [9, 0, 10, 1], "texture": "#cross"},
				"down": {"uv": [9, 3, 10, 4], "texture": "#cross"}
			}
		},
		{
			"name": "1x6",
			"from": [-3, 11, 11],
			"to": [-2, 16, 12],
			"shade": false,
			"rotation": {"angle": 45, "axis": "y", "origin": [0, 0, 0]},
			"faces": {
				"north": {"uv": [10, 0, 11, 5], "texture": "#cross"},
				"east": {"uv": [10, 0, 11, 5], "texture": "#cross"},
				"south": {"uv": [10, 0, 11, 5], "texture": "#cross"},
				"west": {"uv": [10, 0, 11, 5], "texture": "#cross"},
				"up": {"uv": [10, 0, 11, 1], "texture": "#cross"},
				"down": {"uv": [10, 4, 11, 5], "texture": "#cross"}
			}
		},
		{
			"name": "1x7",
			"from": [-5, 3, 11],
			"to": [-4, 9, 12],
			"shade": false,
			"rotation": {"angle": 45, "axis": "y", "origin": [0, 0, 0]},
			"faces": {
				"north": {"uv": [12, 7, 13, 13], "texture": "#cross"},
				"south": {"uv": [12, 7, 13, 13], "texture": "#cross"},
				"west": {"uv": [12, 7, 13, 13], "texture": "#cross"},
				"up": {"uv": [12, 7, 13, 8], "texture": "#cross"},
				"down": {"uv": [12, 12, 13, 13], "texture": "#cross"}
			}
		},
		{
			"name": "1x7",
			"from": [-3, 0, 11],
			"to": [-2, 6, 12],
			"shade": false,
			"rotation": {"angle": 45, "axis": "y", "origin": [0, 0, 0]},
			"faces": {
				"north": {"uv": [10, 10, 11, 16], "texture": "#cross"},
				"east": {"uv": [10, 10, 11, 16], "texture": "#cross"},
				"south": {"uv": [10, 10, 11, 16], "texture": "#cross"},
				"west": {"uv": [10, 10, 11, 16], "texture": "#cross"},
				"up": {"uv": [10, 10, 11, 11], "texture": "#cross"},
				"down": {"uv": [10, 15, 11, 16], "texture": "#cross"}
			}
		},
		{
			"name": "1x7",
			"from": [-5, 10, 11],
			"to": [-4, 16, 12],
			"shade": false,
			"rotation": {"angle": 45, "axis": "y", "origin": [0, 0, 0]},
			"faces": {
				"north": {"uv": [12, 0, 13, 6], "texture": "#cross"},
				"east": {"uv": [12, 0, 13, 6], "texture": "#cross"},
				"south": {"uv": [12, 0, 13, 6], "texture": "#cross"},
				"west": {"uv": [12, 0, 13, 6], "texture": "#cross"},
				"up": {"uv": [12, 0, 13, 1], "texture": "#cross"},
				"down": {"uv": [12, 5, 13, 6], "texture": "#cross"}
			}
		},
		{
			"name": "1x8",
			"from": [-1, 1, 11],
			"to": [0, 8, 12],
			"shade": false,
			"rotation": {"angle": 45, "axis": "y", "origin": [0, 0, 0]},
			"faces": {
				"north": {"uv": [8, 8, 9, 15], "texture": "#cross"},
				"east": {"uv": [8, 8, 9, 15], "texture": "#cross"},
				"south": {"uv": [8, 8, 9, 15], "texture": "#cross"},
				"west": {"uv": [8, 8, 9, 15], "texture": "#cross"},
				"up": {"uv": [8, 8, 9, 9], "texture": "#cross"},
				"down": {"uv": [8, 14, 9, 15], "texture": "#cross"}
			}
		}
	],
	"groups": [
		{
			"name": "left one",
			"origin": [0, 0, 0],
			"color": 0,
			"shade": false,
			"children": [0, 1, 2, 3, 4, 5, 6, 7, 8, 9, 10, 11, 12, 13, 14, 15, 16]
		},
		{
			"name": "right one",
			"origin": [0, 0, 0],
			"color": 0,
			"shade": false,
			"children": [17, 18, 19, 20, 21, 22, 23, 24, 25, 26, 27, 28, 29, 30, 31, 32, 33]
		},
		{
			"name": "left two",
			"origin": [0, 0, 0],
			"color": 0,
			"shade": false,
			"children": [34, 35, 36, 37, 38, 39, 40, 41, 42, 43, 44, 45, 46, 47, 48, 49, 50]
		},
		{
			"name": "right two",
			"origin": [0, 0, 0],
			"color": 0,
			"shade": false,
			"children": [51, 52, 53, 54, 55, 56, 57, 58, 59, 60, 61, 62, 63, 64, 65, 66, 67]
		}
	]
}