{
	"credit": "Made with Blockbench",
	"parent": "minecraft:block/cross",
	"textures": {
		"1": "blocks/cave_vines_plant",
		"particle": "blocks/cave_vines_plant"
	},
	"elements": [
		{
			"name": "1x3",
			"from": [0, 9, 10],
			"to": [1, 11, 11],
			"shade": false,
			"rotation": {"angle": 45, "axis": "y", "origin": [0, 0, 0]},
			"faces": {
				"north": {"uv": [8, 5, 9, 7], "texture": "#1"},
				"east": {"uv": [8, 5, 9, 7], "texture": "#1"},
				"west": {"uv": [8, 5, 9, 7], "texture": "#1"},
				"up": {"uv": [8, 5, 9, 6], "rotation": 270, "texture": "#1"},
				"down": {"uv": [8, 6, 9, 7], "rotation": 90, "texture": "#1"}
			}
		},
		{
			"name": "1x4",
			"from": [0, 5, 10],
			"to": [1, 8, 11],
			"shade": false,
			"rotation": {"angle": 45, "axis": "y", "origin": [0, 0, 0]},
			"faces": {
				"east": {"uv": [8, 8, 9, 11], "texture": "#1"},
				"west": {"uv": [8, 8, 9, 11], "texture": "#1"},
				"up": {"uv": [8, 8, 9, 9], "rotation": 270, "texture": "#1"},
				"down": {"uv": [8, 10, 9, 11], "rotation": 90, "texture": "#1"}
			}
		},
		{
			"name": "1x4",
			"from": [0, 13, 10],
			"to": [1, 16, 11],
			"shade": false,
			"rotation": {"angle": 45, "axis": "y", "origin": [0, 0, 0]},
			"faces": {
				"east": {"uv": [8, 0, 9, 3], "texture": "#1"},
				"west": {"uv": [8, 0, 9, 3], "texture": "#1"},
				"up": {"uv": [8, 0, 9, 1], "rotation": 270, "texture": "#1"},
				"down": {"uv": [8, 2, 9, 3], "rotation": 90, "texture": "#1"}
			}
		},
		{
			"name": "1x5",
			"from": [0, 0, 10],
			"to": [1, 4, 11],
			"shade": false,
			"rotation": {"angle": 45, "axis": "y", "origin": [0, 0, 0]},
			"faces": {
				"north": {"uv": [8, 12, 9, 16], "texture": "#1"},
				"east": {"uv": [8, 12, 9, 16], "texture": "#1"},
				"south": {"uv": [8, 12, 9, 16], "texture": "#1"},
				"west": {"uv": [8, 12, 9, 16], "texture": "#1"},
				"up": {"uv": [8, 12, 9, 13], "rotation": 270, "texture": "#1"},
				"down": {"uv": [8, 15, 9, 16], "rotation": 90, "texture": "#1"}
			}
		},
		{
			"name": "1x5",
			"from": [0, 12, 9],
			"to": [1, 16, 10],
			"shade": false,
			"rotation": {"angle": 45, "axis": "y", "origin": [0, 0, 0]},
			"faces": {
				"east": {"uv": [9, 0, 10, 4], "texture": "#1"},
				"south": {"uv": [9, 0, 10, 4], "texture": "#1"},
				"west": {"uv": [9, 0, 10, 4], "texture": "#1"},
				"up": {"uv": [9, 0, 10, 1], "rotation": 270, "texture": "#1"},
				"down": {"uv": [9, 3, 10, 4], "rotation": 90, "texture": "#1"}
			}
		},
		{
			"name": "1x5",
			"from": [0, 11, 7],
			"to": [1, 15, 8],
			"shade": false,
			"rotation": {"angle": 45, "axis": "y", "origin": [0, 0, 0]},
			"faces": {
				"east": {"uv": [11, 1, 12, 5], "texture": "#1"},
				"west": {"uv": [11, 1, 12, 5], "texture": "#1"},
				"up": {"uv": [11, 1, 12, 2], "rotation": 270, "texture": "#1"},
				"down": {"uv": [11, 4, 12, 5], "rotation": 90, "texture": "#1"}
			}
		},
		{
			"name": "1x6",
			"from": [0, 11, 8],
			"to": [1, 16, 9],
			"shade": false,
			"rotation": {"angle": 45, "axis": "y", "origin": [0, 0, 0]},
			"faces": {
				"north": {"uv": [10, 0, 11, 5], "texture": "#1"},
				"east": {"uv": [10, 0, 11, 5], "texture": "#1"},
				"south": {"uv": [10, 0, 11, 5], "texture": "#1"},
				"west": {"uv": [10, 0, 11, 5], "texture": "#1"},
				"up": {"uv": [10, 0, 11, 1], "rotation": 270, "texture": "#1"},
				"down": {"uv": [10, 4, 11, 5], "rotation": 90, "texture": "#1"}
			}
		},
		{
			"name": "1x7",
			"from": [0, 3, 9],
			"to": [1, 9, 10],
			"shade": false,
			"rotation": {"angle": 45, "axis": "y", "origin": [0, 0, 0]},
			"faces": {
				"east": {"uv": [9, 7, 10, 13], "texture": "#1"},
				"south": {"uv": [9, 7, 10, 13], "texture": "#1"},
				"west": {"uv": [9, 7, 10, 13], "texture": "#1"},
				"up": {"uv": [9, 7, 10, 8], "rotation": 270, "texture": "#1"},
				"down": {"uv": [9, 12, 10, 13], "rotation": 90, "texture": "#1"}
			}
		},
		{
			"name": "1x7",
			"from": [0, 0, 6],
			"to": [1, 6, 7],
			"shade": false,
			"rotation": {"angle": 45, "axis": "y", "origin": [0, 0, 0]},
			"faces": {
				"east": {"uv": [12, 10, 13, 16], "texture": "#1"},
				"south": {"uv": [12, 10, 13, 16], "texture": "#1"},
				"west": {"uv": [12, 10, 13, 16], "texture": "#1"},
				"up": {"uv": [12, 10, 13, 11], "rotation": 270, "texture": "#1"},
				"down": {"uv": [12, 15, 13, 16], "rotation": 90, "texture": "#1"}
			}
		},
		{
			"name": "1x8",
			"from": [0, 2, 8],
			"to": [1, 9, 9],
			"shade": false,
			"rotation": {"angle": 45, "axis": "y", "origin": [0, 0, 0]},
			"faces": {
				"east": {"uv": [10, 7, 11, 14], "texture": "#1"},
				"south": {"uv": [10, 7, 11, 14], "texture": "#1"},
				"west": {"uv": [10, 7, 11, 14], "texture": "#1"},
				"up": {"uv": [10, 7, 11, 8], "rotation": 270, "texture": "#1"},
				"down": {"uv": [10, 13, 11, 14], "rotation": 90, "texture": "#1"}
			}
		},
		{
			"name": "1x9",
			"from": [0, 8, 6],
			"to": [1, 16, 7],
			"shade": false,
			"rotation": {"angle": 45, "axis": "y", "origin": [0, 0, 0]},
			"faces": {
				"north": {"uv": [12, 0, 13, 8], "texture": "#1"},
				"east": {"uv": [12, 0, 13, 8], "texture": "#1"},
				"south": {"uv": [12, 0, 13, 8], "texture": "#1"},
				"west": {"uv": [12, 0, 13, 8], "texture": "#1"},
				"up": {"uv": [12, 0, 13, 1], "rotation": 270, "texture": "#1"},
				"down": {"uv": [12, 7, 13, 8], "rotation": 90, "texture": "#1"}
			}
		},
		{
			"name": "1x10",
			"from": [0, 1, 7],
			"to": [1, 10, 8],
			"shade": false,
			"rotation": {"angle": 45, "axis": "y", "origin": [0, 0, 0]},
			"faces": {
				"north": {"uv": [11, 6, 12, 15], "texture": "#1"},
				"east": {"uv": [11, 6, 12, 15], "texture": "#1"},
				"south": {"uv": [11, 6, 12, 15], "texture": "#1"},
				"west": {"uv": [11, 6, 12, 15], "texture": "#1"},
				"up": {"uv": [11, 6, 12, 7], "rotation": 270, "texture": "#1"},
				"down": {"uv": [11, 14, 12, 15], "rotation": 90, "texture": "#1"}
			}
		},
		{
			"name": "1x10",
			"from": [0, 1, 5],
			"to": [1, 10, 6],
			"shade": false,
			"rotation": {"angle": 45, "axis": "y", "origin": [0, 0, 0]},
			"faces": {
				"north": {"uv": [13, 6, 14, 15], "texture": "#1"},
				"east": {"uv": [13, 6, 14, 15], "texture": "#1"},
				"south": {"uv": [13, 6, 14, 15], "texture": "#1"},
				"west": {"uv": [13, 6, 14, 15], "texture": "#1"},
				"up": {"uv": [13, 6, 14, 7], "rotation": 270, "texture": "#1"},
				"down": {"uv": [13, 14, 14, 15], "rotation": 90, "texture": "#1"}
			}
		},
		{
			"name": "2x2",
			"from": [0, 14, 3],
			"to": [1, 15, 5],
			"shade": false,
			"rotation": {"angle": 45, "axis": "y", "origin": [0, 0, 0]},
			"faces": {
				"north": {"uv": [15, 1, 16, 2], "texture": "#1"},
				"east": {"uv": [14, 1, 16, 2], "texture": "#1"},
				"south": {"uv": [14, 1, 15, 2], "texture": "#1"},
				"west": {"uv": [14, 1, 16, 2], "texture": "#1"},
				"up": {"uv": [14, 1, 16, 2], "rotation": 270, "texture": "#1"},
				"down": {"uv": [14, 1, 16, 2], "rotation": 90, "texture": "#1"}
			}
		},
		{
			"name": "2x2",
			"from": [0, 0, 4],
			"to": [1, 1, 6],
			"shade": false,
			"rotation": {"angle": 45, "axis": "y", "origin": [0, 0, 0]},
			"faces": {
				"north": {"uv": [14, 15, 15, 16], "texture": "#1"},
				"east": {"uv": [13, 16, 15, 15], "texture": "#1"},
				"west": {"uv": [13, 15, 15, 16], "rotation": 180, "texture": "#1"},
				"up": {"uv": [13, 15, 15, 16], "rotation": 270, "texture": "#1"},
				"down": {"uv": [13, 15, 15, 16], "rotation": 90, "texture": "#1"}
			}
		},
		{
			"name": "3x2",
			"from": [0, 15, 3],
			"to": [1, 16, 6],
			"shade": false,
			"rotation": {"angle": 45, "axis": "y", "origin": [0, 0, 0]},
			"faces": {
				"north": {"uv": [15, 0, 16, 1], "texture": "#1"},
				"east": {"uv": [13, 0, 16, 1], "texture": "#1"},
				"west": {"uv": [13, 0, 16, 1], "texture": "#1"},
				"up": {"uv": [13, 0, 16, 1], "rotation": 270, "texture": "#1"},
				"down": {"uv": [13, 0, 16, 1], "rotation": 90, "texture": "#1"}
			}
		},
		{
			"name": "2x2",
			"from": [0, 11, 14],
			"to": [1, 12, 15],
			"shade": false,
			"rotation": {"angle": 45, "axis": "y", "origin": [0, 0, 0]},
			"faces": {
				"east": {"uv": [5, 4, 6, 5], "texture": "#1"},
				"south": {"uv": [5, 4, 6, 5], "texture": "#1"},
				"west": {"uv": [5, 4, 6, 5], "texture": "#1"},
				"up": {"uv": [5, 4, 6, 5], "rotation": 270, "texture": "#1"}
			}
		},
		{
			"name": "2x2",
			"from": [0, 10, 18],
			"to": [1, 11, 19],
			"shade": false,
			"rotation": {"angle": 45, "axis": "y", "origin": [0, 0, 0]},
			"faces": {
				"north": {"uv": [1, 5, 2, 6], "texture": "#1"},
				"east": {"uv": [1, 5, 2, 6], "texture": "#1"},
				"west": {"uv": [1, 5, 2, 6], "texture": "#1"},
				"down": {"uv": [1, 5, 2, 6], "rotation": 90, "texture": "#1"}
			}
		},
		{
			"name": "2x2",
			"from": [0, 8, 13],
			"to": [1, 9, 14],
			"shade": false,
			"rotation": {"angle": 45, "axis": "y", "origin": [0, 0, 0]},
			"faces": {
				"north": {"uv": [6, 7, 7, 8], "texture": "#1"},
				"east": {"uv": [6, 7, 7, 8], "texture": "#1"},
				"west": {"uv": [6, 7, 7, 8], "texture": "#1"},
				"down": {"uv": [6, 7, 7, 8], "rotation": 90, "texture": "#1"}
			}
		},
		{
			"name": "2x2",
			"from": [0, 6, 13],
			"to": [1, 7, 14],
			"shade": false,
			"rotation": {"angle": 45, "axis": "y", "origin": [0, 0, 0]},
			"faces": {
				"east": {"uv": [7, 8, 8, 9], "texture": "#1"},
				"south": {"uv": [7, 8, 8, 9], "texture": "#1"},
				"west": {"uv": [7, 8, 8, 9], "texture": "#1"},
				"up": {"uv": [7, 8, 8, 9], "rotation": 270, "texture": "#1"}
			}
		},
		{
			"name": "2x2",
			"from": [0, 1, 17],
			"to": [1, 2, 18],
			"shade": false,
			"rotation": {"angle": 45, "axis": "y", "origin": [0, 0, 0]},
			"faces": {
				"east": {"uv": [2, 14, 3, 15], "texture": "#1"},
				"south": {"uv": [2, 14, 3, 15], "texture": "#1"},
				"west": {"uv": [2, 14, 3, 15], "texture": "#1"},
				"up": {"uv": [2, 14, 3, 15], "rotation": 270, "texture": "#1"}
			}
		},
		{
			"name": "1x3",
			"from": [0, 11, 13],
			"to": [1, 13, 14],
			"shade": false,
			"rotation": {"angle": 45, "axis": "y", "origin": [0, 0, 0]},
			"faces": {
				"east": {"uv": [6, 3, 7, 5], "texture": "#1"},
				"south": {"uv": [6, 3, 7, 5], "texture": "#1"},
				"west": {"uv": [6, 3, 7, 5], "texture": "#1"},
				"up": {"uv": [6, 3, 7, 4], "rotation": 270, "texture": "#1"}
			}
		},
		{
			"name": "1x3",
			"from": [0, 6, 12],
			"to": [1, 8, 13],
			"shade": false,
			"rotation": {"angle": 45, "axis": "y", "origin": [0, 0, 0]},
			"faces": {
				"east": {"uv": [7, 8, 8, 10], "texture": "#1"},
				"south": {"uv": [7, 8, 8, 10], "texture": "#1"},
				"west": {"uv": [7, 8, 8, 10], "texture": "#1"},
				"up": {"uv": [7, 8, 8, 9], "rotation": 270, "texture": "#1"}
			}
		},
		{
			"name": "1x3",
			"from": [0, 5, 15],
			"to": [1, 7, 16],
			"shade": false,
			"rotation": {"angle": 45, "axis": "y", "origin": [0, 0, 0]},
			"faces": {
				"north": {"uv": [4, 9, 5, 11], "texture": "#1"},
				"east": {"uv": [4, 9, 5, 11], "texture": "#1"},
				"south": {"uv": [4, 9, 5, 11], "texture": "#1"},
				"west": {"uv": [4, 9, 5, 11], "texture": "#1"},
				"down": {"uv": [4, 10, 5, 11], "rotation": 90, "texture": "#1"}
			}
		},
		{
			"name": "1x3",
			"from": [0, 2, 14],
			"to": [1, 4, 15],
			"shade": false,
			"rotation": {"angle": 45, "axis": "y", "origin": [0, 0, 0]},
			"faces": {
				"north": {"uv": [5, 12, 6, 14], "texture": "#1"},
				"east": {"uv": [5, 12, 6, 14], "texture": "#1"},
				"south": {"uv": [5, 12, 6, 14], "texture": "#1"},
				"west": {"uv": [5, 12, 6, 14], "texture": "#1"},
				"down": {"uv": [5, 13, 6, 14], "rotation": 90, "texture": "#1"}
			}
		},
		{
			"name": "1x3",
			"from": [0, 10, 19],
			"to": [1, 12, 20],
			"shade": false,
			"rotation": {"angle": 45, "axis": "y", "origin": [0, 0, 0]},
			"faces": {
				"east": {"uv": [0, 4, 1, 6], "texture": "#1"},
				"south": {"uv": [0, 4, 1, 6], "texture": "#1"},
				"west": {"uv": [0, 4, 1, 6], "texture": "#1"},
				"up": {"uv": [0, 4, 1, 5], "rotation": 270, "texture": "#1"},
				"down": {"uv": [0, 5, 1, 6], "rotation": 90, "texture": "#1"}
			}
		},
		{
			"name": "1x8",
			"from": [0, 7, 16],
			"to": [1, 14, 17],
			"shade": false,
			"rotation": {"angle": 45, "axis": "y", "origin": [0, 0, 0]},
			"faces": {
				"north": {"uv": [3, 2, 4, 9], "texture": "#1"},
				"east": {"uv": [3, 2, 4, 9], "texture": "#1"},
				"south": {"uv": [3, 2, 4, 9], "texture": "#1"},
				"west": {"uv": [3, 2, 4, 9], "texture": "#1"},
				"up": {"uv": [3, 2, 4, 3], "rotation": 270, "texture": "#1"},
				"down": {"uv": [3, 8, 4, 9], "rotation": 90, "texture": "#1"}
			}
		},
		{
			"name": "1x8",
			"from": [0, 9, 12],
			"to": [1, 16, 13],
			"shade": false,
			"rotation": {"angle": 45, "axis": "y", "origin": [0, 0, 0]},
			"faces": {
				"north": {"uv": [7, 0, 8, 7], "texture": "#1"},
				"east": {"uv": [7, 0, 8, 7], "texture": "#1"},
				"south": {"uv": [7, 0, 8, 7], "texture": "#1"},
				"west": {"uv": [7, 0, 8, 7], "texture": "#1"},
				"up": {"uv": [7, 0, 8, 1], "rotation": 270, "texture": "#1"},
				"down": {"uv": [7, 6, 8, 7], "rotation": 90, "texture": "#1"}
			}
		},
		{
			"name": "3x3",
			"from": [0, 11, 17],
			"to": [1, 13, 19],
			"shade": false,
			"rotation": {"angle": 45, "axis": "y", "origin": [0, 0, 0]},
			"faces": {
				"east": {"uv": [1, 3, 3, 5], "texture": "#1"},
				"south": {"uv": [1, 3, 2, 5], "texture": "#1"},
				"west": {"uv": [1, 3, 3, 5], "rotation": 90, "texture": "#1"},
				"up": {"uv": [1, 3, 3, 4], "rotation": 270, "texture": "#1"},
				"down": {"uv": [1, 4, 3, 5], "rotation": 90, "texture": "#1"}
			}
		},
		{
			"name": "3x3",
			"from": [0, 1, 15],
			"to": [1, 3, 17],
			"shade": false,
			"rotation": {"angle": 45, "axis": "y", "origin": [0, 0, 0]},
			"faces": {
				"north": {"uv": [4, 13, 5, 15], "texture": "#1"},
				"east": {"uv": [3, 13, 5, 15], "texture": "#1"},
				"south": {"uv": [3, 13, 4, 15], "texture": "#1"},
				"west": {"uv": [3, 13, 5, 15], "rotation": 90, "texture": "#1"},
				"up": {"uv": [3, 13, 5, 14], "rotation": 270, "texture": "#1"}
			}
		},
		{
			"name": "3x3",
			"from": [0, 0, 12],
			"to": [1, 2, 14],
			"shade": false,
			"rotation": {"angle": 45, "axis": "y", "origin": [0, 0, 0]},
			"faces": {
				"east": {"uv": [6, 14, 8, 16], "texture": "#1"},
				"south": {"uv": [6, 14, 7, 16], "texture": "#1"},
				"west": {"uv": [6, 14, 8, 16], "texture": "#1"},
				"up": {"uv": [6, 14, 8, 15], "rotation": 270, "texture": "#1"},
				"down": {"uv": [6, 15, 8, 16], "rotation": 90, "texture": "#1"}
			}
		},
		{
			"name": "3x3",
			"from": [0, 7, 14],
			"to": [1, 9, 16],
			"shade": false,
			"rotation": {"angle": 45, "axis": "y", "origin": [0, 0, 0]},
			"faces": {
				"north": {"uv": [5, 7, 6, 9], "texture": "#1"},
				"east": {"uv": [4, 7, 6, 9], "texture": "#1"},
				"west": {"uv": [4, 7, 6, 9], "rotation": 90, "texture": "#1"},
				"down": {"uv": [4, 8, 6, 9], "rotation": 90, "texture": "#1"}
			}
		},
		{
			"name": "3x3",
			"from": [0, 14, 13],
			"to": [1, 16, 16],
			"shade": false,
			"rotation": {"angle": 45, "axis": "y", "origin": [0, 0, 0]},
			"faces": {
				"north": {"uv": [6, 0, 7, 2], "texture": "#1"},
				"east": {"uv": [4, 0, 7, 2], "texture": "#1"},
				"south": {"uv": [4, 0, 5, 2], "texture": "#1"},
				"west": {"uv": [4, 0, 7, 2], "texture": "#1"},
				"up": {"uv": [4, 0, 7, 1], "rotation": 270, "texture": "#1"},
				"down": {"uv": [4, 1, 7, 2], "rotation": 90, "texture": "#1"}
			}
		},
		{
			"name": "3x3",
			"from": [0, 4, 12],
			"to": [1, 6, 15],
			"shade": false,
			"rotation": {"angle": 45, "axis": "y", "origin": [0, 0, 0]},
			"faces": {
				"north": {"uv": [7, 10, 8, 12], "texture": "#1"},
				"east": {"uv": [5, 10, 8, 12], "texture": "#1"},
				"south": {"uv": [5, 10, 6, 12], "texture": "#1"},
				"west": {"uv": [5, 10, 8, 12], "texture": "#1"},
				"up": {"uv": [5, 10, 8, 11], "rotation": 270, "texture": "#1"},
				"down": {"uv": [5, 11, 8, 12], "rotation": 90, "texture": "#1"}
			}
		},
		{
			"name": "3x3",
			"from": [0, 9, 13],
			"to": [1, 11, 16],
			"shade": false,
			"rotation": {"angle": 45, "axis": "y", "origin": [0, 0, 0]},
			"faces": {
				"east": {"uv": [4, 5, 7, 7], "texture": "#1"},
				"west": {"uv": [4, 5, 6, 8], "rotation": 90, "texture": "#1"},
				"up": {"uv": [4, 5, 7, 6], "rotation": 270, "texture": "#1"}
			}
		},
		{
			"name": "4x2",
			"from": [0, 0, 14],
			"to": [1, 1, 18],
			"shade": false,
			"rotation": {"angle": 45, "axis": "y", "origin": [0, 0, 0]},
			"faces": {
				"east": {"uv": [2, 16, 6, 15], "texture": "#1"},
				"south": {"uv": [2, 15, 3, 16], "texture": "#1"},
				"west": {"uv": [2, 15, 6, 16], "rotation": 180, "texture": "#1"},
				"up": {"uv": [2, 15, 6, 16], "rotation": 270, "texture": "#1"},
				"down": {"uv": [2, 15, 6, 16], "rotation": 90, "texture": "#1"}
			}
		},
		{
			"name": "1x2",
			"from": [1, 9, 11],
			"to": [2, 11, 12],
			"shade": false,
			"rotation": {"angle": 45, "axis": "y", "origin": [0, 0, 0]},
			"faces": {
				"north": {"uv": [8, 5, 9, 7], "texture": "#1"},
				"east": {"uv": [8, 5, 9, 7], "texture": "#1"},
				"south": {"uv": [8, 5, 9, 7], "texture": "#1"},
				"up": {"uv": [8, 5, 9, 6], "texture": "#1"},
				"down": {"uv": [8, 6, 9, 7], "texture": "#1"}
			}
		},
		{
			"name": "1x3",
			"from": [1, 5, 11],
			"to": [2, 8, 12],
			"shade": false,
			"rotation": {"angle": 45, "axis": "y", "origin": [0, 0, 0]},
			"faces": {
				"north": {"uv": [8, 8, 9, 11], "texture": "#1"},
				"south": {"uv": [8, 8, 9, 11], "texture": "#1"},
				"up": {"uv": [8, 8, 9, 9], "texture": "#1"},
				"down": {"uv": [8, 10, 9, 11], "texture": "#1"}
			}
		},
		{
			"name": "1x3",
			"from": [1, 13, 11],
			"to": [2, 16, 12],
			"shade": false,
			"rotation": {"angle": 45, "axis": "y", "origin": [0, 0, 0]},
			"faces": {
				"north": {"uv": [8, 0, 9, 3], "texture": "#1"},
				"south": {"uv": [8, 0, 9, 3], "texture": "#1"},
				"up": {"uv": [8, 0, 9, 1], "texture": "#1"},
				"down": {"uv": [8, 2, 9, 3], "texture": "#1"}
			}
		},
		{
			"name": "1x4",
			"from": [1, 0, 11],
			"to": [2, 4, 12],
			"shade": false,
			"rotation": {"angle": 45, "axis": "y", "origin": [0, 0, 0]},
			"faces": {
				"north": {"uv": [8, 12, 9, 16], "texture": "#1"},
				"east": {"uv": [8, 12, 9, 16], "texture": "#1"},
				"south": {"uv": [8, 12, 9, 16], "texture": "#1"},
				"west": {"uv": [8, 12, 9, 16], "texture": "#1"},
				"up": {"uv": [8, 12, 9, 13], "texture": "#1"},
				"down": {"uv": [8, 15, 9, 16], "texture": "#1"}
			}
		},
		{
			"name": "1x4",
			"from": [2, 12, 11],
			"to": [3, 16, 12],
			"shade": false,
			"rotation": {"angle": 45, "axis": "y", "origin": [0, 0, 0]},
			"faces": {
				"north": {"uv": [9, 0, 10, 4], "texture": "#1"},
				"south": {"uv": [9, 0, 10, 4], "texture": "#1"},
				"west": {"uv": [9, 0, 10, 4], "texture": "#1"},
				"up": {"uv": [9, 0, 10, 1], "texture": "#1"},
				"down": {"uv": [9, 3, 10, 4], "texture": "#1"}
			}
		},
		{
			"name": "1x4",
			"from": [4, 11, 11],
			"to": [5, 15, 12],
			"shade": false,
			"rotation": {"angle": 45, "axis": "y", "origin": [0, 0, 0]},
			"faces": {
				"north": {"uv": [11, 1, 12, 5], "texture": "#1"},
				"south": {"uv": [11, 1, 12, 5], "texture": "#1"},
				"up": {"uv": [11, 1, 12, 2], "texture": "#1"},
				"down": {"uv": [11, 4, 12, 5], "texture": "#1"}
			}
		},
		{
			"name": "1x5",
			"from": [3, 11, 11],
			"to": [4, 16, 12],
			"shade": false,
			"rotation": {"angle": 45, "axis": "y", "origin": [0, 0, 0]},
			"faces": {
				"north": {"uv": [10, 0, 11, 5], "texture": "#1"},
				"east": {"uv": [10, 0, 11, 5], "texture": "#1"},
				"south": {"uv": [10, 0, 11, 5], "texture": "#1"},
				"west": {"uv": [10, 0, 11, 5], "texture": "#1"},
				"up": {"uv": [10, 0, 11, 1], "texture": "#1"},
				"down": {"uv": [10, 4, 11, 5], "texture": "#1"}
			}
		},
		{
			"name": "1x6",
			"from": [2, 3, 11],
			"to": [3, 9, 12],
			"shade": false,
			"rotation": {"angle": 45, "axis": "y", "origin": [0, 0, 0]},
			"faces": {
				"north": {"uv": [9, 7, 10, 13], "texture": "#1"},
				"south": {"uv": [9, 7, 10, 13], "texture": "#1"},
				"west": {"uv": [9, 7, 10, 13], "texture": "#1"},
				"up": {"uv": [9, 7, 10, 8], "texture": "#1"},
				"down": {"uv": [9, 12, 10, 13], "texture": "#1"}
			}
		},
		{
			"name": "1x6",
			"from": [5, 0, 11],
			"to": [6, 6, 12],
			"shade": false,
			"rotation": {"angle": 45, "axis": "y", "origin": [0, 0, 0]},
			"faces": {
				"north": {"uv": [12, 10, 13, 16], "texture": "#1"},
				"south": {"uv": [12, 10, 13, 16], "texture": "#1"},
				"west": {"uv": [12, 10, 13, 16], "texture": "#1"},
				"up": {"uv": [12, 10, 13, 11], "texture": "#1"},
				"down": {"uv": [12, 15, 13, 16], "texture": "#1"}
			}
		},
		{
			"name": "1x7",
			"from": [3, 2, 11],
			"to": [4, 9, 12],
			"shade": false,
			"rotation": {"angle": 45, "axis": "y", "origin": [0, 0, 0]},
			"faces": {
				"north": {"uv": [10, 7, 11, 14], "texture": "#1"},
				"south": {"uv": [10, 7, 11, 14], "texture": "#1"},
				"west": {"uv": [10, 7, 11, 14], "texture": "#1"},
				"up": {"uv": [10, 7, 11, 8], "texture": "#1"},
				"down": {"uv": [10, 13, 11, 14], "texture": "#1"}
			}
		},
		{
			"name": "1x8",
			"from": [5, 8, 11],
			"to": [6, 16, 12],
			"shade": false,
			"rotation": {"angle": 45, "axis": "y", "origin": [0, 0, 0]},
			"faces": {
				"north": {"uv": [12, 0, 13, 8], "texture": "#1"},
				"east": {"uv": [12, 0, 13, 8], "texture": "#1"},
				"south": {"uv": [12, 0, 13, 8], "texture": "#1"},
				"west": {"uv": [12, 0, 13, 8], "texture": "#1"},
				"up": {"uv": [12, 0, 13, 1], "texture": "#1"},
				"down": {"uv": [12, 7, 13, 8], "texture": "#1"}
			}
		},
		{
			"name": "1x9",
			"from": [4, 1, 11],
			"to": [5, 10, 12],
			"shade": false,
			"rotation": {"angle": 45, "axis": "y", "origin": [0, 0, 0]},
			"faces": {
				"north": {"uv": [11, 6, 12, 15], "texture": "#1"},
				"east": {"uv": [11, 6, 12, 15], "texture": "#1"},
				"south": {"uv": [11, 6, 12, 15], "texture": "#1"},
				"west": {"uv": [11, 6, 12, 15], "texture": "#1"},
				"up": {"uv": [11, 6, 12, 7], "texture": "#1"},
				"down": {"uv": [11, 14, 12, 15], "texture": "#1"}
			}
		},
		{
			"name": "1x9",
			"from": [6, 1, 11],
			"to": [7, 10, 12],
			"shade": false,
			"rotation": {"angle": 45, "axis": "y", "origin": [0, 0, 0]},
			"faces": {
				"north": {"uv": [13, 6, 14, 15], "texture": "#1"},
				"east": {"uv": [13, 6, 14, 15], "texture": "#1"},
				"south": {"uv": [13, 6, 14, 15], "texture": "#1"},
				"west": {"uv": [13, 6, 14, 15], "texture": "#1"},
				"up": {"uv": [13, 6, 14, 7], "texture": "#1"},
				"down": {"uv": [13, 14, 14, 15], "texture": "#1"}
			}
		},
		{
			"name": "2x1",
			"from": [7, 14, 11],
			"to": [9, 15, 12],
			"shade": false,
			"rotation": {"angle": 45, "axis": "y", "origin": [0, 0, 0]},
			"faces": {
				"north": {"uv": [14, 1, 16, 2], "texture": "#1"},
				"east": {"uv": [15, 1, 16, 2], "texture": "#1"},
				"south": {"uv": [14, 1, 16, 2], "texture": "#1"},
				"west": {"uv": [14, 1, 15, 2], "texture": "#1"},
				"up": {"uv": [14, 1, 16, 2], "texture": "#1"},
				"down": {"uv": [14, 1, 16, 2], "texture": "#1"}
			}
		},
		{
			"name": "2x1",
			"from": [6, 0, 11],
			"to": [8, 1, 12],
			"shade": false,
			"rotation": {"angle": 45, "axis": "y", "origin": [0, 0, 0]},
			"faces": {
				"north": {"uv": [13, 15, 15, 16], "rotation": 180, "texture": "#1"},
				"east": {"uv": [14, 15, 15, 16], "texture": "#1"},
				"south": {"uv": [13, 16, 15, 15], "texture": "#1"},
				"up": {"uv": [13, 15, 15, 16], "texture": "#1"},
				"down": {"uv": [13, 15, 15, 16], "texture": "#1"}
			}
		},
		{
			"name": "3x1",
			"from": [6, 15, 11],
			"to": [9, 16, 12],
			"shade": false,
			"rotation": {"angle": 45, "axis": "y", "origin": [0, 0, 0]},
			"faces": {
				"north": {"uv": [13, 0, 16, 1], "texture": "#1"},
				"east": {"uv": [15, 0, 16, 1], "texture": "#1"},
				"south": {"uv": [13, 0, 16, 1], "texture": "#1"},
				"up": {"uv": [13, 0, 16, 1], "texture": "#1"},
				"down": {"uv": [13, 0, 16, 1], "texture": "#1"}
			}
		},
		{
			"name": "1x1",
			"from": [-3, 11, 11],
			"to": [-2, 12, 12],
			"shade": false,
			"rotation": {"angle": 45, "axis": "y", "origin": [0, 0, 0]},
			"faces": {
				"north": {"uv": [5, 4, 6, 5], "texture": "#1"},
				"south": {"uv": [5, 4, 6, 5], "texture": "#1"},
				"west": {"uv": [5, 4, 6, 5], "texture": "#1"},
				"up": {"uv": [5, 4, 6, 5], "texture": "#1"}
			}
		},
		{
			"name": "1x1",
			"from": [-7, 10, 11],
			"to": [-6, 11, 12],
			"shade": false,
			"rotation": {"angle": 45, "axis": "y", "origin": [0, 0, 0]},
			"faces": {
				"north": {"uv": [1, 5, 2, 6], "texture": "#1"},
				"east": {"uv": [1, 5, 2, 6], "texture": "#1"},
				"south": {"uv": [1, 5, 2, 6], "texture": "#1"},
				"down": {"uv": [1, 5, 2, 6], "texture": "#1"}
			}
		},
		{
			"name": "1x1",
			"from": [-2, 8, 11],
			"to": [-1, 9, 12],
			"shade": false,
			"rotation": {"angle": 45, "axis": "y", "origin": [0, 0, 0]},
			"faces": {
				"north": {"uv": [6, 7, 7, 8], "texture": "#1"},
				"east": {"uv": [6, 7, 7, 8], "texture": "#1"},
				"south": {"uv": [6, 7, 7, 8], "texture": "#1"},
				"down": {"uv": [6, 7, 7, 8], "texture": "#1"}
			}
		},
		{
			"name": "1x1",
			"from": [-2, 6, 11],
			"to": [-1, 7, 12],
			"shade": false,
			"rotation": {"angle": 45, "axis": "y", "origin": [0, 0, 0]},
			"faces": {
				"north": {"uv": [7, 8, 8, 9], "texture": "#1"},
				"south": {"uv": [7, 8, 8, 9], "texture": "#1"},
				"west": {"uv": [7, 8, 8, 9], "texture": "#1"},
				"up": {"uv": [7, 8, 8, 9], "texture": "#1"}
			}
		},
		{
			"name": "1x1",
			"from": [-6, 1, 11],
			"to": [-5, 2, 12],
			"shade": false,
			"rotation": {"angle": 45, "axis": "y", "origin": [0, 0, 0]},
			"faces": {
				"north": {"uv": [2, 14, 3, 15], "texture": "#1"},
				"south": {"uv": [2, 14, 3, 15], "texture": "#1"},
				"west": {"uv": [2, 14, 3, 15], "texture": "#1"},
				"up": {"uv": [2, 14, 3, 15], "texture": "#1"}
			}
		},
		{
			"name": "1x2",
			"from": [-2, 11, 11],
			"to": [-1, 13, 12],
			"shade": false,
			"rotation": {"angle": 45, "axis": "y", "origin": [0, 0, 0]},
			"faces": {
				"north": {"uv": [6, 3, 7, 5], "texture": "#1"},
				"south": {"uv": [6, 3, 7, 5], "texture": "#1"},
				"west": {"uv": [6, 3, 7, 5], "texture": "#1"},
				"up": {"uv": [6, 3, 7, 4], "texture": "#1"}
			}
		},
		{
			"name": "1x2",
			"from": [-1, 6, 11],
			"to": [0, 8, 12],
			"shade": false,
			"rotation": {"angle": 45, "axis": "y", "origin": [0, 0, 0]},
			"faces": {
				"north": {"uv": [7, 8, 8, 10], "texture": "#1"},
				"south": {"uv": [7, 8, 8, 10], "texture": "#1"},
				"west": {"uv": [7, 8, 8, 10], "texture": "#1"},
				"up": {"uv": [7, 8, 8, 9], "texture": "#1"}
			}
		},
		{
			"name": "1x2",
			"from": [-4, 5, 11],
			"to": [-3, 7, 12],
			"shade": false,
			"rotation": {"angle": 45, "axis": "y", "origin": [0, 0, 0]},
			"faces": {
				"north": {"uv": [4, 9, 5, 11], "texture": "#1"},
				"east": {"uv": [4, 9, 5, 11], "texture": "#1"},
				"south": {"uv": [4, 9, 5, 11], "texture": "#1"},
				"west": {"uv": [4, 9, 5, 11], "texture": "#1"},
				"down": {"uv": [4, 10, 5, 11], "texture": "#1"}
			}
		},
		{
			"name": "1x2",
			"from": [-3, 2, 11],
			"to": [-2, 4, 12],
			"shade": false,
			"rotation": {"angle": 45, "axis": "y", "origin": [0, 0, 0]},
			"faces": {
				"north": {"uv": [5, 12, 6, 14], "texture": "#1"},
				"east": {"uv": [5, 12, 6, 14], "texture": "#1"},
				"south": {"uv": [5, 12, 6, 14], "texture": "#1"},
				"west": {"uv": [5, 12, 6, 14], "texture": "#1"},
				"down": {"uv": [5, 13, 6, 14], "texture": "#1"}
			}
		},
		{
			"name": "1x2",
			"from": [-8, 10, 11],
			"to": [-7, 12, 12],
			"shade": false,
			"rotation": {"angle": 45, "axis": "y", "origin": [0, 0, 0]},
			"faces": {
				"north": {"uv": [0, 4, 1, 6], "texture": "#1"},
				"south": {"uv": [0, 4, 1, 6], "texture": "#1"},
				"west": {"uv": [0, 4, 1, 6], "texture": "#1"},
				"up": {"uv": [0, 4, 1, 5], "texture": "#1"},
				"down": {"uv": [0, 5, 1, 6], "texture": "#1"}
			}
		},
		{
			"name": "1x7",
			"from": [-5, 7, 11],
			"to": [-4, 14, 12],
			"shade": false,
			"rotation": {"angle": 45, "axis": "y", "origin": [0, 0, 0]},
			"faces": {
				"north": {"uv": [3, 2, 4, 9], "texture": "#1"},
				"east": {"uv": [3, 2, 4, 9], "texture": "#1"},
				"south": {"uv": [3, 2, 4, 9], "texture": "#1"},
				"west": {"uv": [3, 2, 4, 9], "texture": "#1"},
				"up": {"uv": [3, 2, 4, 3], "texture": "#1"},
				"down": {"uv": [3, 8, 4, 9], "texture": "#1"}
			}
		},
		{
			"name": "1x7",
			"from": [-1, 9, 11],
			"to": [0, 16, 12],
			"shade": false,
			"rotation": {"angle": 45, "axis": "y", "origin": [0, 0, 0]},
			"faces": {
				"north": {"uv": [7, 0, 8, 7], "texture": "#1"},
				"east": {"uv": [7, 0, 8, 7], "texture": "#1"},
				"south": {"uv": [7, 0, 8, 7], "texture": "#1"},
				"west": {"uv": [7, 0, 8, 7], "texture": "#1"},
				"up": {"uv": [7, 0, 8, 1], "texture": "#1"},
				"down": {"uv": [7, 6, 8, 7], "texture": "#1"}
			}
		},
		{
			"name": "2x2",
			"from": [-7, 11, 11],
			"to": [-5, 13, 12],
			"shade": false,
			"rotation": {"angle": 45, "axis": "y", "origin": [0, 0, 0]},
			"faces": {
				"north": {"uv": [1, 3, 3, 5], "rotation": 90, "texture": "#1"},
				"south": {"uv": [1, 3, 3, 5], "texture": "#1"},
				"west": {"uv": [1, 3, 2, 5], "texture": "#1"},
				"up": {"uv": [1, 3, 3, 4], "texture": "#1"},
				"down": {"uv": [1, 4, 3, 5], "texture": "#1"}
			}
		},
		{
			"name": "2x2",
			"from": [-5, 1, 11],
			"to": [-3, 3, 12],
			"shade": false,
			"rotation": {"angle": 45, "axis": "y", "origin": [0, 0, 0]},
			"faces": {
				"north": {"uv": [3, 13, 5, 15], "rotation": 90, "texture": "#1"},
				"east": {"uv": [4, 13, 5, 15], "texture": "#1"},
				"south": {"uv": [3, 13, 5, 15], "texture": "#1"},
				"west": {"uv": [3, 13, 4, 15], "texture": "#1"},
				"up": {"uv": [3, 13, 5, 14], "texture": "#1"}
			}
		},
		{
			"name": "2x2",
			"from": [-2, 0, 11],
			"to": [0, 2, 12],
			"shade": false,
			"rotation": {"angle": 45, "axis": "y", "origin": [0, 0, 0]},
			"faces": {
				"north": {"uv": [6, 14, 8, 16], "texture": "#1"},
				"south": {"uv": [6, 14, 8, 16], "texture": "#1"},
				"west": {"uv": [6, 14, 7, 16], "texture": "#1"},
				"up": {"uv": [6, 14, 8, 15], "texture": "#1"},
				"down": {"uv": [6, 15, 8, 16], "texture": "#1"}
			}
		},
		{
			"name": "2x2",
			"from": [-4, 7, 11],
			"to": [-2, 9, 12],
			"shade": false,
			"rotation": {"angle": 45, "axis": "y", "origin": [0, 0, 0]},
			"faces": {
				"north": {"uv": [4, 7, 6, 9], "rotation": 90, "texture": "#1"},
				"east": {"uv": [5, 7, 6, 9], "texture": "#1"},
				"south": {"uv": [4, 7, 6, 9], "texture": "#1"},
				"down": {"uv": [4, 8, 6, 9], "texture": "#1"}
			}
		},
		{
			"name": "3x2",
			"from": [-4, 14, 11],
			"to": [-1, 16, 12],
			"shade": false,
			"rotation": {"angle": 45, "axis": "y", "origin": [0, 0, 0]},
			"faces": {
				"north": {"uv": [4, 0, 7, 2], "texture": "#1"},
				"east": {"uv": [6, 0, 7, 2], "texture": "#1"},
				"south": {"uv": [4, 0, 7, 2], "texture": "#1"},
				"west": {"uv": [4, 0, 5, 2], "texture": "#1"},
				"up": {"uv": [4, 0, 7, 1], "texture": "#1"},
				"down": {"uv": [4, 1, 7, 2], "texture": "#1"}
			}
		},
		{
			"name": "3x2",
			"from": [-3, 4, 11],
			"to": [0, 6, 12],
			"shade": false,
			"rotation": {"angle": 45, "axis": "y", "origin": [0, 0, 0]},
			"faces": {
				"north": {"uv": [5, 10, 8, 12], "texture": "#1"},
				"east": {"uv": [7, 10, 8, 12], "texture": "#1"},
				"south": {"uv": [5, 10, 8, 12], "texture": "#1"},
				"west": {"uv": [5, 10, 6, 12], "texture": "#1"},
				"up": {"uv": [5, 10, 8, 11], "texture": "#1"},
				"down": {"uv": [5, 11, 8, 12], "texture": "#1"}
			}
		},
		{
			"name": "3x2",
			"from": [-4, 9, 11],
			"to": [-1, 11, 12],
			"shade": false,
			"rotation": {"angle": 45, "axis": "y", "origin": [0, 0, 0]},
			"faces": {
				"north": {"uv": [4, 5, 6, 8], "rotation": 90, "texture": "#1"},
				"south": {"uv": [4, 5, 7, 7], "texture": "#1"},
				"up": {"uv": [4, 5, 7, 6], "texture": "#1"}
			}
		},
		{
			"name": "4x1",
			"from": [-6, 0, 11],
			"to": [-2, 1, 12],
			"shade": false,
			"rotation": {"angle": 45, "axis": "y", "origin": [0, 0, 0]},
			"faces": {
				"north": {"uv": [2, 15, 6, 16], "rotation": 180, "texture": "#1"},
				"south": {"uv": [2, 16, 6, 15], "texture": "#1"},
				"west": {"uv": [2, 15, 3, 16], "texture": "#1"},
				"up": {"uv": [2, 15, 6, 16], "texture": "#1"},
				"down": {"uv": [2, 15, 6, 16], "texture": "#1"}
			}
		}
	],
	"groups": [
		{
			"name": "left one",
			"origin": [0, 0, 0],
			"color": 0,
			"shade": false,
			"children": [0, 1, 2, 3, 4, 5, 6, 7, 8, 9, 10, 11, 12, 13, 14, 15]
		},
		{
			"name": "right one",
			"origin": [0, 0, 0],
			"color": 0,
			"shade": false,
			"children": [16, 17, 18, 19, 20, 21, 22, 23, 24, 25, 26, 27, 28, 29, 30, 31, 32, 33, 34, 35]
		},
		{
			"name": "left two",
			"origin": [0, 0, 0],
			"color": 0,
			"shade": false,
			"children": [36, 37, 38, 39, 40, 41, 42, 43, 44, 45, 46, 47, 48, 49, 50, 51]
		},
		{
			"name": "right two",
			"origin": [0, 0, 0],
			"color": 0,
			"shade": false,
			"children": [52, 53, 54, 55, 56, 57, 58, 59, 60, 61, 62, 63, 64, 65, 66, 67, 68, 69, 70, 71]
		}
	]
}