{
	"credit": "Made with Blockbench",
	"parent": "minecraft:block/door_bottom_rh",
	"textures": {
		"bottom": "block/warped_door_bottom",
		"top": "block/warped_door_top"
	},
	"elements": [
		{
			"from": [3, 15, 2],
			"to": [3.5, 16, 5],
			"faces": {
				"north": {"uv": [11, 0, 14, 1], "texture": "#bottom"},
				"east": {"uv": [11, 0, 14, 1], "texture": "#bottom"},
				"south": {"uv": [11, 0, 14, 1], "texture": "#bottom"},
				"west": {"uv": [11, 0, 14, 1], "texture": "#bottom"},
				"up": {"uv": [11, 0, 14, 1], "rotation": 90, "texture": "#bottom"},
				"down": {"uv": [11, 0, 14, 1], "rotation": 270, "texture": "#bottom"}
			}
		},
		{
			"from": [2, 15, 4],
			"to": [3, 16, 5],
			"faces": {
				"north": {"uv": [11, 0, 14, 1], "texture": "#bottom"},
				"east": {"uv": [11, 0, 14, 1], "texture": "#bottom"},
				"south": {"uv": [11, 0, 14, 1], "texture": "#bottom"},
				"west": {"uv": [11, 0, 14, 1], "texture": "#bottom"},
				"up": {"uv": [11, 0, 14, 1], "rotation": 90, "texture": "#bottom"},
				"down": {"uv": [11, 0, 14, 1], "rotation": 270, "texture": "#bottom"}
			}
		},
		{
			"from": [0, 15, 4],
			"to": [1, 16, 5],
			"faces": {
				"north": {"uv": [11, 0, 14, 1], "texture": "#bottom"},
				"east": {"uv": [11, 0, 14, 1], "texture": "#bottom"},
				"south": {"uv": [11, 0, 14, 1], "texture": "#bottom"},
				"west": {"uv": [11, 0, 14, 1], "texture": "#bottom"},
				"up": {"uv": [11, 0, 14, 1], "rotation": 90, "texture": "#bottom"},
				"down": {"uv": [11, 0, 14, 1], "rotation": 270, "texture": "#bottom"}
			}
		},
		{
			"from": [-0.5, 15, 2],
			"to": [0, 16, 5],
			"faces": {
				"north": {"uv": [11, 0, 14, 1], "texture": "#bottom"},
				"east": {"uv": [11, 0, 14, 1], "texture": "#bottom"},
				"south": {"uv": [11, 0, 14, 1], "texture": "#bottom"},
				"west": {"uv": [11, 0, 14, 1], "texture": "#bottom"},
				"up": {"uv": [11, 0, 14, 1], "rotation": 90, "texture": "#bottom"},
				"down": {"uv": [11, 0, 14, 1], "rotation": 270, "texture": "#bottom"}
			}
		},
		{
			"from": [0, 0, 0],
			"to": [3, 16, 4],
			"faces": {
				"north": {"uv": [0, 0, 3, 16], "texture": "#bottom"},
				"east": {"uv": [12, 0, 16, 16], "texture": "#bottom"},
				"south": {"uv": [12, 0, 13, 16], "texture": "#bottom"},
				"west": {"uv": [16, 0, 12, 16], "texture": "#bottom"},
				"up": {"uv": [12, 0, 16, 3], "rotation": 90, "texture": "#bottom"},
				"down": {"uv": [12, 0, 16, 3], "rotation": 270, "texture": "#bottom"}
			}
		},
		{
			"from": [0, 0, 5],
			"to": [3, 16, 11],
			"faces": {
				"north": {"uv": [10, 0, 11, 16], "texture": "#bottom"},
				"east": {"uv": [5, 0, 11, 16], "texture": "#bottom"},
				"south": {"uv": [5, 0, 6, 16], "texture": "#bottom"},
				"west": {"uv": [11, 0, 5, 16], "texture": "#bottom"},
				"up": {"uv": [5, 0, 11, 4], "rotation": 90, "texture": "#bottom"},
				"down": {"uv": [5, 0, 11, 3], "rotation": 270, "texture": "#bottom"}
			}
		},
		{
			"from": [0, 0, 12],
			"to": [3, 16, 16],
			"faces": {
				"north": {"uv": [3, 0, 4, 16], "texture": "#bottom"},
				"east": {"uv": [0, 0, 4, 16], "texture": "#bottom"},
				"south": {"uv": [0, 0, 3, 16], "texture": "#bottom"},
				"west": {"uv": [4, 0, 0, 16], "texture": "#bottom"},
				"up": {"uv": [0, 0, 4, 3], "rotation": 90, "texture": "#bottom"},
				"down": {"uv": [0, 0, 4, 3], "rotation": 270, "texture": "#bottom"}
			}
		},
		{
			"from": [1, 0, 4],
			"to": [2, 16, 5],
			"faces": {
				"north": {"uv": [0, 0, 1, 16], "texture": "#missing"},
				"east": {"uv": [11, 0, 12, 16], "texture": "#bottom"},
				"south": {"uv": [0, 0, 1, 16], "texture": "#missing"},
				"west": {"uv": [11, 0, 12, 16], "texture": "#bottom"},
				"up": {"uv": [0, 0, 1, 1], "rotation": 90, "texture": "#bottom"},
				"down": {"uv": [0, 0, 1, 1], "rotation": 270, "texture": "#bottom"}
			}
		},
		{
			"from": [1, 0, 11],
			"to": [2, 16, 12],
			"faces": {
				"north": {"uv": [0, 0, 1, 16], "texture": "#missing"},
				"east": {"uv": [4, 0, 5, 16], "texture": "#bottom"},
				"south": {"uv": [0, 0, 1, 16], "texture": "#missing"},
				"west": {"uv": [4, 0, 5, 16], "texture": "#bottom"},
				"up": {"uv": [0, 0, 1, 1], "rotation": 90, "texture": "#bottom"},
				"down": {"uv": [0, 0, 1, 1], "rotation": 270, "texture": "#bottom"}
			}
		},
		{
			"from": [3, 4, 0],
			"to": [3.5, 5, 1],
			"faces": {
				"north": {"uv": [15, 11, 16, 12], "texture": "#bottom"},
				"east": {"uv": [15, 11, 16, 12], "texture": "#bottom"},
				"south": {"uv": [15, 11, 16, 12], "texture": "#bottom"},
				"west": {"uv": [15, 11, 16, 12], "texture": "#bottom"},
				"up": {"uv": [15, 11, 16, 12], "rotation": 90, "texture": "#bottom"},
				"down": {"uv": [15, 11, 16, 12], "rotation": 270, "texture": "#bottom"}
			}
		},
		{
			"from": [3, 5, 1],
			"to": [3.5, 6, 3],
			"faces": {
				"north": {"uv": [13, 10, 15, 11], "texture": "#bottom"},
				"east": {"uv": [13, 10, 15, 11], "texture": "#bottom"},
				"south": {"uv": [13, 10, 14, 11], "texture": "#bottom"},
				"west": {"uv": [13, 10, 15, 11], "texture": "#bottom"},
				"up": {"uv": [13, 10, 15, 11], "rotation": 270, "texture": "#bottom"},
				"down": {"uv": [13, 10, 15, 11], "rotation": 90, "texture": "#bottom"}
			}
		},
		{
			"from": [3, 3, 3],
			"to": [3.5, 5, 4],
			"faces": {
				"north": {"uv": [12, 11, 13, 13], "texture": "#bottom"},
				"east": {"uv": [12, 11, 13, 13], "texture": "#bottom"},
				"south": {"uv": [12, 11, 13, 13], "texture": "#bottom"},
				"west": {"uv": [13, 10, 15, 11], "texture": "#bottom"},
				"up": {"uv": [12, 11, 13, 12], "rotation": 270, "texture": "#bottom"},
				"down": {"uv": [12, 12, 13, 13], "rotation": 90, "texture": "#bottom"}
			}
		},
		{
			"from": [2, 2, 4],
			"to": [2.5, 3, 5],
			"faces": {
				"north": {"uv": [11, 13, 12, 14], "texture": "#bottom"},
				"east": {"uv": [11, 13, 12, 14], "texture": "#bottom"},
				"south": {"uv": [11, 13, 12, 14], "texture": "#bottom"},
				"west": {"uv": [11, 13, 12, 14], "texture": "#bottom"},
				"up": {"uv": [11, 13, 12, 14], "rotation": 90, "texture": "#bottom"},
				"down": {"uv": [11, 13, 12, 14], "rotation": 270, "texture": "#bottom"}
			}
		},
		{
			"from": [3, 2, 5],
			"to": [3.5, 3, 6],
			"faces": {
				"north": {"uv": [10, 13, 11, 14], "texture": "#bottom"},
				"east": {"uv": [10, 13, 11, 14], "texture": "#bottom"},
				"south": {"uv": [10, 13, 11, 14], "texture": "#bottom"},
				"west": {"uv": [10, 13, 11, 14], "texture": "#bottom"},
				"up": {"uv": [10, 13, 11, 14], "rotation": 90, "texture": "#bottom"},
				"down": {"uv": [10, 13, 11, 14], "rotation": 270, "texture": "#bottom"}
			}
		},
		{
			"from": [3, 1, 6],
			"to": [3.5, 2, 7],
			"faces": {
				"north": {"uv": [9, 14, 10, 15], "texture": "#bottom"},
				"east": {"uv": [9, 14, 10, 15], "texture": "#bottom"},
				"south": {"uv": [9, 14, 10, 15], "texture": "#bottom"},
				"west": {"uv": [9, 14, 10, 15], "texture": "#bottom"},
				"up": {"uv": [9, 14, 10, 15], "rotation": 90, "texture": "#bottom"},
				"down": {"uv": [9, 14, 10, 15], "rotation": 270, "texture": "#bottom"}
			}
		},
		{
			"from": [3, 9, 0],
			"to": [3.5, 10, 2],
			"faces": {
				"north": {"uv": [14, 6, 16, 7], "texture": "#bottom"},
				"east": {"uv": [14, 6, 16, 7], "texture": "#bottom"},
				"south": {"uv": [14, 6, 16, 7], "texture": "#bottom"},
				"west": {"uv": [14, 6, 16, 7], "texture": "#bottom"},
				"up": {"uv": [14, 6, 16, 7], "rotation": 90, "texture": "#bottom"},
				"down": {"uv": [14, 6, 16, 7], "rotation": 270, "texture": "#bottom"}
			}
		},
		{
			"from": [3, 10, 2],
			"to": [3.5, 11, 4],
			"faces": {
				"north": {"uv": [12, 5, 14, 6], "texture": "#bottom"},
				"east": {"uv": [12, 5, 14, 6], "texture": "#bottom"},
				"south": {"uv": [12, 5, 14, 6], "texture": "#bottom"},
				"west": {"uv": [12, 5, 14, 6], "texture": "#bottom"},
				"up": {"uv": [12, 5, 14, 6], "rotation": 90, "texture": "#bottom"},
				"down": {"uv": [12, 5, 14, 6], "rotation": 270, "texture": "#bottom"}
			}
		},
		{
			"from": [2, 9, 4],
			"to": [2.5, 10, 5],
			"faces": {
				"north": {"uv": [11, 6, 12, 7], "texture": "#bottom"},
				"east": {"uv": [11, 6, 12, 7], "texture": "#bottom"},
				"south": {"uv": [11, 6, 12, 7], "texture": "#bottom"},
				"west": {"uv": [11, 6, 12, 7], "texture": "#bottom"},
				"up": {"uv": [11, 6, 12, 7], "rotation": 90, "texture": "#bottom"},
				"down": {"uv": [11, 6, 12, 7], "rotation": 270, "texture": "#bottom"}
			}
		},
		{
			"from": [3, 6, 5],
			"to": [3.5, 9, 6],
			"faces": {
				"north": {"uv": [10, 7, 11, 10], "texture": "#bottom"},
				"east": {"uv": [10, 7, 11, 10], "texture": "#bottom"},
				"south": {"uv": [10, 7, 11, 10], "texture": "#bottom"},
				"west": {"uv": [10, 7, 11, 10], "texture": "#bottom"},
				"up": {"uv": [10, 7, 11, 8], "rotation": 90, "texture": "#bottom"},
				"down": {"uv": [10, 9, 11, 10], "rotation": 270, "texture": "#bottom"}
			}
		},
		{
			"from": [3, 5, 6],
			"to": [3.5, 6, 7],
			"faces": {
				"north": {"uv": [9, 10, 10, 11], "texture": "#bottom"},
				"east": {"uv": [9, 10, 10, 11], "texture": "#bottom"},
				"south": {"uv": [9, 10, 10, 11], "texture": "#bottom"},
				"west": {"uv": [9, 10, 10, 11], "texture": "#bottom"},
				"up": {"uv": [9, 10, 10, 11], "rotation": 90, "texture": "#bottom"},
				"down": {"uv": [9, 10, 10, 11], "rotation": 270, "texture": "#bottom"}
			}
		},
		{
			"from": [3, 4, 7],
			"to": [3.5, 5, 9],
			"faces": {
				"north": {"uv": [8, 11, 9, 12], "texture": "#bottom"},
				"east": {"uv": [7, 11, 9, 12], "texture": "#bottom"},
				"south": {"uv": [7, 11, 8, 12], "texture": "#bottom"},
				"west": {"uv": [7, 11, 9, 12], "texture": "#bottom"},
				"up": {"uv": [7, 11, 9, 12], "rotation": 270, "texture": "#bottom"},
				"down": {"uv": [7, 11, 9, 12], "rotation": 90, "texture": "#bottom"}
			}
		},
		{
			"from": [3, 5, 9],
			"to": [3.5, 6, 11],
			"faces": {
				"north": {"uv": [5, 10, 7, 11], "texture": "#bottom"},
				"east": {"uv": [5, 10, 7, 11], "texture": "#bottom"},
				"south": {"uv": [5, 10, 7, 11], "texture": "#bottom"},
				"west": {"uv": [5, 10, 7, 11], "texture": "#bottom"},
				"up": {"uv": [5, 10, 7, 11], "rotation": 90, "texture": "#bottom"},
				"down": {"uv": [5, 10, 7, 11], "rotation": 270, "texture": "#bottom"}
			}
		},
		{
			"from": [2, 6, 11],
			"to": [2.5, 8, 12],
			"faces": {
				"north": {"uv": [4, 8, 5, 10], "texture": "#bottom"},
				"east": {"uv": [4, 8, 5, 10], "texture": "#bottom"},
				"south": {"uv": [4, 8, 5, 10], "texture": "#bottom"},
				"west": {"uv": [4, 8, 5, 10], "texture": "#bottom"},
				"up": {"uv": [4, 8, 5, 10], "rotation": 90, "texture": "#bottom"},
				"down": {"uv": [4, 8, 5, 10], "rotation": 270, "texture": "#bottom"}
			}
		},
		{
			"from": [3, 8, 12],
			"to": [3.5, 9, 14],
			"faces": {
				"north": {"uv": [2, 7, 4, 8], "texture": "#bottom"},
				"east": {"uv": [2, 7, 4, 8], "texture": "#bottom"},
				"south": {"uv": [2, 7, 4, 8], "texture": "#bottom"},
				"west": {"uv": [2, 7, 4, 8], "texture": "#bottom"},
				"up": {"uv": [2, 7, 4, 8], "rotation": 90, "texture": "#bottom"},
				"down": {"uv": [2, 7, 4, 8], "rotation": 270, "texture": "#bottom"}
			}
		},
		{
			"from": [3, 7, 14],
			"to": [3.5, 8, 15],
			"faces": {
				"north": {"uv": [1, 8, 2, 9], "texture": "#bottom"},
				"east": {"uv": [1, 8, 2, 9], "texture": "#bottom"},
				"south": {"uv": [1, 8, 2, 9], "texture": "#bottom"},
				"west": {"uv": [1, 8, 2, 9], "texture": "#bottom"},
				"up": {"uv": [1, 8, 2, 9], "rotation": 90, "texture": "#bottom"},
				"down": {"uv": [1, 8, 2, 9], "rotation": 270, "texture": "#bottom"}
			}
		},
		{
			"from": [3, 6, 15],
			"to": [3.5, 7, 16],
			"faces": {
				"north": {"uv": [0, 9, 1, 10], "texture": "#bottom"},
				"east": {"uv": [0, 9, 1, 10], "texture": "#bottom"},
				"south": {"uv": [0, 9, 1, 10], "texture": "#bottom"},
				"west": {"uv": [0, 9, 1, 10], "texture": "#bottom"},
				"up": {"uv": [0, 9, 1, 10], "rotation": 90, "texture": "#bottom"},
				"down": {"uv": [0, 9, 1, 10], "rotation": 270, "texture": "#bottom"}
			}
		},
		{
			"from": [3, 12, 15],
			"to": [3.5, 14, 16],
			"faces": {
				"north": {"uv": [0, 2, 1, 4], "texture": "#bottom"},
				"east": {"uv": [0, 2, 1, 4], "texture": "#bottom"},
				"south": {"uv": [0, 2, 1, 4], "texture": "#bottom"},
				"west": {"uv": [0, 2, 1, 4], "texture": "#bottom"},
				"up": {"uv": [0, 2, 1, 4], "rotation": 90, "texture": "#bottom"},
				"down": {"uv": [0, 2, 1, 4], "rotation": 270, "texture": "#bottom"}
			}
		},
		{
			"from": [3, 14, 14],
			"to": [3.5, 15, 15],
			"faces": {
				"north": {"uv": [1, 1, 2, 2], "texture": "#bottom"},
				"east": {"uv": [1, 1, 2, 2], "texture": "#bottom"},
				"south": {"uv": [1, 1, 2, 2], "texture": "#bottom"},
				"west": {"uv": [1, 1, 2, 2], "texture": "#bottom"},
				"up": {"uv": [1, 1, 2, 2], "rotation": 90, "texture": "#bottom"},
				"down": {"uv": [1, 1, 2, 2], "rotation": 270, "texture": "#bottom"}
			}
		},
		{
			"from": [3, 15, 12],
			"to": [3.5, 16, 14],
			"faces": {
				"north": {"uv": [3, 0, 4, 1], "texture": "#bottom"},
				"east": {"uv": [2, 0, 4, 1], "texture": "#bottom"},
				"south": {"uv": [2, 0, 3, 1], "texture": "#bottom"},
				"west": {"uv": [2, 0, 4, 1], "texture": "#bottom"},
				"up": {"uv": [2, 0, 4, 1], "rotation": 270, "texture": "#bottom"},
				"down": {"uv": [2, 0, 4, 1], "rotation": 90, "texture": "#bottom"}
			}
		},
		{
			"from": [2, 14, 11],
			"to": [2.5, 15, 12],
			"faces": {
				"north": {"uv": [4, 1, 6, 2], "texture": "#bottom"},
				"east": {"uv": [4, 1, 6, 2], "texture": "#bottom"},
				"south": {"uv": [4, 1, 6, 2], "texture": "#bottom"},
				"west": {"uv": [4, 1, 6, 2], "texture": "#bottom"},
				"up": {"uv": [4, 1, 6, 2], "rotation": 90, "texture": "#bottom"},
				"down": {"uv": [4, 1, 6, 2], "rotation": 270, "texture": "#bottom"}
			}
		},
		{
			"from": [3, 14, 10],
			"to": [3.5, 15, 11],
			"faces": {
				"north": {"uv": [4, 1, 6, 2], "texture": "#bottom"},
				"east": {"uv": [4, 1, 6, 2], "texture": "#bottom"},
				"south": {"uv": [4, 1, 6, 2], "texture": "#bottom"},
				"west": {"uv": [4, 1, 6, 2], "texture": "#bottom"},
				"up": {"uv": [4, 1, 6, 2], "rotation": 90, "texture": "#bottom"},
				"down": {"uv": [4, 1, 6, 2], "rotation": 270, "texture": "#bottom"}
			}
		},
		{
			"from": [3, 15, 9],
			"to": [3.5, 16, 10],
			"faces": {
				"north": {"uv": [6, 0, 7, 1], "texture": "#bottom"},
				"east": {"uv": [6, 0, 7, 1], "texture": "#bottom"},
				"south": {"uv": [6, 0, 7, 1], "texture": "#bottom"},
				"west": {"uv": [6, 0, 7, 1], "texture": "#bottom"},
				"up": {"uv": [6, 0, 7, 1], "rotation": 90, "texture": "#bottom"},
				"down": {"uv": [6, 0, 7, 1], "rotation": 270, "texture": "#bottom"}
			}
		},
		{
			"from": [-0.5, 15, 9],
			"to": [0, 16, 10],
			"faces": {
				"north": {"uv": [6, 0, 7, 1], "texture": "#bottom"},
				"east": {"uv": [6, 0, 7, 1], "texture": "#bottom"},
				"south": {"uv": [6, 0, 7, 1], "texture": "#bottom"},
				"west": {"uv": [6, 0, 7, 1], "texture": "#bottom"},
				"up": {"uv": [6, 0, 7, 1], "rotation": 90, "texture": "#bottom"},
				"down": {"uv": [6, 0, 7, 1], "rotation": 270, "texture": "#bottom"}
			}
		},
		{
			"from": [-0.5, 14, 10],
			"to": [0, 15, 11],
			"faces": {
				"north": {"uv": [4, 1, 6, 2], "texture": "#bottom"},
				"east": {"uv": [4, 1, 6, 2], "texture": "#bottom"},
				"south": {"uv": [4, 1, 6, 2], "texture": "#bottom"},
				"west": {"uv": [4, 1, 6, 2], "texture": "#bottom"},
				"up": {"uv": [4, 1, 6, 2], "rotation": 90, "texture": "#bottom"},
				"down": {"uv": [4, 1, 6, 2], "rotation": 270, "texture": "#bottom"}
			}
		},
		{
			"from": [0.5, 14, 11],
			"to": [1, 15, 12],
			"faces": {
				"north": {"uv": [4, 1, 6, 2], "texture": "#bottom"},
				"east": {"uv": [4, 1, 6, 2], "texture": "#bottom"},
				"south": {"uv": [4, 1, 6, 2], "texture": "#bottom"},
				"west": {"uv": [4, 1, 6, 2], "texture": "#bottom"},
				"up": {"uv": [4, 1, 6, 2], "rotation": 90, "texture": "#bottom"},
				"down": {"uv": [4, 1, 6, 2], "rotation": 270, "texture": "#bottom"}
			}
		},
		{
			"from": [-0.5, 15, 12],
			"to": [0, 16, 14],
			"faces": {
				"north": {"uv": [3, 0, 4, 1], "texture": "#bottom"},
				"east": {"uv": [2, 0, 4, 1], "texture": "#bottom"},
				"south": {"uv": [2, 0, 3, 1], "texture": "#bottom"},
				"west": {"uv": [2, 0, 4, 1], "texture": "#bottom"},
				"up": {"uv": [2, 0, 4, 1], "rotation": 270, "texture": "#bottom"},
				"down": {"uv": [2, 0, 4, 1], "rotation": 90, "texture": "#bottom"}
			}
		},
		{
			"from": [-0.5, 14, 14],
			"to": [0, 15, 15],
			"faces": {
				"north": {"uv": [1, 1, 2, 2], "texture": "#bottom"},
				"east": {"uv": [1, 1, 2, 2], "texture": "#bottom"},
				"south": {"uv": [1, 1, 2, 2], "texture": "#bottom"},
				"west": {"uv": [1, 1, 2, 2], "texture": "#bottom"},
				"up": {"uv": [1, 1, 2, 2], "rotation": 90, "texture": "#bottom"},
				"down": {"uv": [1, 1, 2, 2], "rotation": 270, "texture": "#bottom"}
			}
		},
		{
			"from": [-0.5, 12, 15],
			"to": [0, 14, 16],
			"faces": {
				"north": {"uv": [0, 2, 1, 4], "texture": "#bottom"},
				"east": {"uv": [0, 2, 1, 4], "texture": "#bottom"},
				"south": {"uv": [0, 2, 1, 4], "texture": "#bottom"},
				"west": {"uv": [0, 2, 1, 4], "texture": "#bottom"},
				"up": {"uv": [0, 2, 1, 4], "rotation": 90, "texture": "#bottom"},
				"down": {"uv": [0, 2, 1, 4], "rotation": 270, "texture": "#bottom"}
			}
		},
		{
			"from": [-0.5, 6, 15],
			"to": [0, 7, 16],
			"faces": {
				"north": {"uv": [0, 9, 1, 10], "texture": "#bottom"},
				"east": {"uv": [0, 9, 1, 10], "texture": "#bottom"},
				"south": {"uv": [0, 9, 1, 10], "texture": "#bottom"},
				"west": {"uv": [0, 9, 1, 10], "texture": "#bottom"},
				"up": {"uv": [0, 9, 1, 10], "rotation": 90, "texture": "#bottom"},
				"down": {"uv": [0, 9, 1, 10], "rotation": 270, "texture": "#bottom"}
			}
		},
		{
			"from": [-0.5, 7, 14],
			"to": [0, 8, 15],
			"faces": {
				"north": {"uv": [1, 8, 2, 9], "texture": "#bottom"},
				"east": {"uv": [1, 8, 2, 9], "texture": "#bottom"},
				"south": {"uv": [1, 8, 2, 9], "texture": "#bottom"},
				"west": {"uv": [1, 8, 2, 9], "texture": "#bottom"},
				"up": {"uv": [1, 8, 2, 9], "rotation": 90, "texture": "#bottom"},
				"down": {"uv": [1, 8, 2, 9], "rotation": 270, "texture": "#bottom"}
			}
		},
		{
			"from": [-0.5, 8, 12],
			"to": [0, 9, 14],
			"faces": {
				"north": {"uv": [2, 7, 4, 8], "texture": "#bottom"},
				"east": {"uv": [2, 7, 4, 8], "texture": "#bottom"},
				"south": {"uv": [2, 7, 4, 8], "texture": "#bottom"},
				"west": {"uv": [2, 7, 4, 8], "texture": "#bottom"},
				"up": {"uv": [2, 7, 4, 8], "rotation": 90, "texture": "#bottom"},
				"down": {"uv": [2, 7, 4, 8], "rotation": 270, "texture": "#bottom"}
			}
		},
		{
			"from": [0.5, 6, 11],
			"to": [1, 8, 12],
			"faces": {
				"north": {"uv": [4, 8, 5, 10], "texture": "#bottom"},
				"east": {"uv": [4, 8, 5, 10], "texture": "#bottom"},
				"south": {"uv": [4, 8, 5, 10], "texture": "#bottom"},
				"west": {"uv": [4, 8, 5, 10], "texture": "#bottom"},
				"up": {"uv": [4, 8, 5, 10], "rotation": 90, "texture": "#bottom"},
				"down": {"uv": [4, 8, 5, 10], "rotation": 270, "texture": "#bottom"}
			}
		},
		{
			"from": [-0.5, 5, 9],
			"to": [0, 6, 11],
			"faces": {
				"north": {"uv": [5, 10, 7, 11], "texture": "#bottom"},
				"east": {"uv": [5, 10, 7, 11], "texture": "#bottom"},
				"south": {"uv": [5, 10, 7, 11], "texture": "#bottom"},
				"west": {"uv": [5, 10, 7, 11], "texture": "#bottom"},
				"up": {"uv": [5, 10, 7, 11], "rotation": 90, "texture": "#bottom"},
				"down": {"uv": [5, 10, 7, 11], "rotation": 270, "texture": "#bottom"}
			}
		},
		{
			"from": [-0.5, 4, 7],
			"to": [0, 5, 9],
			"faces": {
				"north": {"uv": [8, 11, 9, 12], "texture": "#bottom"},
				"east": {"uv": [7, 11, 9, 12], "texture": "#bottom"},
				"south": {"uv": [7, 11, 8, 12], "texture": "#bottom"},
				"west": {"uv": [7, 11, 9, 12], "texture": "#bottom"},
				"up": {"uv": [7, 11, 9, 12], "rotation": 270, "texture": "#bottom"},
				"down": {"uv": [7, 11, 9, 12], "rotation": 90, "texture": "#bottom"}
			}
		},
		{
			"from": [-0.5, 5, 6],
			"to": [0, 6, 7],
			"faces": {
				"north": {"uv": [9, 10, 10, 11], "texture": "#bottom"},
				"east": {"uv": [9, 10, 10, 11], "texture": "#bottom"},
				"south": {"uv": [9, 10, 10, 11], "texture": "#bottom"},
				"west": {"uv": [9, 10, 10, 11], "texture": "#bottom"},
				"up": {"uv": [9, 10, 10, 11], "rotation": 90, "texture": "#bottom"},
				"down": {"uv": [9, 10, 10, 11], "rotation": 270, "texture": "#bottom"}
			}
		},
		{
			"from": [-0.5, 6, 5],
			"to": [0, 9, 6],
			"faces": {
				"north": {"uv": [10, 7, 11, 10], "texture": "#bottom"},
				"east": {"uv": [10, 7, 11, 10], "texture": "#bottom"},
				"south": {"uv": [10, 7, 11, 10], "texture": "#bottom"},
				"west": {"uv": [10, 7, 11, 10], "texture": "#bottom"},
				"up": {"uv": [10, 7, 11, 8], "rotation": 90, "texture": "#bottom"},
				"down": {"uv": [10, 9, 11, 10], "rotation": 270, "texture": "#bottom"}
			}
		},
		{
			"from": [0.5, 9, 4],
			"to": [1, 10, 5],
			"faces": {
				"north": {"uv": [11, 6, 12, 7], "texture": "#bottom"},
				"east": {"uv": [11, 6, 12, 7], "texture": "#bottom"},
				"south": {"uv": [11, 6, 12, 7], "texture": "#bottom"},
				"west": {"uv": [11, 6, 12, 7], "texture": "#bottom"},
				"up": {"uv": [11, 6, 12, 7], "rotation": 90, "texture": "#bottom"},
				"down": {"uv": [11, 6, 12, 7], "rotation": 270, "texture": "#bottom"}
			}
		},
		{
			"from": [-0.5, 10, 2],
			"to": [0, 11, 4],
			"faces": {
				"north": {"uv": [12, 5, 14, 6], "texture": "#bottom"},
				"east": {"uv": [12, 5, 14, 6], "texture": "#bottom"},
				"south": {"uv": [12, 5, 14, 6], "texture": "#bottom"},
				"west": {"uv": [12, 5, 14, 6], "texture": "#bottom"},
				"up": {"uv": [12, 5, 14, 6], "rotation": 90, "texture": "#bottom"},
				"down": {"uv": [12, 5, 14, 6], "rotation": 270, "texture": "#bottom"}
			}
		},
		{
			"from": [-0.5, 9, 0],
			"to": [0, 10, 2],
			"faces": {
				"north": {"uv": [14, 6, 16, 7], "texture": "#bottom"},
				"east": {"uv": [14, 6, 16, 7], "texture": "#bottom"},
				"south": {"uv": [14, 6, 16, 7], "texture": "#bottom"},
				"west": {"uv": [14, 6, 16, 7], "texture": "#bottom"},
				"up": {"uv": [14, 6, 16, 7], "rotation": 90, "texture": "#bottom"},
				"down": {"uv": [14, 6, 16, 7], "rotation": 270, "texture": "#bottom"}
			}
		},
		{
			"from": [-0.5, 1, 6],
			"to": [0, 2, 7],
			"faces": {
				"north": {"uv": [9, 14, 10, 15], "texture": "#bottom"},
				"east": {"uv": [9, 14, 10, 15], "texture": "#bottom"},
				"south": {"uv": [9, 14, 10, 15], "texture": "#bottom"},
				"west": {"uv": [9, 14, 10, 15], "texture": "#bottom"},
				"up": {"uv": [9, 14, 10, 15], "rotation": 90, "texture": "#bottom"},
				"down": {"uv": [9, 14, 10, 15], "rotation": 270, "texture": "#bottom"}
			}
		},
		{
			"from": [-0.5, 2, 5],
			"to": [0, 3, 6],
			"faces": {
				"north": {"uv": [10, 13, 11, 14], "texture": "#bottom"},
				"east": {"uv": [10, 13, 11, 14], "texture": "#bottom"},
				"south": {"uv": [10, 13, 11, 14], "texture": "#bottom"},
				"west": {"uv": [10, 13, 11, 14], "texture": "#bottom"},
				"up": {"uv": [10, 13, 11, 14], "rotation": 90, "texture": "#bottom"},
				"down": {"uv": [10, 13, 11, 14], "rotation": 270, "texture": "#bottom"}
			}
		},
		{
			"from": [0.5, 2, 4],
			"to": [1, 3, 5],
			"faces": {
				"north": {"uv": [11, 13, 12, 14], "texture": "#bottom"},
				"east": {"uv": [11, 13, 12, 14], "texture": "#bottom"},
				"south": {"uv": [11, 13, 12, 14], "texture": "#bottom"},
				"west": {"uv": [11, 13, 12, 14], "texture": "#bottom"},
				"up": {"uv": [11, 13, 12, 14], "rotation": 90, "texture": "#bottom"},
				"down": {"uv": [11, 13, 12, 14], "rotation": 270, "texture": "#bottom"}
			}
		},
		{
			"from": [-0.5, 3, 3],
			"to": [0, 5, 4],
			"faces": {
				"north": {"uv": [12, 11, 13, 13], "texture": "#bottom"},
				"east": {"uv": [12, 11, 13, 13], "texture": "#bottom"},
				"south": {"uv": [12, 11, 13, 13], "texture": "#bottom"},
				"west": {"uv": [13, 10, 15, 11], "texture": "#bottom"},
				"up": {"uv": [12, 11, 13, 12], "rotation": 270, "texture": "#bottom"},
				"down": {"uv": [12, 12, 13, 13], "rotation": 90, "texture": "#bottom"}
			}
		},
		{
			"from": [-0.5, 5, 1],
			"to": [0, 6, 3],
			"faces": {
				"north": {"uv": [13, 10, 15, 11], "texture": "#bottom"},
				"east": {"uv": [13, 10, 15, 11], "texture": "#bottom"},
				"south": {"uv": [13, 10, 14, 11], "texture": "#bottom"},
				"west": {"uv": [13, 10, 15, 11], "texture": "#bottom"},
				"up": {"uv": [13, 10, 15, 11], "rotation": 270, "texture": "#bottom"},
				"down": {"uv": [13, 10, 15, 11], "rotation": 90, "texture": "#bottom"}
			}
		},
		{
			"from": [-0.5, 4, 0],
			"to": [0, 5, 1],
			"faces": {
				"north": {"uv": [15, 11, 16, 12], "texture": "#bottom"},
				"east": {"uv": [15, 11, 16, 12], "texture": "#bottom"},
				"south": {"uv": [15, 11, 16, 12], "texture": "#bottom"},
				"west": {"uv": [15, 11, 16, 12], "texture": "#bottom"},
				"up": {"uv": [15, 11, 16, 12], "rotation": 90, "texture": "#bottom"},
				"down": {"uv": [15, 11, 16, 12], "rotation": 270, "texture": "#bottom"}
			}
		},
		{
			"from": [3, 17, 5],
			"to": [3.5, 18, 6],
			"faces": {
				"north": {"uv": [10, 14, 11, 15], "texture": "#top"},
				"east": {"uv": [10, 14, 11, 15], "texture": "#top"},
				"south": {"uv": [10, 14, 11, 15], "texture": "#top"},
				"west": {"uv": [10, 14, 11, 15], "texture": "#top"},
				"up": {"uv": [10, 14, 11, 15], "rotation": 90, "texture": "#top"},
				"down": {"uv": [10, 14, 11, 15], "rotation": 270, "texture": "#top"}
			}
		},
		{
			"from": [-0.5, 17, 5],
			"to": [0, 18, 6],
			"faces": {
				"north": {"uv": [10, 14, 11, 15], "texture": "#top"},
				"east": {"uv": [10, 14, 11, 15], "texture": "#top"},
				"south": {"uv": [10, 14, 11, 15], "texture": "#top"},
				"west": {"uv": [10, 14, 11, 15], "texture": "#top"},
				"up": {"uv": [10, 14, 11, 15], "rotation": 90, "texture": "#top"},
				"down": {"uv": [10, 14, 11, 15], "rotation": 270, "texture": "#top"}
			}
		},
		{
			"from": [3, 16, 5],
			"to": [3.5, 17, 6],
			"faces": {
				"north": {"uv": [10, 15, 11, 16], "texture": "#top"},
				"east": {"uv": [10, 15, 11, 16], "texture": "#top"},
				"south": {"uv": [10, 15, 11, 16], "texture": "#top"},
				"west": {"uv": [10, 15, 11, 16], "texture": "#top"},
				"up": {"uv": [10, 15, 11, 16], "rotation": 90, "texture": "#top"},
				"down": {"uv": [10, 15, 11, 16], "rotation": 270, "texture": "#top"}
			}
		},
		{
			"from": [-0.5, 16, 5],
			"to": [0, 17, 6],
			"faces": {
				"north": {"uv": [10, 15, 11, 16], "texture": "#top"},
				"east": {"uv": [10, 15, 11, 16], "texture": "#top"},
				"south": {"uv": [10, 15, 11, 16], "texture": "#top"},
				"west": {"uv": [10, 15, 11, 16], "texture": "#top"},
				"up": {"uv": [10, 15, 11, 16], "rotation": 90, "texture": "#top"},
				"down": {"uv": [10, 15, 11, 16], "rotation": 270, "texture": "#top"}
			}
		},
		{
			"from": [3, 16, 1],
			"to": [3.5, 17, 2],
			"faces": {
				"north": {"uv": [14, 15, 15, 16], "texture": "#top"},
				"east": {"uv": [14, 15, 15, 16], "texture": "#top"},
				"south": {"uv": [14, 15, 15, 16], "texture": "#top"},
				"west": {"uv": [14, 15, 15, 16], "texture": "#top"},
				"up": {"uv": [14, 15, 15, 16], "rotation": 90, "texture": "#top"},
				"down": {"uv": [14, 15, 15, 16], "rotation": 270, "texture": "#top"}
			}
		},
		{
			"from": [-0.5, 16, 1],
			"to": [0, 17, 2],
			"faces": {
				"north": {"uv": [14, 15, 15, 16], "texture": "#top"},
				"east": {"uv": [14, 15, 15, 16], "texture": "#top"},
				"south": {"uv": [14, 15, 15, 16], "texture": "#top"},
				"west": {"uv": [14, 15, 15, 16], "texture": "#top"},
				"up": {"uv": [14, 15, 15, 16], "rotation": 90, "texture": "#top"},
				"down": {"uv": [14, 15, 15, 16], "rotation": 270, "texture": "#top"}
			}
		},
		{
			"from": [0, 16, 0],
			"to": [3, 32, 4],
			"faces": {
				"north": {"uv": [0, 0, 3, 16], "texture": "#top"},
				"east": {"uv": [12, 0, 16, 16], "texture": "#top"},
				"south": {"uv": [12, 0, 13, 16], "texture": "#top"},
				"west": {"uv": [16, 0, 12, 16], "texture": "#top"},
				"up": {"uv": [12, 0, 16, 3], "rotation": 90, "texture": "#top"},
				"down": {"uv": [12, 0, 16, 3], "rotation": 270, "texture": "#top"}
			}
		},
		{
			"from": [1, 16, 11],
			"to": [2, 32, 12],
			"faces": {
				"north": {"uv": [4, 0, 5, 16], "texture": "#top"},
				"east": {"uv": [4, 0, 5, 16], "texture": "#top"},
				"south": {"uv": [4, 0, 5, 16], "texture": "#top"},
				"west": {"uv": [4, 0, 5, 16], "texture": "#top"},
				"up": {"uv": [0, 0, 1, 1], "rotation": 90, "texture": "#top"},
				"down": {"uv": [0, 0, 1, 1], "rotation": 270, "texture": "#top"}
			}
		},
		{
			"from": [1, 16, 4],
			"to": [2, 32, 5],
			"faces": {
				"north": {"uv": [11, 0, 12, 16], "texture": "#top"},
				"east": {"uv": [11, 0, 12, 16], "texture": "#top"},
				"south": {"uv": [11, 0, 12, 16], "texture": "#top"},
				"west": {"uv": [11, 0, 12, 16], "texture": "#top"},
				"up": {"uv": [0, 0, 1, 1], "rotation": 90, "texture": "#top"},
				"down": {"uv": [0, 0, 1, 1], "rotation": 270, "texture": "#top"}
			}
		},
		{
			"from": [0, 16, 5],
			"to": [3, 32, 11],
			"faces": {
				"north": {"uv": [10, 0, 11, 16], "texture": "#top"},
				"east": {"uv": [5, 0, 11, 16], "texture": "#top"},
				"south": {"uv": [5, 0, 6, 16], "texture": "#top"},
				"west": {"uv": [11, 0, 5, 16], "texture": "#top"},
				"up": {"uv": [5, 0, 11, 3], "rotation": 90, "texture": "#top"},
				"down": {"uv": [5, 0, 11, 3], "rotation": 270, "texture": "#top"}
			}
		},
		{
			"from": [0, 16, 12],
			"to": [3, 32, 16],
			"faces": {
				"north": {"uv": [3, 0, 4, 16], "texture": "#top"},
				"east": {"uv": [0, 0, 4, 16], "texture": "#top"},
				"south": {"uv": [0, 0, 3, 16], "texture": "#top"},
				"west": {"uv": [4, 0, 0, 16], "texture": "#top"},
				"up": {"uv": [0, 0, 4, 3], "rotation": 90, "texture": "#top"},
				"down": {"uv": [0, 0, 4, 3], "rotation": 270, "texture": "#top"}
			}
		},
		{
			"from": [2, 20, 4],
			"to": [2.5, 21, 5],
			"faces": {
				"north": {"uv": [11, 11, 12, 12], "texture": "#top"},
				"east": {"uv": [11, 11, 12, 12], "texture": "#top"},
				"south": {"uv": [11, 11, 12, 12], "texture": "#top"},
				"west": {"uv": [11, 11, 12, 12], "texture": "#top"},
				"up": {"uv": [11, 11, 12, 12], "rotation": 90, "texture": "#top"},
				"down": {"uv": [11, 11, 12, 12], "rotation": 270, "texture": "#top"}
			}
		},
		{
			"from": [3, 19, 3],
			"to": [3.5, 20, 4],
			"faces": {
				"north": {"uv": [12, 12, 13, 13], "texture": "#top"},
				"east": {"uv": [12, 12, 13, 13], "texture": "#top"},
				"south": {"uv": [12, 12, 13, 13], "texture": "#top"},
				"west": {"uv": [12, 12, 13, 13], "texture": "#top"},
				"up": {"uv": [12, 12, 13, 13], "rotation": 90, "texture": "#top"},
				"down": {"uv": [12, 12, 13, 13], "rotation": 270, "texture": "#top"}
			}
		},
		{
			"from": [3, 19, 2],
			"to": [3.5, 20, 3],
			"faces": {
				"north": {"uv": [13, 12, 14, 13], "texture": "#top"},
				"east": {"uv": [13, 12, 14, 13], "texture": "#top"},
				"south": {"uv": [13, 12, 14, 13], "texture": "#top"},
				"west": {"uv": [13, 12, 14, 13], "texture": "#top"},
				"up": {"uv": [13, 12, 14, 13], "rotation": 90, "texture": "#top"},
				"down": {"uv": [13, 12, 14, 13], "rotation": 270, "texture": "#top"}
			}
		},
		{
			"from": [3, 20, 1],
			"to": [3.5, 21, 2],
			"faces": {
				"north": {"uv": [14, 11, 15, 12], "texture": "#top"},
				"east": {"uv": [14, 11, 15, 12], "texture": "#top"},
				"south": {"uv": [14, 11, 15, 12], "texture": "#top"},
				"west": {"uv": [14, 11, 15, 12], "texture": "#top"},
				"up": {"uv": [14, 11, 15, 12], "rotation": 90, "texture": "#top"},
				"down": {"uv": [14, 11, 15, 12], "rotation": 270, "texture": "#top"}
			}
		},
		{
			"from": [3, 21, 0],
			"to": [3.5, 22, 1],
			"faces": {
				"north": {"uv": [15, 10, 16, 11], "texture": "#top"},
				"east": {"uv": [15, 10, 16, 11], "texture": "#top"},
				"south": {"uv": [15, 10, 16, 11], "texture": "#top"},
				"west": {"uv": [15, 10, 16, 11], "texture": "#top"},
				"up": {"uv": [15, 10, 16, 11], "rotation": 90, "texture": "#top"},
				"down": {"uv": [15, 10, 16, 11], "rotation": 270, "texture": "#top"}
			}
		},
		{
			"from": [3, 24, 0],
			"to": [3.5, 25, 1],
			"faces": {
				"north": {"uv": [15, 7, 16, 8], "texture": "#top"},
				"east": {"uv": [15, 7, 16, 8], "texture": "#top"},
				"south": {"uv": [15, 7, 16, 8], "texture": "#top"},
				"west": {"uv": [15, 7, 16, 8], "texture": "#top"},
				"up": {"uv": [15, 7, 16, 8], "rotation": 90, "texture": "#top"},
				"down": {"uv": [15, 7, 16, 8], "rotation": 270, "texture": "#top"}
			}
		},
		{
			"from": [3, 23, 1],
			"to": [3.5, 24, 2],
			"faces": {
				"north": {"uv": [14, 8, 15, 9], "texture": "#top"},
				"east": {"uv": [14, 8, 15, 9], "texture": "#top"},
				"south": {"uv": [14, 8, 15, 9], "texture": "#top"},
				"west": {"uv": [14, 8, 15, 9], "texture": "#top"},
				"up": {"uv": [14, 8, 15, 9], "rotation": 90, "texture": "#top"},
				"down": {"uv": [14, 8, 15, 9], "rotation": 270, "texture": "#top"}
			}
		},
		{
			"from": [3, 23, 2],
			"to": [3.5, 24, 3],
			"faces": {
				"north": {"uv": [13, 8, 14, 9], "texture": "#top"},
				"east": {"uv": [13, 8, 14, 9], "texture": "#top"},
				"south": {"uv": [13, 8, 14, 9], "texture": "#top"},
				"west": {"uv": [13, 8, 14, 9], "texture": "#top"},
				"up": {"uv": [13, 8, 14, 9], "rotation": 90, "texture": "#top"},
				"down": {"uv": [13, 8, 14, 9], "rotation": 270, "texture": "#top"}
			}
		},
		{
			"from": [3, 22, 3],
			"to": [3.5, 23, 4],
			"faces": {
				"north": {"uv": [12, 9, 13, 10], "texture": "#top"},
				"east": {"uv": [12, 9, 13, 10], "texture": "#top"},
				"south": {"uv": [12, 9, 13, 10], "texture": "#top"},
				"west": {"uv": [12, 9, 13, 10], "texture": "#top"},
				"up": {"uv": [12, 9, 13, 10], "rotation": 90, "texture": "#top"},
				"down": {"uv": [12, 9, 13, 10], "rotation": 270, "texture": "#top"}
			}
		},
		{
			"from": [3, 21, 5],
			"to": [3.5, 22, 7],
			"faces": {
				"north": {"uv": [9, 10, 11, 11], "texture": "#top"},
				"east": {"uv": [9, 10, 11, 11], "texture": "#top"},
				"south": {"uv": [9, 10, 11, 11], "texture": "#top"},
				"west": {"uv": [9, 10, 11, 11], "texture": "#top"},
				"up": {"uv": [9, 10, 11, 11], "rotation": 90, "texture": "#top"},
				"down": {"uv": [9, 10, 11, 11], "rotation": 270, "texture": "#top"}
			}
		},
		{
			"from": [3, 20, 7],
			"to": [3.5, 21, 8],
			"faces": {
				"north": {"uv": [8, 11, 9, 12], "texture": "#top"},
				"east": {"uv": [8, 11, 9, 12], "texture": "#top"},
				"south": {"uv": [8, 11, 9, 12], "texture": "#top"},
				"west": {"uv": [8, 11, 9, 12], "texture": "#top"},
				"up": {"uv": [8, 11, 9, 12], "rotation": 90, "texture": "#top"},
				"down": {"uv": [8, 11, 9, 12], "rotation": 270, "texture": "#top"}
			}
		},
		{
			"from": [3, 16, 8],
			"to": [3.5, 20, 9],
			"faces": {
				"north": {"uv": [7, 12, 8, 16], "texture": "#top"},
				"east": {"uv": [7, 12, 8, 16], "texture": "#top"},
				"south": {"uv": [7, 12, 8, 16], "texture": "#top"},
				"west": {"uv": [7, 12, 8, 16], "texture": "#top"},
				"up": {"uv": [7, 12, 8, 13], "rotation": 90, "texture": "#top"},
				"down": {"uv": [7, 12, 8, 16], "rotation": 270, "texture": "#top"}
			}
		},
		{
			"from": [3, 24, 13],
			"to": [3.5, 25, 15],
			"faces": {
				"north": {"uv": [1, 7, 3, 8], "texture": "#top"},
				"east": {"uv": [1, 7, 3, 8], "texture": "#top"},
				"south": {"uv": [1, 7, 3, 8], "texture": "#top"},
				"west": {"uv": [1, 7, 3, 8], "texture": "#top"},
				"up": {"uv": [1, 7, 3, 8], "rotation": 90, "texture": "#top"},
				"down": {"uv": [1, 7, 3, 8], "rotation": 270, "texture": "#top"}
			}
		},
		{
			"from": [3, 29, 13],
			"to": [3.5, 30, 15],
			"faces": {
				"north": {"uv": [1, 7, 3, 8], "texture": "#top"},
				"east": {"uv": [1, 7, 3, 8], "texture": "#top"},
				"south": {"uv": [1, 7, 3, 8], "texture": "#top"},
				"west": {"uv": [1, 7, 3, 8], "texture": "#top"},
				"up": {"uv": [1, 7, 3, 8], "rotation": 90, "texture": "#top"},
				"down": {"uv": [1, 7, 3, 8], "rotation": 270, "texture": "#top"}
			}
		},
		{
			"from": [3, 24, 15],
			"to": [3.5, 25, 16],
			"faces": {
				"north": {"uv": [0, 7, 1, 8], "texture": "#top"},
				"east": {"uv": [0, 7, 1, 8], "texture": "#top"},
				"south": {"uv": [0, 7, 1, 8], "texture": "#top"},
				"west": {"uv": [0, 7, 1, 8], "texture": "#top"},
				"up": {"uv": [0, 7, 1, 8], "rotation": 90, "texture": "#top"},
				"down": {"uv": [0, 7, 1, 8], "rotation": 270, "texture": "#top"}
			}
		},
		{
			"from": [3, 29, 15],
			"to": [3.5, 30, 16],
			"faces": {
				"north": {"uv": [0, 7, 1, 8], "texture": "#top"},
				"east": {"uv": [0, 7, 1, 8], "texture": "#top"},
				"south": {"uv": [0, 7, 1, 8], "texture": "#top"},
				"west": {"uv": [0, 7, 1, 8], "texture": "#top"},
				"up": {"uv": [0, 7, 1, 8], "rotation": 90, "texture": "#top"},
				"down": {"uv": [0, 7, 1, 8], "rotation": 270, "texture": "#top"}
			}
		},
		{
			"from": [3, 28, 12],
			"to": [3.5, 29, 13],
			"faces": {
				"north": {"uv": [3, 3, 4, 4], "texture": "#top"},
				"east": {"uv": [3, 3, 4, 4], "texture": "#top"},
				"south": {"uv": [3, 3, 4, 4], "texture": "#top"},
				"west": {"uv": [3, 3, 4, 4], "texture": "#top"},
				"up": {"uv": [3, 3, 4, 4], "rotation": 90, "texture": "#top"},
				"down": {"uv": [3, 3, 4, 4], "rotation": 270, "texture": "#top"}
			}
		},
		{
			"from": [2, 27, 11],
			"to": [2.5, 29, 12],
			"faces": {
				"north": {"uv": [4, 3, 5, 4], "texture": "#top"},
				"east": {"uv": [4, 3, 5, 4], "texture": "#top"},
				"south": {"uv": [4, 3, 5, 4], "texture": "#top"},
				"west": {"uv": [4, 3, 5, 4], "texture": "#top"},
				"up": {"uv": [4, 3, 5, 4], "rotation": 90, "texture": "#top"},
				"down": {"uv": [4, 3, 5, 4], "rotation": 270, "texture": "#top"}
			}
		},
		{
			"from": [2, 26, 11],
			"to": [2.5, 27, 12],
			"faces": {
				"north": {"uv": [4, 5, 5, 6], "texture": "#top"},
				"east": {"uv": [4, 5, 5, 6], "texture": "#top"},
				"south": {"uv": [4, 5, 5, 6], "texture": "#top"},
				"west": {"uv": [4, 5, 5, 6], "texture": "#top"},
				"up": {"uv": [4, 5, 5, 6], "rotation": 90, "texture": "#top"},
				"down": {"uv": [4, 5, 5, 6], "rotation": 270, "texture": "#top"}
			}
		},
		{
			"from": [3, 28, 10],
			"to": [3.5, 29, 11],
			"faces": {
				"north": {"uv": [5, 3, 6, 4], "texture": "#top"},
				"east": {"uv": [5, 3, 6, 4], "texture": "#top"},
				"south": {"uv": [5, 3, 6, 4], "texture": "#top"},
				"west": {"uv": [5, 3, 6, 4], "texture": "#top"},
				"up": {"uv": [5, 3, 6, 4], "rotation": 90, "texture": "#top"},
				"down": {"uv": [5, 3, 6, 4], "rotation": 270, "texture": "#top"}
			}
		},
		{
			"from": [3, 28, 9],
			"to": [3.5, 29, 10],
			"faces": {
				"north": {"uv": [6, 3, 7, 4], "texture": "#top"},
				"east": {"uv": [6, 3, 7, 4], "texture": "#top"},
				"south": {"uv": [6, 3, 7, 4], "texture": "#top"},
				"west": {"uv": [6, 3, 7, 4], "texture": "#top"},
				"up": {"uv": [6, 3, 7, 4], "rotation": 90, "texture": "#top"},
				"down": {"uv": [6, 3, 7, 4], "rotation": 270, "texture": "#top"}
			}
		},
		{
			"from": [3, 29, 8],
			"to": [3.5, 30, 9],
			"faces": {
				"north": {"uv": [7, 2, 8, 3], "texture": "#top"},
				"east": {"uv": [7, 2, 8, 3], "texture": "#top"},
				"south": {"uv": [7, 2, 8, 3], "texture": "#top"},
				"west": {"uv": [7, 2, 8, 3], "texture": "#top"},
				"up": {"uv": [7, 2, 8, 3], "rotation": 90, "texture": "#top"},
				"down": {"uv": [7, 2, 8, 3], "rotation": 270, "texture": "#top"}
			}
		},
		{
			"from": [3, 30, 7],
			"to": [3.5, 31, 8],
			"faces": {
				"north": {"uv": [8, 1, 9, 2], "texture": "#top"},
				"east": {"uv": [8, 1, 9, 2], "texture": "#top"},
				"south": {"uv": [8, 1, 9, 2], "texture": "#top"},
				"west": {"uv": [8, 1, 9, 2], "texture": "#top"},
				"up": {"uv": [8, 1, 9, 2], "rotation": 90, "texture": "#top"},
				"down": {"uv": [8, 1, 9, 2], "rotation": 270, "texture": "#top"}
			}
		},
		{
			"from": [3, 31, 6],
			"to": [3.5, 32, 7],
			"faces": {
				"north": {"uv": [9, 0, 10, 1], "texture": "#top"},
				"east": {"uv": [9, 0, 10, 1], "texture": "#top"},
				"south": {"uv": [9, 0, 10, 1], "texture": "#top"},
				"west": {"uv": [9, 0, 10, 1], "texture": "#top"},
				"up": {"uv": [9, 0, 10, 1], "rotation": 90, "texture": "#top"},
				"down": {"uv": [9, 0, 10, 1], "rotation": 270, "texture": "#top"}
			}
		},
		{
			"from": [3, 30, 3],
			"to": [3.5, 31, 4],
			"faces": {
				"north": {"uv": [12, 1, 13, 2], "texture": "#top"},
				"east": {"uv": [12, 1, 13, 2], "texture": "#top"},
				"south": {"uv": [12, 1, 13, 2], "texture": "#top"},
				"west": {"uv": [12, 1, 13, 2], "texture": "#top"},
				"up": {"uv": [12, 1, 13, 2], "rotation": 90, "texture": "#top"},
				"down": {"uv": [12, 1, 13, 2], "rotation": 270, "texture": "#top"}
			}
		},
		{
			"from": [3, 29, 2],
			"to": [3.5, 30, 3],
			"faces": {
				"north": {"uv": [13, 2, 14, 3], "texture": "#top"},
				"east": {"uv": [13, 2, 14, 3], "texture": "#top"},
				"south": {"uv": [13, 2, 14, 3], "texture": "#top"},
				"west": {"uv": [13, 2, 14, 3], "texture": "#top"},
				"up": {"uv": [13, 2, 14, 3], "rotation": 90, "texture": "#top"},
				"down": {"uv": [13, 2, 14, 3], "rotation": 270, "texture": "#top"}
			}
		},
		{
			"from": [3, 29, 1],
			"to": [3.5, 30, 2],
			"faces": {
				"north": {"uv": [14, 2, 15, 3], "texture": "#top"},
				"east": {"uv": [14, 2, 15, 3], "texture": "#top"},
				"south": {"uv": [14, 2, 15, 3], "texture": "#top"},
				"west": {"uv": [14, 2, 15, 3], "texture": "#top"},
				"up": {"uv": [14, 2, 15, 3], "rotation": 90, "texture": "#top"},
				"down": {"uv": [14, 2, 15, 3], "rotation": 270, "texture": "#top"}
			}
		},
		{
			"from": [3, 29, 0],
			"to": [3.5, 30, 1],
			"faces": {
				"north": {"uv": [15, 2, 16, 3], "texture": "#top"},
				"east": {"uv": [15, 2, 16, 3], "texture": "#top"},
				"south": {"uv": [15, 2, 16, 3], "texture": "#top"},
				"west": {"uv": [15, 2, 16, 3], "texture": "#top"},
				"up": {"uv": [15, 2, 16, 3], "rotation": 90, "texture": "#top"},
				"down": {"uv": [15, 2, 16, 3], "rotation": 270, "texture": "#top"}
			}
		},
		{
			"from": [-0.5, 29, 0],
			"to": [0, 30, 1],
			"faces": {
				"north": {"uv": [15, 2, 16, 3], "texture": "#top"},
				"east": {"uv": [15, 2, 16, 3], "texture": "#top"},
				"south": {"uv": [15, 2, 16, 3], "texture": "#top"},
				"west": {"uv": [15, 2, 16, 3], "texture": "#top"},
				"up": {"uv": [15, 2, 16, 3], "rotation": 90, "texture": "#top"},
				"down": {"uv": [15, 2, 16, 3], "rotation": 270, "texture": "#top"}
			}
		},
		{
			"from": [-0.5, 29, 1],
			"to": [0, 30, 2],
			"faces": {
				"north": {"uv": [14, 2, 15, 3], "texture": "#top"},
				"east": {"uv": [14, 2, 15, 3], "texture": "#top"},
				"south": {"uv": [14, 2, 15, 3], "texture": "#top"},
				"west": {"uv": [14, 2, 15, 3], "texture": "#top"},
				"up": {"uv": [14, 2, 15, 3], "rotation": 90, "texture": "#top"},
				"down": {"uv": [14, 2, 15, 3], "rotation": 270, "texture": "#top"}
			}
		},
		{
			"from": [-0.5, 29, 2],
			"to": [0, 30, 3],
			"faces": {
				"north": {"uv": [13, 2, 14, 3], "texture": "#top"},
				"east": {"uv": [13, 2, 14, 3], "texture": "#top"},
				"south": {"uv": [13, 2, 14, 3], "texture": "#top"},
				"west": {"uv": [13, 2, 14, 3], "texture": "#top"},
				"up": {"uv": [13, 2, 14, 3], "rotation": 90, "texture": "#top"},
				"down": {"uv": [13, 2, 14, 3], "rotation": 270, "texture": "#top"}
			}
		},
		{
			"from": [-0.5, 30, 3],
			"to": [0, 31, 4],
			"faces": {
				"north": {"uv": [12, 1, 13, 2], "texture": "#top"},
				"east": {"uv": [12, 1, 13, 2], "texture": "#top"},
				"south": {"uv": [12, 1, 13, 2], "texture": "#top"},
				"west": {"uv": [12, 1, 13, 2], "texture": "#top"},
				"up": {"uv": [12, 1, 13, 2], "rotation": 90, "texture": "#top"},
				"down": {"uv": [12, 1, 13, 2], "rotation": 270, "texture": "#top"}
			}
		},
		{
			"from": [-0.5, 31, 6],
			"to": [0, 32, 7],
			"faces": {
				"north": {"uv": [9, 0, 10, 1], "texture": "#top"},
				"east": {"uv": [9, 0, 10, 1], "texture": "#top"},
				"south": {"uv": [9, 0, 10, 1], "texture": "#top"},
				"west": {"uv": [9, 0, 10, 1], "texture": "#top"},
				"up": {"uv": [9, 0, 10, 1], "rotation": 90, "texture": "#top"},
				"down": {"uv": [9, 0, 10, 1], "rotation": 270, "texture": "#top"}
			}
		},
		{
			"from": [-0.5, 30, 7],
			"to": [0, 31, 8],
			"faces": {
				"north": {"uv": [8, 1, 9, 2], "texture": "#top"},
				"east": {"uv": [8, 1, 9, 2], "texture": "#top"},
				"south": {"uv": [8, 1, 9, 2], "texture": "#top"},
				"west": {"uv": [8, 1, 9, 2], "texture": "#top"},
				"up": {"uv": [8, 1, 9, 2], "rotation": 90, "texture": "#top"},
				"down": {"uv": [8, 1, 9, 2], "rotation": 270, "texture": "#top"}
			}
		},
		{
			"from": [-0.5, 29, 8],
			"to": [0, 30, 9],
			"faces": {
				"north": {"uv": [7, 2, 8, 3], "texture": "#top"},
				"east": {"uv": [7, 2, 8, 3], "texture": "#top"},
				"south": {"uv": [7, 2, 8, 3], "texture": "#top"},
				"west": {"uv": [7, 2, 8, 3], "texture": "#top"},
				"up": {"uv": [7, 2, 8, 3], "rotation": 90, "texture": "#top"},
				"down": {"uv": [7, 2, 8, 3], "rotation": 270, "texture": "#top"}
			}
		},
		{
			"from": [-0.5, 28, 9],
			"to": [0, 29, 10],
			"faces": {
				"north": {"uv": [6, 3, 7, 4], "texture": "#top"},
				"east": {"uv": [6, 3, 7, 4], "texture": "#top"},
				"south": {"uv": [6, 3, 7, 4], "texture": "#top"},
				"west": {"uv": [6, 3, 7, 4], "texture": "#top"},
				"up": {"uv": [6, 3, 7, 4], "rotation": 90, "texture": "#top"},
				"down": {"uv": [6, 3, 7, 4], "rotation": 270, "texture": "#top"}
			}
		},
		{
			"from": [-0.5, 28, 10],
			"to": [0, 29, 11],
			"faces": {
				"north": {"uv": [5, 3, 6, 4], "texture": "#top"},
				"east": {"uv": [5, 3, 6, 4], "texture": "#top"},
				"south": {"uv": [5, 3, 6, 4], "texture": "#top"},
				"west": {"uv": [5, 3, 6, 4], "texture": "#top"},
				"up": {"uv": [5, 3, 6, 4], "rotation": 90, "texture": "#top"},
				"down": {"uv": [5, 3, 6, 4], "rotation": 270, "texture": "#top"}
			}
		},
		{
			"from": [0.5, 26, 11],
			"to": [1, 27, 12],
			"faces": {
				"north": {"uv": [4, 5, 5, 6], "texture": "#top"},
				"east": {"uv": [4, 5, 5, 6], "texture": "#top"},
				"south": {"uv": [4, 5, 5, 6], "texture": "#top"},
				"west": {"uv": [4, 5, 5, 6], "texture": "#top"},
				"up": {"uv": [4, 5, 5, 6], "rotation": 90, "texture": "#top"},
				"down": {"uv": [4, 5, 5, 6], "rotation": 270, "texture": "#top"}
			}
		},
		{
			"from": [0.5, 27, 11],
			"to": [1, 29, 12],
			"faces": {
				"north": {"uv": [4, 3, 5, 4], "texture": "#top"},
				"east": {"uv": [4, 3, 5, 4], "texture": "#top"},
				"south": {"uv": [4, 3, 5, 4], "texture": "#top"},
				"west": {"uv": [4, 3, 5, 4], "texture": "#top"},
				"up": {"uv": [4, 3, 5, 4], "rotation": 90, "texture": "#top"},
				"down": {"uv": [4, 3, 5, 4], "rotation": 270, "texture": "#top"}
			}
		},
		{
			"from": [-0.5, 28, 12],
			"to": [0, 29, 13],
			"faces": {
				"north": {"uv": [3, 3, 4, 4], "texture": "#top"},
				"east": {"uv": [3, 3, 4, 4], "texture": "#top"},
				"south": {"uv": [3, 3, 4, 4], "texture": "#top"},
				"west": {"uv": [3, 3, 4, 4], "texture": "#top"},
				"up": {"uv": [3, 3, 4, 4], "rotation": 90, "texture": "#top"},
				"down": {"uv": [3, 3, 4, 4], "rotation": 270, "texture": "#top"}
			}
		},
		{
			"from": [-0.5, 29, 15],
			"to": [0, 30, 16],
			"faces": {
				"north": {"uv": [0, 7, 1, 8], "texture": "#top"},
				"east": {"uv": [0, 7, 1, 8], "texture": "#top"},
				"south": {"uv": [0, 7, 1, 8], "texture": "#top"},
				"west": {"uv": [0, 7, 1, 8], "texture": "#top"},
				"up": {"uv": [0, 7, 1, 8], "rotation": 90, "texture": "#top"},
				"down": {"uv": [0, 7, 1, 8], "rotation": 270, "texture": "#top"}
			}
		},
		{
			"from": [-0.5, 24, 15],
			"to": [0, 25, 16],
			"faces": {
				"north": {"uv": [0, 7, 1, 8], "texture": "#top"},
				"east": {"uv": [0, 7, 1, 8], "texture": "#top"},
				"south": {"uv": [0, 7, 1, 8], "texture": "#top"},
				"west": {"uv": [0, 7, 1, 8], "texture": "#top"},
				"up": {"uv": [0, 7, 1, 8], "rotation": 90, "texture": "#top"},
				"down": {"uv": [0, 7, 1, 8], "rotation": 270, "texture": "#top"}
			}
		},
		{
			"from": [-0.5, 29, 13],
			"to": [0, 30, 15],
			"faces": {
				"north": {"uv": [1, 7, 3, 8], "texture": "#top"},
				"east": {"uv": [1, 7, 3, 8], "texture": "#top"},
				"south": {"uv": [1, 7, 3, 8], "texture": "#top"},
				"west": {"uv": [1, 7, 3, 8], "texture": "#top"},
				"up": {"uv": [1, 7, 3, 8], "rotation": 90, "texture": "#top"},
				"down": {"uv": [1, 7, 3, 8], "rotation": 270, "texture": "#top"}
			}
		},
		{
			"from": [-0.5, 24, 13],
			"to": [0, 25, 15],
			"faces": {
				"north": {"uv": [1, 7, 3, 8], "texture": "#top"},
				"east": {"uv": [1, 7, 3, 8], "texture": "#top"},
				"south": {"uv": [1, 7, 3, 8], "texture": "#top"},
				"west": {"uv": [1, 7, 3, 8], "texture": "#top"},
				"up": {"uv": [1, 7, 3, 8], "rotation": 90, "texture": "#top"},
				"down": {"uv": [1, 7, 3, 8], "rotation": 270, "texture": "#top"}
			}
		},
		{
			"from": [-0.5, 16, 8],
			"to": [0, 20, 9],
			"faces": {
				"north": {"uv": [7, 12, 8, 16], "texture": "#top"},
				"east": {"uv": [7, 12, 8, 16], "texture": "#top"},
				"south": {"uv": [7, 12, 8, 16], "texture": "#top"},
				"west": {"uv": [7, 12, 8, 16], "texture": "#top"},
				"up": {"uv": [7, 12, 8, 13], "rotation": 90, "texture": "#top"},
				"down": {"uv": [7, 12, 8, 16], "rotation": 270, "texture": "#top"}
			}
		},
		{
			"from": [-0.5, 20, 7],
			"to": [0, 21, 8],
			"faces": {
				"north": {"uv": [8, 11, 9, 12], "texture": "#top"},
				"east": {"uv": [8, 11, 9, 12], "texture": "#top"},
				"south": {"uv": [8, 11, 9, 12], "texture": "#top"},
				"west": {"uv": [8, 11, 9, 12], "texture": "#top"},
				"up": {"uv": [8, 11, 9, 12], "rotation": 90, "texture": "#top"},
				"down": {"uv": [8, 11, 9, 12], "rotation": 270, "texture": "#top"}
			}
		},
		{
			"from": [-0.5, 21, 5],
			"to": [0, 22, 7],
			"faces": {
				"north": {"uv": [9, 10, 11, 11], "texture": "#top"},
				"east": {"uv": [9, 10, 11, 11], "texture": "#top"},
				"south": {"uv": [9, 10, 11, 11], "texture": "#top"},
				"west": {"uv": [9, 10, 11, 11], "texture": "#top"},
				"up": {"uv": [9, 10, 11, 11], "rotation": 90, "texture": "#top"},
				"down": {"uv": [9, 10, 11, 11], "rotation": 270, "texture": "#top"}
			}
		},
		{
			"from": [-0.5, 22, 3],
			"to": [0, 23, 4],
			"faces": {
				"north": {"uv": [12, 9, 13, 10], "texture": "#top"},
				"east": {"uv": [12, 9, 13, 10], "texture": "#top"},
				"south": {"uv": [12, 9, 13, 10], "texture": "#top"},
				"west": {"uv": [12, 9, 13, 10], "texture": "#top"},
				"up": {"uv": [12, 9, 13, 10], "rotation": 90, "texture": "#top"},
				"down": {"uv": [12, 9, 13, 10], "rotation": 270, "texture": "#top"}
			}
		},
		{
			"from": [-0.5, 23, 2],
			"to": [0, 24, 3],
			"faces": {
				"north": {"uv": [13, 8, 14, 9], "texture": "#top"},
				"east": {"uv": [13, 8, 14, 9], "texture": "#top"},
				"south": {"uv": [13, 8, 14, 9], "texture": "#top"},
				"west": {"uv": [13, 8, 14, 9], "texture": "#top"},
				"up": {"uv": [13, 8, 14, 9], "rotation": 90, "texture": "#top"},
				"down": {"uv": [13, 8, 14, 9], "rotation": 270, "texture": "#top"}
			}
		},
		{
			"from": [-0.5, 23, 1],
			"to": [0, 24, 2],
			"faces": {
				"north": {"uv": [14, 8, 15, 9], "texture": "#top"},
				"east": {"uv": [14, 8, 15, 9], "texture": "#top"},
				"south": {"uv": [14, 8, 15, 9], "texture": "#top"},
				"west": {"uv": [14, 8, 15, 9], "texture": "#top"},
				"up": {"uv": [14, 8, 15, 9], "rotation": 90, "texture": "#top"},
				"down": {"uv": [14, 8, 15, 9], "rotation": 270, "texture": "#top"}
			}
		},
		{
			"from": [-0.5, 24, 0],
			"to": [0, 25, 1],
			"faces": {
				"north": {"uv": [15, 7, 16, 8], "texture": "#top"},
				"east": {"uv": [15, 7, 16, 8], "texture": "#top"},
				"south": {"uv": [15, 7, 16, 8], "texture": "#top"},
				"west": {"uv": [15, 7, 16, 8], "texture": "#top"},
				"up": {"uv": [15, 7, 16, 8], "rotation": 90, "texture": "#top"},
				"down": {"uv": [15, 7, 16, 8], "rotation": 270, "texture": "#top"}
			}
		},
		{
			"from": [-0.5, 21, 0],
			"to": [0, 22, 1],
			"faces": {
				"north": {"uv": [15, 10, 16, 11], "texture": "#top"},
				"east": {"uv": [15, 10, 16, 11], "texture": "#top"},
				"south": {"uv": [15, 10, 16, 11], "texture": "#top"},
				"west": {"uv": [15, 10, 16, 11], "texture": "#top"},
				"up": {"uv": [15, 10, 16, 11], "rotation": 90, "texture": "#top"},
				"down": {"uv": [15, 10, 16, 11], "rotation": 270, "texture": "#top"}
			}
		},
		{
			"from": [-0.5, 20, 1],
			"to": [0, 21, 2],
			"faces": {
				"north": {"uv": [14, 11, 15, 12], "texture": "#top"},
				"east": {"uv": [14, 11, 15, 12], "texture": "#top"},
				"south": {"uv": [14, 11, 15, 12], "texture": "#top"},
				"west": {"uv": [14, 11, 15, 12], "texture": "#top"},
				"up": {"uv": [14, 11, 15, 12], "rotation": 90, "texture": "#top"},
				"down": {"uv": [14, 11, 15, 12], "rotation": 270, "texture": "#top"}
			}
		},
		{
			"from": [-0.5, 19, 2],
			"to": [0, 20, 3],
			"faces": {
				"north": {"uv": [13, 12, 14, 13], "texture": "#top"},
				"east": {"uv": [13, 12, 14, 13], "texture": "#top"},
				"south": {"uv": [13, 12, 14, 13], "texture": "#top"},
				"west": {"uv": [13, 12, 14, 13], "texture": "#top"},
				"up": {"uv": [13, 12, 14, 13], "rotation": 90, "texture": "#top"},
				"down": {"uv": [13, 12, 14, 13], "rotation": 270, "texture": "#top"}
			}
		},
		{
			"from": [-0.5, 19, 3],
			"to": [0, 20, 4],
			"faces": {
				"north": {"uv": [12, 12, 13, 13], "texture": "#top"},
				"east": {"uv": [12, 12, 13, 13], "texture": "#top"},
				"south": {"uv": [12, 12, 13, 13], "texture": "#top"},
				"west": {"uv": [12, 12, 13, 13], "texture": "#top"},
				"up": {"uv": [12, 12, 13, 13], "rotation": 90, "texture": "#top"},
				"down": {"uv": [12, 12, 13, 13], "rotation": 270, "texture": "#top"}
			}
		},
		{
			"from": [0.5, 20, 4],
			"to": [1, 21, 5],
			"faces": {
				"north": {"uv": [11, 11, 12, 12], "texture": "#top"},
				"east": {"uv": [11, 11, 12, 12], "texture": "#top"},
				"south": {"uv": [11, 11, 12, 12], "texture": "#top"},
				"west": {"uv": [11, 11, 12, 12], "texture": "#top"},
				"up": {"uv": [11, 11, 12, 12], "rotation": 90, "texture": "#top"},
				"down": {"uv": [11, 11, 12, 12], "rotation": 270, "texture": "#top"}
			}
		}
	],
	"display": {
		"thirdperson_righthand": {
			"rotation": [40, 50, 0],
			"translation": [0, 1, 0],
			"scale": [0.22, 0.22, 0.22]
		},
		"thirdperson_lefthand": {
			"rotation": [40, 50, 0],
			"translation": [0, -1.5, 0],
			"scale": [0.22, 0.22, 0.22]
		},
		"firstperson_righthand": {
			"rotation": [-22, 30, 0],
			"translation": [0, 1, 4],
			"scale": [0.25, 0.25, 0.25]
		},
		"firstperson_lefthand": {
			"rotation": [-16, 30, 0],
			"translation": [0, 1.5, 3],
			"scale": [0.25, 0.25, 0.25]
		},
		"ground": {
			"translation": [2, 3, 0],
			"scale": [0.25, 0.25, 0.25]
		},
		"gui": {
			"rotation": [30, 225, 0],
			"translation": [-2.5, -4.1, 0],
			"scale": [0.45, 0.45, 0.45]
		},
		"fixed": {
			"rotation": [0, -90, 0],
			"translation": [0, -3.5, 2.5],
			"scale": [0.5, 0.5, 0.5]
		}
	},
	"groups": [
		{
			"name": "warped_door_bottom",
			"origin": [8, 8, 8],
			"children": [0, 1, 2, 3, 4, 5, 6, 7, 8, 9, 10, 11, 12, 13, 14, 15, 16, 17, 18, 19, 20, 21, 22, 23, 24, 25, 26, 27, 28, 29, 30, 31, 32, 33, 34, 35, 36, 37, 38, 39, 40, 41, 42, 43, 44, 45, 46, 47, 48, 49, 50, 51, 52, 53, 54]
		},
		{
			"name": "warped_door_top",
			"origin": [8, 8, 8],
			"children": [55, 56, 57, 58, 59, 60, 61, 62, 63, 64, 65, 66, 67, 68, 69, 70, 71, 72, 73, 74, 75, 76, 77, 78, 79, 80, 81, 82, 83, 84, 85, 86, 87, 88, 89, 90, 91, 92, 93, 94, 95, 96, 97, 98, 99, 100, 101, 102, 103, 104, 105, 106, 107, 108, 109, 110, 111, 112, 113, 114, 115, 116, 117, 118, 119, 120, 121]
		}
	]
}