{
    "display": {
        "icon": {
            "item": "minecraft:deepslate_redstone_ore"
        },
        "title": {"translate":"Oresome!"},
        "description": {"translate":"Mine a stack of every ore block"},
        "announce_to_chat": false,
		"frame": "challenge"
    },
    "parent": "blazeandcave:mining/emerald_miner",
    "rewards": {
		"function": "bc_rewards:mining/oresome"
    },			
    "criteria": {
        "coal_ore": {
            "trigger": "minecraft:inventory_changed",
            "conditions": {
                "items": [
                    {
						"items": [
							"minecraft:coal_ore"
						],
						"count": 64
                    }
                ]
            }
        },
        "iron_ore": {
            "trigger": "minecraft:inventory_changed",
            "conditions": {
                "items": [
                    {
						"items": [
							"minecraft:iron_ore"
						],
						"count": 64
                    }
                ]
            }
        },
        "gold_ore": {
            "trigger": "minecraft:inventory_changed",
            "conditions": {
                "items": [
                    {
						"items": [
							"minecraft:gold_ore"
						],
						"count": 64
                    }
                ]
            }
        },
        "lapis_ore": {
            "trigger": "minecraft:inventory_changed",
            "conditions": {
                "items": [
                    {
						"items": [
							"minecraft:lapis_ore"
						],
						"count": 64
                    }
                ]
            }
        },
        "redstone_ore": {
            "trigger": "minecraft:inventory_changed",
            "conditions": {
                "items": [
                    {
						"items": [
							"minecraft:redstone_ore"
						],
						"count": 64
                    }
                ]
            }
        },
        "diamond_ore": {
            "trigger": "minecraft:inventory_changed",
            "conditions": {
                "items": [
                    {
						"items": [
							"minecraft:diamond_ore"
						],
						"count": 64
                    }
                ]
            }
        },
        "emerald_ore": {
            "trigger": "minecraft:inventory_changed",
            "conditions": {
                "items": [
                    {
						"items": [
							"minecraft:emerald_ore"
						],
						"count": 64
                    }
                ]
            }
        },
        "nether_quartz_ore": {
            "trigger": "minecraft:inventory_changed",
            "conditions": {
                "items": [
                    {
						"items": [
							"minecraft:nether_quartz_ore"
						],
						"count": 64
                    }
                ]
            }
        },
        "nether_gold_ore": {
            "trigger": "minecraft:inventory_changed",
            "conditions": {
                "items": [
                    {
						"items": [
							"minecraft:nether_gold_ore"
						],
						"count": 64
                    }
                ]
            }
        },
        "ancient_debris": {
            "trigger": "minecraft:inventory_changed",
            "conditions": {
                "items": [
                    {
						"items": [
							"minecraft:ancient_debris"
						],
						"count": 64
                    }
                ]
            }
        },
        "copper_ore": {
            "trigger": "minecraft:inventory_changed",
            "conditions": {
                "items": [
                    {
						"items": [
							"minecraft:copper_ore"
						],
						"count": 64
                    }
                ]
            }
        },
        "deepslate_gold_ore": {
            "trigger": "minecraft:inventory_changed",
            "conditions": {
                "items": [
                    {
						"items": [
							"minecraft:deepslate_gold_ore"
						],
						"count": 64
                    }
                ]
            }
        },
        "deepslate_iron_ore": {
            "trigger": "minecraft:inventory_changed",
            "conditions": {
                "items": [
                    {
						"items": [
							"minecraft:deepslate_iron_ore"
						],
						"count": 64
                    }
                ]
            }
        },
        "deepslate_lapis_ore": {
            "trigger": "minecraft:inventory_changed",
            "conditions": {
                "items": [
                    {
						"items": [
							"minecraft:deepslate_lapis_ore"
						],
						"count": 64
                    }
                ]
            }
        },
        "deepslate_diamond_ore": {
            "trigger": "minecraft:inventory_changed",
            "conditions": {
                "items": [
                    {
						"items": [
							"minecraft:deepslate_diamond_ore"
						],
						"count": 64
                    }
                ]
            }
        },
        "deepslate_redstone_ore": {
            "trigger": "minecraft:inventory_changed",
            "conditions": {
                "items": [
                    {
						"items": [
							"minecraft:deepslate_redstone_ore"
						],
						"count": 64
                    }
                ]
            }
        },
        "deepslate_coal_ore": {
            "trigger": "minecraft:inventory_changed",
            "conditions": {
                "items": [
                    {
						"items": [
							"minecraft:deepslate_coal_ore"
						],
						"count": 64
                    }
                ]
            }
        },
        "deepslate_copper_ore": {
            "trigger": "minecraft:inventory_changed",
            "conditions": {
                "items": [
                    {
						"items": [
							"minecraft:deepslate_copper_ore"
						],
						"count": 64
                    }
                ]
            }
        },
        "deepslate_emerald_ore": {
            "trigger": "minecraft:inventory_changed",
            "conditions": {
                "items": [
                    {
						"items": [
							"minecraft:deepslate_emerald_ore"
						],
						"count": 64
                    }
                ]
            }
        }
    }
}