{
    "display": {
        "icon": {
            "item": "minecraft:snow_block"
        },
        "title": {"translate":"Secret of the Igloo"},
        "description": {"translate":"Find an igloo in a snowy tundra"},
        "announce_to_chat": false
    },
    "parent": "blazeandcave:adventure/witchcraft",
    "rewards": {
        "function": "bc_rewards:adventure/secret_of_the_igloo"
    },		
    "criteria": {
        "igloo": {
            "trigger": "minecraft:location",
            "conditions": {
                "feature": "igloo"
            }
        }		
    }
}