{
    "display": {
        "icon": {
            "item": "minecraft:mycelium"
        },
        "title": {"translate":"Mooshroom Kingdom"},
        "description": {"translate":"Find mooshrooms on a mushroom island"},
        "announce_to_chat": false
    },
    "parent": "blazeandcave:animal/true_cow_tipper",	
    "rewards": {
		"function": "bc_rewards:animal/mooshroom_kingdom"
    },	
    "criteria": {
        "mushroom_fields": {
            "trigger": "minecraft:location",
            "conditions": {
                "biome": "minecraft:mushroom_fields"
            }
        }
    }
}