{
	"credit": "Made with Blockbench",
	"ambientocclusion": false,
	"textures": {
        "particle": "block/glow_lichen",
		"1": "block/glow_lichen"
	},
	"elements": [
		{
			"name": "glow_lichen_0",
			"from": [1, 15, 0],
			"to": [2, 16, 0.5],
			"faces": {
				"north": {"uv": [1, 1, 2, 0], "rotation": 180, "texture": "#1"},
				"east": {"uv": [1, 0, 2, 1], "texture": "#1"},
				"south": {"uv": [1, 0, 2, 1], "texture": "#1"},
				"west": {"uv": [1, 0, 2, 1], "texture": "#1"},
				"up": {"uv": [2, 0, 1, 1], "rotation": 180, "texture": "#1"},
				"down": {"uv": [1, 0, 2, 1], "texture": "#1"}
			}
		},
		{
			"name": "glow_lichen_1",
			"from": [2, 15, 0],
			"to": [3, 16, 0.5],
			"faces": {
				"north": {"uv": [2, 1, 3, 0], "rotation": 180, "texture": "#1"},
				"east": {"uv": [2, 0, 3, 1], "texture": "#1"},
				"south": {"uv": [2, 0, 3, 1], "texture": "#1"},
				"west": {"uv": [2, 0, 3, 1], "texture": "#1"},
				"up": {"uv": [3, 0, 2, 1], "rotation": 180, "texture": "#1"},
				"down": {"uv": [2, 0, 3, 1], "texture": "#1"}
			}
		},
		{
			"name": "glow_lichen_2",
			"from": [3, 15, 0],
			"to": [4, 16, 0.5],
			"faces": {
				"north": {"uv": [3, 1, 4, 0], "rotation": 180, "texture": "#1"},
				"east": {"uv": [3, 0, 4, 1], "texture": "#1"},
				"south": {"uv": [3, 0, 4, 1], "texture": "#1"},
				"west": {"uv": [3, 0, 4, 1], "texture": "#1"},
				"up": {"uv": [4, 0, 3, 1], "rotation": 180, "texture": "#1"},
				"down": {"uv": [3, 0, 4, 1], "texture": "#1"}
			}
		},
		{
			"name": "glow_lichen_3",
			"from": [8, 15, 0],
			"to": [9, 16, 0.5],
			"faces": {
				"north": {"uv": [8, 1, 9, 0], "rotation": 180, "texture": "#1"},
				"east": {"uv": [8, 0, 9, 1], "texture": "#1"},
				"south": {"uv": [8, 0, 9, 1], "texture": "#1"},
				"west": {"uv": [8, 0, 9, 1], "texture": "#1"},
				"up": {"uv": [9, 0, 8, 1], "rotation": 180, "texture": "#1"},
				"down": {"uv": [8, 0, 9, 1], "texture": "#1"}
			}
		},
		{
			"name": "glow_lichen_4",
			"from": [10, 15, 0],
			"to": [11, 16, 0.5],
			"faces": {
				"north": {"uv": [10, 1, 11, 0], "rotation": 180, "texture": "#1"},
				"east": {"uv": [10, 0, 11, 1], "texture": "#1"},
				"south": {"uv": [10, 0, 11, 1], "texture": "#1"},
				"west": {"uv": [10, 0, 11, 1], "texture": "#1"},
				"up": {"uv": [11, 0, 10, 1], "rotation": 180, "texture": "#1"},
				"down": {"uv": [10, 0, 11, 1], "texture": "#1"}
			}
		},
		{
			"name": "glow_lichen_5",
			"from": [12, 15, 0],
			"to": [13, 16, 0.5],
			"faces": {
				"north": {"uv": [12, 1, 13, 0], "rotation": 180, "texture": "#1"},
				"east": {"uv": [12, 0, 13, 1], "texture": "#1"},
				"south": {"uv": [12, 0, 13, 1], "texture": "#1"},
				"west": {"uv": [12, 0, 13, 1], "texture": "#1"},
				"up": {"uv": [13, 0, 12, 1], "rotation": 180, "texture": "#1"},
				"down": {"uv": [12, 0, 13, 1], "texture": "#1"}
			}
		},
		{
			"name": "glow_lichen_6",
			"from": [13, 15, 0],
			"to": [14, 16, 0.5],
			"faces": {
				"north": {"uv": [13, 1, 14, 0], "rotation": 180, "texture": "#1"},
				"east": {"uv": [13, 0, 14, 1], "texture": "#1"},
				"south": {"uv": [13, 0, 14, 1], "texture": "#1"},
				"west": {"uv": [13, 0, 14, 1], "texture": "#1"},
				"up": {"uv": [14, 0, 13, 1], "rotation": 180, "texture": "#1"},
				"down": {"uv": [13, 0, 14, 1], "texture": "#1"}
			}
		},
		{
			"name": "glow_lichen_7",
			"from": [1, 14, 0],
			"to": [2, 15, 0.5],
			"faces": {
				"north": {"uv": [1, 2, 2, 1], "rotation": 180, "texture": "#1"},
				"east": {"uv": [1, 1, 2, 2], "texture": "#1"},
				"south": {"uv": [1, 1, 2, 2], "texture": "#1"},
				"west": {"uv": [1, 1, 2, 2], "texture": "#1"},
				"up": {"uv": [2, 1, 1, 2], "rotation": 180, "texture": "#1"},
				"down": {"uv": [1, 1, 2, 2], "texture": "#1"}
			}
		},
		{
			"name": "glow_lichen_8",
			"from": [2, 14, 0],
			"to": [3, 15, 0.5],
			"faces": {
				"north": {"uv": [2, 2, 3, 1], "rotation": 180, "texture": "#1"},
				"east": {"uv": [2, 1, 3, 2], "texture": "#1"},
				"south": {"uv": [2, 1, 3, 2], "texture": "#1"},
				"west": {"uv": [2, 1, 3, 2], "texture": "#1"},
				"up": {"uv": [3, 1, 2, 2], "rotation": 180, "texture": "#1"},
				"down": {"uv": [2, 1, 3, 2], "texture": "#1"}
			}
		},
		{
			"name": "glow_lichen_9",
			"from": [3, 14, 0],
			"to": [4, 15, 0.5],
			"faces": {
				"north": {"uv": [3, 2, 4, 1], "rotation": 180, "texture": "#1"},
				"east": {"uv": [3, 1, 4, 2], "texture": "#1"},
				"south": {"uv": [3, 1, 4, 2], "texture": "#1"},
				"west": {"uv": [3, 1, 4, 2], "texture": "#1"},
				"up": {"uv": [4, 1, 3, 2], "rotation": 180, "texture": "#1"},
				"down": {"uv": [3, 1, 4, 2], "texture": "#1"}
			}
		},
		{
			"name": "glow_lichen_10",
			"from": [9, 14, 0],
			"to": [10, 15, 0.5],
			"faces": {
				"north": {"uv": [9, 2, 10, 1], "rotation": 180, "texture": "#1"},
				"east": {"uv": [9, 1, 10, 2], "texture": "#1"},
				"south": {"uv": [9, 1, 10, 2], "texture": "#1"},
				"west": {"uv": [9, 1, 10, 2], "texture": "#1"},
				"up": {"uv": [10, 1, 9, 2], "rotation": 180, "texture": "#1"},
				"down": {"uv": [9, 1, 10, 2], "texture": "#1"}
			}
		},
		{
			"name": "glow_lichen_11",
			"from": [10, 14, 0],
			"to": [11, 15, 0.5],
			"faces": {
				"north": {"uv": [10, 2, 11, 1], "rotation": 180, "texture": "#1"},
				"east": {"uv": [10, 1, 11, 2], "texture": "#1"},
				"south": {"uv": [10, 1, 11, 2], "texture": "#1"},
				"west": {"uv": [10, 1, 11, 2], "texture": "#1"},
				"up": {"uv": [11, 1, 10, 2], "rotation": 180, "texture": "#1"},
				"down": {"uv": [10, 1, 11, 2], "texture": "#1"}
			}
		},
		{
			"name": "glow_lichen_12",
			"from": [11, 14, 0],
			"to": [12, 15, 0.5],
			"faces": {
				"north": {"uv": [11, 2, 12, 1], "rotation": 180, "texture": "#1"},
				"east": {"uv": [11, 1, 12, 2], "texture": "#1"},
				"south": {"uv": [11, 1, 12, 2], "texture": "#1"},
				"west": {"uv": [11, 1, 12, 2], "texture": "#1"},
				"up": {"uv": [12, 1, 11, 2], "rotation": 180, "texture": "#1"},
				"down": {"uv": [11, 1, 12, 2], "texture": "#1"}
			}
		},
		{
			"name": "glow_lichen_13",
			"from": [13, 14, 0],
			"to": [14, 15, 0.5],
			"faces": {
				"north": {"uv": [13, 2, 14, 1], "rotation": 180, "texture": "#1"},
				"east": {"uv": [13, 1, 14, 2], "texture": "#1"},
				"south": {"uv": [13, 1, 14, 2], "texture": "#1"},
				"west": {"uv": [13, 1, 14, 2], "texture": "#1"},
				"up": {"uv": [14, 1, 13, 2], "rotation": 180, "texture": "#1"},
				"down": {"uv": [13, 1, 14, 2], "texture": "#1"}
			}
		},
		{
			"name": "glow_lichen_14",
			"from": [14, 14, 0],
			"to": [15, 15, 0.5],
			"faces": {
				"north": {"uv": [14, 2, 15, 1], "rotation": 180, "texture": "#1"},
				"east": {"uv": [14, 1, 15, 2], "texture": "#1"},
				"south": {"uv": [14, 1, 15, 2], "texture": "#1"},
				"west": {"uv": [14, 1, 15, 2], "texture": "#1"},
				"up": {"uv": [15, 1, 14, 2], "rotation": 180, "texture": "#1"},
				"down": {"uv": [14, 1, 15, 2], "texture": "#1"}
			}
		},
		{
			"name": "glow_lichen_15",
			"from": [0, 13, 0],
			"to": [1, 14, 0.5],
			"faces": {
				"north": {"uv": [0, 3, 1, 2], "rotation": 180, "texture": "#1"},
				"east": {"uv": [0, 2, 1, 3], "texture": "#1"},
				"south": {"uv": [0, 2, 1, 3], "texture": "#1"},
				"west": {"uv": [0, 2, 1, 3], "texture": "#1"},
				"up": {"uv": [1, 2, 0, 3], "rotation": 180, "texture": "#1"},
				"down": {"uv": [0, 2, 1, 3], "texture": "#1"}
			}
		},
		{
			"name": "glow_lichen_16",
			"from": [1, 13, 0],
			"to": [2, 14, 0.5],
			"faces": {
				"north": {"uv": [1, 3, 2, 2], "rotation": 180, "texture": "#1"},
				"east": {"uv": [1, 2, 2, 3], "texture": "#1"},
				"south": {"uv": [1, 2, 2, 3], "texture": "#1"},
				"west": {"uv": [1, 2, 2, 3], "texture": "#1"},
				"up": {"uv": [2, 2, 1, 3], "rotation": 180, "texture": "#1"},
				"down": {"uv": [1, 2, 2, 3], "texture": "#1"}
			}
		},
		{
			"name": "glow_lichen_17",
			"from": [3, 13, 0],
			"to": [4, 14, 0.5],
			"faces": {
				"north": {"uv": [3, 3, 4, 2], "rotation": 180, "texture": "#1"},
				"east": {"uv": [3, 2, 4, 3], "texture": "#1"},
				"south": {"uv": [3, 2, 4, 3], "texture": "#1"},
				"west": {"uv": [3, 2, 4, 3], "texture": "#1"},
				"up": {"uv": [4, 2, 3, 3], "rotation": 180, "texture": "#1"},
				"down": {"uv": [3, 2, 4, 3], "texture": "#1"}
			}
		},
		{
			"name": "glow_lichen_18",
			"from": [4, 13, 0],
			"to": [5, 14, 0.5],
			"faces": {
				"north": {"uv": [4, 3, 5, 2], "rotation": 180, "texture": "#1"},
				"east": {"uv": [4, 2, 5, 3], "texture": "#1"},
				"south": {"uv": [4, 2, 5, 3], "texture": "#1"},
				"west": {"uv": [4, 2, 5, 3], "texture": "#1"},
				"up": {"uv": [5, 2, 4, 3], "rotation": 180, "texture": "#1"},
				"down": {"uv": [4, 2, 5, 3], "texture": "#1"}
			}
		},
		{
			"name": "glow_lichen_19",
			"from": [5, 13, 0],
			"to": [6, 14, 0.5],
			"faces": {
				"north": {"uv": [5, 3, 6, 2], "rotation": 180, "texture": "#1"},
				"east": {"uv": [5, 2, 6, 3], "texture": "#1"},
				"south": {"uv": [5, 2, 6, 3], "texture": "#1"},
				"west": {"uv": [5, 2, 6, 3], "texture": "#1"},
				"up": {"uv": [6, 2, 5, 3], "rotation": 180, "texture": "#1"},
				"down": {"uv": [5, 2, 6, 3], "texture": "#1"}
			}
		},
		{
			"name": "glow_lichen_20",
			"from": [9, 13, 0],
			"to": [10, 14, 0.5],
			"faces": {
				"north": {"uv": [9, 3, 10, 2], "rotation": 180, "texture": "#1"},
				"east": {"uv": [9, 2, 10, 3], "texture": "#1"},
				"south": {"uv": [9, 2, 10, 3], "texture": "#1"},
				"west": {"uv": [9, 2, 10, 3], "texture": "#1"},
				"up": {"uv": [10, 2, 9, 3], "rotation": 180, "texture": "#1"},
				"down": {"uv": [9, 2, 10, 3], "texture": "#1"}
			}
		},
		{
			"name": "glow_lichen_21",
			"from": [10, 13, 0],
			"to": [11, 14, 0.5],
			"faces": {
				"north": {"uv": [10, 3, 11, 2], "rotation": 180, "texture": "#1"},
				"east": {"uv": [10, 2, 11, 3], "texture": "#1"},
				"south": {"uv": [10, 2, 11, 3], "texture": "#1"},
				"west": {"uv": [10, 2, 11, 3], "texture": "#1"},
				"up": {"uv": [11, 2, 10, 3], "rotation": 180, "texture": "#1"},
				"down": {"uv": [10, 2, 11, 3], "texture": "#1"}
			}
		},
		{
			"name": "glow_lichen_22",
			"from": [11, 13, 0],
			"to": [12, 14, 0.5],
			"faces": {
				"north": {"uv": [11, 3, 12, 2], "rotation": 180, "texture": "#1"},
				"east": {"uv": [11, 2, 12, 3], "texture": "#1"},
				"south": {"uv": [11, 2, 12, 3], "texture": "#1"},
				"west": {"uv": [11, 2, 12, 3], "texture": "#1"},
				"up": {"uv": [12, 2, 11, 3], "rotation": 180, "texture": "#1"},
				"down": {"uv": [11, 2, 12, 3], "texture": "#1"}
			}
		},
		{
			"name": "glow_lichen_23",
			"from": [13, 13, 0],
			"to": [14, 14, 0.5],
			"faces": {
				"north": {"uv": [13, 3, 14, 2], "rotation": 180, "texture": "#1"},
				"east": {"uv": [13, 2, 14, 3], "texture": "#1"},
				"south": {"uv": [13, 2, 14, 3], "texture": "#1"},
				"west": {"uv": [13, 2, 14, 3], "texture": "#1"},
				"up": {"uv": [14, 2, 13, 3], "rotation": 180, "texture": "#1"},
				"down": {"uv": [13, 2, 14, 3], "texture": "#1"}
			}
		},
		{
			"name": "glow_lichen_24",
			"from": [14, 13, 0],
			"to": [15, 14, 0.5],
			"faces": {
				"north": {"uv": [14, 3, 15, 2], "rotation": 180, "texture": "#1"},
				"east": {"uv": [14, 2, 15, 3], "texture": "#1"},
				"south": {"uv": [14, 2, 15, 3], "texture": "#1"},
				"west": {"uv": [14, 2, 15, 3], "texture": "#1"},
				"up": {"uv": [15, 2, 14, 3], "rotation": 180, "texture": "#1"},
				"down": {"uv": [14, 2, 15, 3], "texture": "#1"}
			}
		},
		{
			"name": "glow_lichen_25",
			"from": [15, 13, 0],
			"to": [16, 14, 0.5],
			"faces": {
				"north": {"uv": [15, 3, 16, 2], "rotation": 180, "texture": "#1"},
				"east": {"uv": [15, 2, 16, 3], "texture": "#1"},
				"south": {"uv": [15, 2, 16, 3], "texture": "#1"},
				"west": {"uv": [15, 2, 16, 3], "texture": "#1"},
				"up": {"uv": [16, 2, 15, 3], "rotation": 180, "texture": "#1"},
				"down": {"uv": [15, 2, 16, 3], "texture": "#1"}
			}
		},
		{
			"name": "glow_lichen_26",
			"from": [2, 12, 0],
			"to": [3, 13, 0.5],
			"faces": {
				"north": {"uv": [2, 4, 3, 3], "rotation": 180, "texture": "#1"},
				"east": {"uv": [2, 3, 3, 4], "texture": "#1"},
				"south": {"uv": [2, 3, 3, 4], "texture": "#1"},
				"west": {"uv": [2, 3, 3, 4], "texture": "#1"},
				"up": {"uv": [3, 3, 2, 4], "rotation": 180, "texture": "#1"},
				"down": {"uv": [2, 3, 3, 4], "texture": "#1"}
			}
		},
		{
			"name": "glow_lichen_27",
			"from": [3, 12, 0],
			"to": [4, 13, 0.5],
			"faces": {
				"north": {"uv": [3, 4, 4, 3], "rotation": 180, "texture": "#1"},
				"east": {"uv": [3, 3, 4, 4], "texture": "#1"},
				"south": {"uv": [3, 3, 4, 4], "texture": "#1"},
				"west": {"uv": [3, 3, 4, 4], "texture": "#1"},
				"up": {"uv": [4, 3, 3, 4], "rotation": 180, "texture": "#1"},
				"down": {"uv": [3, 3, 4, 4], "texture": "#1"}
			}
		},
		{
			"name": "glow_lichen_28",
			"from": [5, 12, 0],
			"to": [6, 13, 0.5],
			"faces": {
				"north": {"uv": [5, 4, 6, 3], "rotation": 180, "texture": "#1"},
				"east": {"uv": [5, 3, 6, 4], "texture": "#1"},
				"south": {"uv": [5, 3, 6, 4], "texture": "#1"},
				"west": {"uv": [5, 3, 6, 4], "texture": "#1"},
				"up": {"uv": [6, 3, 5, 4], "rotation": 180, "texture": "#1"},
				"down": {"uv": [5, 3, 6, 4], "texture": "#1"}
			}
		},
		{
			"name": "glow_lichen_29",
			"from": [11, 12, 0],
			"to": [12, 13, 0.5],
			"faces": {
				"north": {"uv": [11, 4, 12, 3], "rotation": 180, "texture": "#1"},
				"east": {"uv": [11, 3, 12, 4], "texture": "#1"},
				"south": {"uv": [11, 3, 12, 4], "texture": "#1"},
				"west": {"uv": [11, 3, 12, 4], "texture": "#1"},
				"up": {"uv": [12, 3, 11, 4], "rotation": 180, "texture": "#1"},
				"down": {"uv": [11, 3, 12, 4], "texture": "#1"}
			}
		},
		{
			"name": "glow_lichen_30",
			"from": [14, 12, 0],
			"to": [15, 13, 0.5],
			"faces": {
				"north": {"uv": [14, 4, 15, 3], "rotation": 180, "texture": "#1"},
				"east": {"uv": [14, 3, 15, 4], "texture": "#1"},
				"south": {"uv": [14, 3, 15, 4], "texture": "#1"},
				"west": {"uv": [14, 3, 15, 4], "texture": "#1"},
				"up": {"uv": [15, 3, 14, 4], "rotation": 180, "texture": "#1"},
				"down": {"uv": [14, 3, 15, 4], "texture": "#1"}
			}
		},
		{
			"name": "glow_lichen_31",
			"from": [0, 11, 0],
			"to": [1, 12, 0.5],
			"faces": {
				"north": {"uv": [0, 5, 1, 4], "rotation": 180, "texture": "#1"},
				"east": {"uv": [0, 4, 1, 5], "texture": "#1"},
				"south": {"uv": [0, 4, 1, 5], "texture": "#1"},
				"west": {"uv": [0, 4, 1, 5], "texture": "#1"},
				"up": {"uv": [1, 4, 0, 5], "rotation": 180, "texture": "#1"},
				"down": {"uv": [0, 4, 1, 5], "texture": "#1"}
			}
		},
		{
			"name": "glow_lichen_32",
			"from": [1, 11, 0],
			"to": [2, 12, 0.5],
			"faces": {
				"north": {"uv": [1, 5, 2, 4], "rotation": 180, "texture": "#1"},
				"east": {"uv": [1, 4, 2, 5], "texture": "#1"},
				"south": {"uv": [1, 4, 2, 5], "texture": "#1"},
				"west": {"uv": [1, 4, 2, 5], "texture": "#1"},
				"up": {"uv": [2, 4, 1, 5], "rotation": 180, "texture": "#1"},
				"down": {"uv": [1, 4, 2, 5], "texture": "#1"}
			}
		},
		{
			"name": "glow_lichen_33",
			"from": [3, 11, 0],
			"to": [4, 12, 0.5],
			"faces": {
				"north": {"uv": [3, 5, 4, 4], "rotation": 180, "texture": "#1"},
				"east": {"uv": [3, 4, 4, 5], "texture": "#1"},
				"south": {"uv": [3, 4, 4, 5], "texture": "#1"},
				"west": {"uv": [3, 4, 4, 5], "texture": "#1"},
				"up": {"uv": [4, 4, 3, 5], "rotation": 180, "texture": "#1"},
				"down": {"uv": [3, 4, 4, 5], "texture": "#1"}
			}
		},
		{
			"name": "glow_lichen_34",
			"from": [5, 11, 0],
			"to": [6, 12, 0.5],
			"faces": {
				"north": {"uv": [5, 5, 6, 4], "rotation": 180, "texture": "#1"},
				"east": {"uv": [5, 4, 6, 5], "texture": "#1"},
				"south": {"uv": [5, 4, 6, 5], "texture": "#1"},
				"west": {"uv": [5, 4, 6, 5], "texture": "#1"},
				"up": {"uv": [6, 4, 5, 5], "rotation": 180, "texture": "#1"},
				"down": {"uv": [5, 4, 6, 5], "texture": "#1"}
			}
		},
		{
			"name": "glow_lichen_35",
			"from": [6, 11, 0],
			"to": [7, 12, 0.5],
			"faces": {
				"north": {"uv": [6, 5, 7, 4], "rotation": 180, "texture": "#1"},
				"east": {"uv": [6, 4, 7, 5], "texture": "#1"},
				"south": {"uv": [6, 4, 7, 5], "texture": "#1"},
				"west": {"uv": [6, 4, 7, 5], "texture": "#1"},
				"up": {"uv": [7, 4, 6, 5], "rotation": 180, "texture": "#1"},
				"down": {"uv": [6, 4, 7, 5], "texture": "#1"}
			}
		},
		{
			"name": "glow_lichen_36",
			"from": [11, 11, 0],
			"to": [12, 12, 0.5],
			"faces": {
				"north": {"uv": [11, 5, 12, 4], "rotation": 180, "texture": "#1"},
				"east": {"uv": [11, 4, 12, 5], "texture": "#1"},
				"south": {"uv": [11, 4, 12, 5], "texture": "#1"},
				"west": {"uv": [11, 4, 12, 5], "texture": "#1"},
				"up": {"uv": [12, 4, 11, 5], "rotation": 180, "texture": "#1"},
				"down": {"uv": [11, 4, 12, 5], "texture": "#1"}
			}
		},
		{
			"name": "glow_lichen_37",
			"from": [12, 11, 0],
			"to": [13, 12, 0.5],
			"faces": {
				"north": {"uv": [12, 5, 13, 4], "rotation": 180, "texture": "#1"},
				"east": {"uv": [12, 4, 13, 5], "texture": "#1"},
				"south": {"uv": [12, 4, 13, 5], "texture": "#1"},
				"west": {"uv": [12, 4, 13, 5], "texture": "#1"},
				"up": {"uv": [13, 4, 12, 5], "rotation": 180, "texture": "#1"},
				"down": {"uv": [12, 4, 13, 5], "texture": "#1"}
			}
		},
		{
			"name": "glow_lichen_38",
			"from": [5, 10, 0],
			"to": [6, 11, 0.5],
			"faces": {
				"north": {"uv": [5, 6, 6, 5], "rotation": 180, "texture": "#1"},
				"east": {"uv": [5, 5, 6, 6], "texture": "#1"},
				"south": {"uv": [5, 5, 6, 6], "texture": "#1"},
				"west": {"uv": [5, 5, 6, 6], "texture": "#1"},
				"up": {"uv": [6, 5, 5, 6], "rotation": 180, "texture": "#1"},
				"down": {"uv": [5, 5, 6, 6], "texture": "#1"}
			}
		},
		{
			"name": "glow_lichen_39",
			"from": [6, 10, 0],
			"to": [7, 11, 0.5],
			"faces": {
				"north": {"uv": [6, 6, 7, 5], "rotation": 180, "texture": "#1"},
				"east": {"uv": [6, 5, 7, 6], "texture": "#1"},
				"south": {"uv": [6, 5, 7, 6], "texture": "#1"},
				"west": {"uv": [6, 5, 7, 6], "texture": "#1"},
				"up": {"uv": [7, 5, 6, 6], "rotation": 180, "texture": "#1"},
				"down": {"uv": [6, 5, 7, 6], "texture": "#1"}
			}
		},
		{
			"name": "glow_lichen_40",
			"from": [7, 10, 0],
			"to": [8, 11, 0.5],
			"faces": {
				"north": {"uv": [7, 6, 8, 5], "rotation": 180, "texture": "#1"},
				"east": {"uv": [7, 5, 8, 6], "texture": "#1"},
				"south": {"uv": [7, 5, 8, 6], "texture": "#1"},
				"west": {"uv": [7, 5, 8, 6], "texture": "#1"},
				"up": {"uv": [8, 5, 7, 6], "rotation": 180, "texture": "#1"},
				"down": {"uv": [7, 5, 8, 6], "texture": "#1"}
			}
		},
		{
			"name": "glow_lichen_41",
			"from": [8, 10, 0],
			"to": [9, 11, 0.5],
			"faces": {
				"north": {"uv": [8, 6, 9, 5], "rotation": 180, "texture": "#1"},
				"east": {"uv": [8, 5, 9, 6], "texture": "#1"},
				"south": {"uv": [8, 5, 9, 6], "texture": "#1"},
				"west": {"uv": [8, 5, 9, 6], "texture": "#1"},
				"up": {"uv": [9, 5, 8, 6], "rotation": 180, "texture": "#1"},
				"down": {"uv": [8, 5, 9, 6], "texture": "#1"}
			}
		},
		{
			"name": "glow_lichen_42",
			"from": [11, 10, 0],
			"to": [12, 11, 0.5],
			"faces": {
				"north": {"uv": [11, 6, 12, 5], "rotation": 180, "texture": "#1"},
				"east": {"uv": [11, 5, 12, 6], "texture": "#1"},
				"south": {"uv": [11, 5, 12, 6], "texture": "#1"},
				"west": {"uv": [11, 5, 12, 6], "texture": "#1"},
				"up": {"uv": [12, 5, 11, 6], "rotation": 180, "texture": "#1"},
				"down": {"uv": [11, 5, 12, 6], "texture": "#1"}
			}
		},
		{
			"name": "glow_lichen_43",
			"from": [12, 10, 0],
			"to": [13, 11, 0.5],
			"faces": {
				"north": {"uv": [12, 6, 13, 5], "rotation": 180, "texture": "#1"},
				"east": {"uv": [12, 5, 13, 6], "texture": "#1"},
				"south": {"uv": [12, 5, 13, 6], "texture": "#1"},
				"west": {"uv": [12, 5, 13, 6], "texture": "#1"},
				"up": {"uv": [13, 5, 12, 6], "rotation": 180, "texture": "#1"},
				"down": {"uv": [12, 5, 13, 6], "texture": "#1"}
			}
		},
		{
			"name": "glow_lichen_44",
			"from": [5, 9, 0],
			"to": [6, 10, 0.5],
			"faces": {
				"north": {"uv": [5, 7, 6, 6], "rotation": 180, "texture": "#1"},
				"east": {"uv": [5, 6, 6, 7], "texture": "#1"},
				"south": {"uv": [5, 6, 6, 7], "texture": "#1"},
				"west": {"uv": [5, 6, 6, 7], "texture": "#1"},
				"up": {"uv": [6, 6, 5, 7], "rotation": 180, "texture": "#1"},
				"down": {"uv": [5, 6, 6, 7], "texture": "#1"}
			}
		},
		{
			"name": "glow_lichen_45",
			"from": [8, 9, 0],
			"to": [9, 10, 0.5],
			"faces": {
				"north": {"uv": [8, 7, 9, 6], "rotation": 180, "texture": "#1"},
				"east": {"uv": [8, 6, 9, 7], "texture": "#1"},
				"south": {"uv": [8, 6, 9, 7], "texture": "#1"},
				"west": {"uv": [8, 6, 9, 7], "texture": "#1"},
				"up": {"uv": [9, 6, 8, 7], "rotation": 180, "texture": "#1"},
				"down": {"uv": [8, 6, 9, 7], "texture": "#1"}
			}
		},
		{
			"name": "glow_lichen_46",
			"from": [9, 9, 0],
			"to": [10, 10, 0.5],
			"faces": {
				"north": {"uv": [9, 7, 10, 6], "rotation": 180, "texture": "#1"},
				"east": {"uv": [9, 6, 10, 7], "texture": "#1"},
				"south": {"uv": [9, 6, 10, 7], "texture": "#1"},
				"west": {"uv": [9, 6, 10, 7], "texture": "#1"},
				"up": {"uv": [10, 6, 9, 7], "rotation": 180, "texture": "#1"},
				"down": {"uv": [9, 6, 10, 7], "texture": "#1"}
			}
		},
		{
			"name": "glow_lichen_47",
			"from": [10, 9, 0],
			"to": [11, 10, 0.5],
			"faces": {
				"north": {"uv": [10, 7, 11, 6], "rotation": 180, "texture": "#1"},
				"east": {"uv": [10, 6, 11, 7], "texture": "#1"},
				"south": {"uv": [10, 6, 11, 7], "texture": "#1"},
				"west": {"uv": [10, 6, 11, 7], "texture": "#1"},
				"up": {"uv": [11, 6, 10, 7], "rotation": 180, "texture": "#1"},
				"down": {"uv": [10, 6, 11, 7], "texture": "#1"}
			}
		},
		{
			"name": "glow_lichen_48",
			"from": [13, 9, 0],
			"to": [14, 10, 0.5],
			"faces": {
				"north": {"uv": [13, 7, 14, 6], "rotation": 180, "texture": "#1"},
				"east": {"uv": [13, 6, 14, 7], "texture": "#1"},
				"south": {"uv": [13, 6, 14, 7], "texture": "#1"},
				"west": {"uv": [13, 6, 14, 7], "texture": "#1"},
				"up": {"uv": [14, 6, 13, 7], "rotation": 180, "texture": "#1"},
				"down": {"uv": [13, 6, 14, 7], "texture": "#1"}
			}
		},
		{
			"name": "glow_lichen_49",
			"from": [14, 9, 0],
			"to": [15, 10, 0.5],
			"faces": {
				"north": {"uv": [14, 7, 15, 6], "rotation": 180, "texture": "#1"},
				"east": {"uv": [14, 6, 15, 7], "texture": "#1"},
				"south": {"uv": [14, 6, 15, 7], "texture": "#1"},
				"west": {"uv": [14, 6, 15, 7], "texture": "#1"},
				"up": {"uv": [15, 6, 14, 7], "rotation": 180, "texture": "#1"},
				"down": {"uv": [14, 6, 15, 7], "texture": "#1"}
			}
		},
		{
			"name": "glow_lichen_50",
			"from": [2, 8, 0],
			"to": [3, 9, 0.5],
			"faces": {
				"north": {"uv": [2, 8, 3, 7], "rotation": 180, "texture": "#1"},
				"east": {"uv": [2, 7, 3, 8], "texture": "#1"},
				"south": {"uv": [2, 7, 3, 8], "texture": "#1"},
				"west": {"uv": [2, 7, 3, 8], "texture": "#1"},
				"up": {"uv": [3, 7, 2, 8], "rotation": 180, "texture": "#1"},
				"down": {"uv": [2, 7, 3, 8], "texture": "#1"}
			}
		},
		{
			"name": "glow_lichen_51",
			"from": [3, 8, 0],
			"to": [4, 9, 0.5],
			"faces": {
				"north": {"uv": [3, 8, 4, 7], "rotation": 180, "texture": "#1"},
				"east": {"uv": [3, 7, 4, 8], "texture": "#1"},
				"south": {"uv": [3, 7, 4, 8], "texture": "#1"},
				"west": {"uv": [3, 7, 4, 8], "texture": "#1"},
				"up": {"uv": [4, 7, 3, 8], "rotation": 180, "texture": "#1"},
				"down": {"uv": [3, 7, 4, 8], "texture": "#1"}
			}
		},
		{
			"name": "glow_lichen_52",
			"from": [5, 8, 0],
			"to": [6, 9, 0.5],
			"faces": {
				"north": {"uv": [5, 8, 6, 7], "rotation": 180, "texture": "#1"},
				"east": {"uv": [5, 7, 6, 8], "texture": "#1"},
				"south": {"uv": [5, 7, 6, 8], "texture": "#1"},
				"west": {"uv": [5, 7, 6, 8], "texture": "#1"},
				"up": {"uv": [6, 7, 5, 8], "rotation": 180, "texture": "#1"},
				"down": {"uv": [5, 7, 6, 8], "texture": "#1"}
			}
		},
		{
			"name": "glow_lichen_53",
			"from": [8, 8, 0],
			"to": [9, 9, 0.5],
			"faces": {
				"north": {"uv": [8, 8, 9, 7], "rotation": 180, "texture": "#1"},
				"east": {"uv": [8, 7, 9, 8], "texture": "#1"},
				"south": {"uv": [8, 7, 9, 8], "texture": "#1"},
				"west": {"uv": [8, 7, 9, 8], "texture": "#1"},
				"up": {"uv": [9, 7, 8, 8], "rotation": 180, "texture": "#1"},
				"down": {"uv": [8, 7, 9, 8], "texture": "#1"}
			}
		},
		{
			"name": "glow_lichen_54",
			"from": [14, 8, 0],
			"to": [15, 9, 0.5],
			"faces": {
				"north": {"uv": [14, 8, 15, 7], "rotation": 180, "texture": "#1"},
				"east": {"uv": [14, 7, 15, 8], "texture": "#1"},
				"south": {"uv": [14, 7, 15, 8], "texture": "#1"},
				"west": {"uv": [14, 7, 15, 8], "texture": "#1"},
				"up": {"uv": [15, 7, 14, 8], "rotation": 180, "texture": "#1"},
				"down": {"uv": [14, 7, 15, 8], "texture": "#1"}
			}
		},
		{
			"name": "glow_lichen_55",
			"from": [15, 8, 0],
			"to": [16, 9, 0.5],
			"faces": {
				"north": {"uv": [15, 8, 16, 7], "rotation": 180, "texture": "#1"},
				"east": {"uv": [15, 7, 16, 8], "texture": "#1"},
				"south": {"uv": [15, 7, 16, 8], "texture": "#1"},
				"west": {"uv": [15, 7, 16, 8], "texture": "#1"},
				"up": {"uv": [16, 7, 15, 8], "rotation": 180, "texture": "#1"},
				"down": {"uv": [15, 7, 16, 8], "texture": "#1"}
			}
		},
		{
			"name": "glow_lichen_56",
			"from": [1, 7, 0],
			"to": [2, 8, 0.5],
			"faces": {
				"north": {"uv": [1, 9, 2, 8], "rotation": 180, "texture": "#1"},
				"east": {"uv": [1, 8, 2, 9], "texture": "#1"},
				"south": {"uv": [1, 8, 2, 9], "texture": "#1"},
				"west": {"uv": [1, 8, 2, 9], "texture": "#1"},
				"up": {"uv": [2, 8, 1, 9], "rotation": 180, "texture": "#1"},
				"down": {"uv": [1, 8, 2, 9], "texture": "#1"}
			}
		},
		{
			"name": "glow_lichen_57",
			"from": [6, 7, 0],
			"to": [7, 8, 0.5],
			"faces": {
				"north": {"uv": [6, 9, 7, 8], "rotation": 180, "texture": "#1"},
				"east": {"uv": [6, 8, 7, 9], "texture": "#1"},
				"south": {"uv": [6, 8, 7, 9], "texture": "#1"},
				"west": {"uv": [6, 8, 7, 9], "texture": "#1"},
				"up": {"uv": [7, 8, 6, 9], "rotation": 180, "texture": "#1"},
				"down": {"uv": [6, 8, 7, 9], "texture": "#1"}
			}
		},
		{
			"name": "glow_lichen_58",
			"from": [7, 7, 0],
			"to": [8, 8, 0.5],
			"faces": {
				"north": {"uv": [7, 9, 8, 8], "rotation": 180, "texture": "#1"},
				"east": {"uv": [7, 8, 8, 9], "texture": "#1"},
				"south": {"uv": [7, 8, 8, 9], "texture": "#1"},
				"west": {"uv": [7, 8, 8, 9], "texture": "#1"},
				"up": {"uv": [8, 8, 7, 9], "rotation": 180, "texture": "#1"},
				"down": {"uv": [7, 8, 8, 9], "texture": "#1"}
			}
		},
		{
			"name": "glow_lichen_59",
			"from": [8, 7, 0],
			"to": [9, 8, 0.5],
			"faces": {
				"north": {"uv": [8, 9, 9, 8], "rotation": 180, "texture": "#1"},
				"east": {"uv": [8, 8, 9, 9], "texture": "#1"},
				"south": {"uv": [8, 8, 9, 9], "texture": "#1"},
				"west": {"uv": [8, 8, 9, 9], "texture": "#1"},
				"up": {"uv": [9, 8, 8, 9], "rotation": 180, "texture": "#1"},
				"down": {"uv": [8, 8, 9, 9], "texture": "#1"}
			}
		},
		{
			"name": "glow_lichen_60",
			"from": [15, 7, 0],
			"to": [16, 8, 0.5],
			"faces": {
				"north": {"uv": [15, 9, 16, 8], "rotation": 180, "texture": "#1"},
				"east": {"uv": [15, 8, 16, 9], "texture": "#1"},
				"south": {"uv": [15, 8, 16, 9], "texture": "#1"},
				"west": {"uv": [15, 8, 16, 9], "texture": "#1"},
				"up": {"uv": [16, 8, 15, 9], "rotation": 180, "texture": "#1"},
				"down": {"uv": [15, 8, 16, 9], "texture": "#1"}
			}
		},
		{
			"name": "glow_lichen_61",
			"from": [1, 6, 0],
			"to": [2, 7, 0.5],
			"faces": {
				"north": {"uv": [1, 10, 2, 9], "rotation": 180, "texture": "#1"},
				"east": {"uv": [1, 9, 2, 10], "texture": "#1"},
				"south": {"uv": [1, 9, 2, 10], "texture": "#1"},
				"west": {"uv": [1, 9, 2, 10], "texture": "#1"},
				"up": {"uv": [2, 9, 1, 10], "rotation": 180, "texture": "#1"},
				"down": {"uv": [1, 9, 2, 10], "texture": "#1"}
			}
		},
		{
			"name": "glow_lichen_62",
			"from": [2, 6, 0],
			"to": [3, 7, 0.5],
			"faces": {
				"north": {"uv": [2, 10, 3, 9], "rotation": 180, "texture": "#1"},
				"east": {"uv": [2, 9, 3, 10], "texture": "#1"},
				"south": {"uv": [2, 9, 3, 10], "texture": "#1"},
				"west": {"uv": [2, 9, 3, 10], "texture": "#1"},
				"up": {"uv": [3, 9, 2, 10], "rotation": 180, "texture": "#1"},
				"down": {"uv": [2, 9, 3, 10], "texture": "#1"}
			}
		},
		{
			"name": "glow_lichen_63",
			"from": [8, 6, 0],
			"to": [9, 7, 0.5],
			"faces": {
				"north": {"uv": [8, 10, 9, 9], "rotation": 180, "texture": "#1"},
				"east": {"uv": [8, 9, 9, 10], "texture": "#1"},
				"south": {"uv": [8, 9, 9, 10], "texture": "#1"},
				"west": {"uv": [8, 9, 9, 10], "texture": "#1"},
				"up": {"uv": [9, 9, 8, 10], "rotation": 180, "texture": "#1"},
				"down": {"uv": [8, 9, 9, 10], "texture": "#1"}
			}
		},
		{
			"name": "glow_lichen_64",
			"from": [11, 6, 0],
			"to": [12, 7, 0.5],
			"faces": {
				"north": {"uv": [11, 10, 12, 9], "rotation": 180, "texture": "#1"},
				"east": {"uv": [11, 9, 12, 10], "texture": "#1"},
				"south": {"uv": [11, 9, 12, 10], "texture": "#1"},
				"west": {"uv": [11, 9, 12, 10], "texture": "#1"},
				"up": {"uv": [12, 9, 11, 10], "rotation": 180, "texture": "#1"},
				"down": {"uv": [11, 9, 12, 10], "texture": "#1"}
			}
		},
		{
			"name": "glow_lichen_65",
			"from": [12, 6, 0],
			"to": [13, 7, 0.5],
			"faces": {
				"north": {"uv": [12, 10, 13, 9], "rotation": 180, "texture": "#1"},
				"east": {"uv": [12, 9, 13, 10], "texture": "#1"},
				"south": {"uv": [12, 9, 13, 10], "texture": "#1"},
				"west": {"uv": [12, 9, 13, 10], "texture": "#1"},
				"up": {"uv": [13, 9, 12, 10], "rotation": 180, "texture": "#1"},
				"down": {"uv": [12, 9, 13, 10], "texture": "#1"}
			}
		},
		{
			"name": "glow_lichen_66",
			"from": [2, 5, 0],
			"to": [3, 6, 0.5],
			"faces": {
				"north": {"uv": [2, 11, 3, 10], "rotation": 180, "texture": "#1"},
				"east": {"uv": [2, 10, 3, 11], "texture": "#1"},
				"south": {"uv": [2, 10, 3, 11], "texture": "#1"},
				"west": {"uv": [2, 10, 3, 11], "texture": "#1"},
				"up": {"uv": [3, 10, 2, 11], "rotation": 180, "texture": "#1"},
				"down": {"uv": [2, 10, 3, 11], "texture": "#1"}
			}
		},
		{
			"name": "glow_lichen_67",
			"from": [4, 5, 0],
			"to": [5, 6, 0.5],
			"faces": {
				"north": {"uv": [4, 11, 5, 10], "rotation": 180, "texture": "#1"},
				"east": {"uv": [4, 10, 5, 11], "texture": "#1"},
				"south": {"uv": [4, 10, 5, 11], "texture": "#1"},
				"west": {"uv": [4, 10, 5, 11], "texture": "#1"},
				"up": {"uv": [5, 10, 4, 11], "rotation": 180, "texture": "#1"},
				"down": {"uv": [4, 10, 5, 11], "texture": "#1"}
			}
		},
		{
			"name": "glow_lichen_68",
			"from": [8, 5, 0],
			"to": [9, 6, 0.5],
			"faces": {
				"north": {"uv": [8, 11, 9, 10], "rotation": 180, "texture": "#1"},
				"east": {"uv": [8, 10, 9, 11], "texture": "#1"},
				"south": {"uv": [8, 10, 9, 11], "texture": "#1"},
				"west": {"uv": [8, 10, 9, 11], "texture": "#1"},
				"up": {"uv": [9, 10, 8, 11], "rotation": 180, "texture": "#1"},
				"down": {"uv": [8, 10, 9, 11], "texture": "#1"}
			}
		},
		{
			"name": "glow_lichen_69",
			"from": [9, 5, 0],
			"to": [10, 6, 0.5],
			"faces": {
				"north": {"uv": [9, 11, 10, 10], "rotation": 180, "texture": "#1"},
				"east": {"uv": [9, 10, 10, 11], "texture": "#1"},
				"south": {"uv": [9, 10, 10, 11], "texture": "#1"},
				"west": {"uv": [9, 10, 10, 11], "texture": "#1"},
				"up": {"uv": [10, 10, 9, 11], "rotation": 180, "texture": "#1"},
				"down": {"uv": [9, 10, 10, 11], "texture": "#1"}
			}
		},
		{
			"name": "glow_lichen_70",
			"from": [11, 5, 0],
			"to": [12, 6, 0.5],
			"faces": {
				"north": {"uv": [11, 11, 12, 10], "rotation": 180, "texture": "#1"},
				"east": {"uv": [11, 10, 12, 11], "texture": "#1"},
				"south": {"uv": [11, 10, 12, 11], "texture": "#1"},
				"west": {"uv": [11, 10, 12, 11], "texture": "#1"},
				"up": {"uv": [12, 10, 11, 11], "rotation": 180, "texture": "#1"},
				"down": {"uv": [11, 10, 12, 11], "texture": "#1"}
			}
		},
		{
			"name": "glow_lichen_71",
			"from": [12, 5, 0],
			"to": [13, 6, 0.5],
			"faces": {
				"north": {"uv": [12, 11, 13, 10], "rotation": 180, "texture": "#1"},
				"east": {"uv": [12, 10, 13, 11], "texture": "#1"},
				"south": {"uv": [12, 10, 13, 11], "texture": "#1"},
				"west": {"uv": [12, 10, 13, 11], "texture": "#1"},
				"up": {"uv": [13, 10, 12, 11], "rotation": 180, "texture": "#1"},
				"down": {"uv": [12, 10, 13, 11], "texture": "#1"}
			}
		},
		{
			"name": "glow_lichen_72",
			"from": [13, 5, 0],
			"to": [14, 6, 0.5],
			"faces": {
				"north": {"uv": [13, 11, 14, 10], "rotation": 180, "texture": "#1"},
				"east": {"uv": [13, 10, 14, 11], "texture": "#1"},
				"south": {"uv": [13, 10, 14, 11], "texture": "#1"},
				"west": {"uv": [13, 10, 14, 11], "texture": "#1"},
				"up": {"uv": [14, 10, 13, 11], "rotation": 180, "texture": "#1"},
				"down": {"uv": [13, 10, 14, 11], "texture": "#1"}
			}
		},
		{
			"name": "glow_lichen_73",
			"from": [2, 4, 0],
			"to": [3, 5, 0.5],
			"faces": {
				"north": {"uv": [2, 12, 3, 11], "rotation": 180, "texture": "#1"},
				"east": {"uv": [2, 11, 3, 12], "texture": "#1"},
				"south": {"uv": [2, 11, 3, 12], "texture": "#1"},
				"west": {"uv": [2, 11, 3, 12], "texture": "#1"},
				"up": {"uv": [3, 11, 2, 12], "rotation": 180, "texture": "#1"},
				"down": {"uv": [2, 11, 3, 12], "texture": "#1"}
			}
		},
		{
			"name": "glow_lichen_74",
			"from": [3, 4, 0],
			"to": [4, 5, 0.5],
			"faces": {
				"north": {"uv": [3, 12, 4, 11], "rotation": 180, "texture": "#1"},
				"east": {"uv": [3, 11, 4, 12], "texture": "#1"},
				"south": {"uv": [3, 11, 4, 12], "texture": "#1"},
				"west": {"uv": [3, 11, 4, 12], "texture": "#1"},
				"up": {"uv": [4, 11, 3, 12], "rotation": 180, "texture": "#1"},
				"down": {"uv": [3, 11, 4, 12], "texture": "#1"}
			}
		},
		{
			"name": "glow_lichen_75",
			"from": [5, 4, 0],
			"to": [6, 5, 0.5],
			"faces": {
				"north": {"uv": [5, 12, 6, 11], "rotation": 180, "texture": "#1"},
				"east": {"uv": [5, 11, 6, 12], "texture": "#1"},
				"south": {"uv": [5, 11, 6, 12], "texture": "#1"},
				"west": {"uv": [5, 11, 6, 12], "texture": "#1"},
				"up": {"uv": [6, 11, 5, 12], "rotation": 180, "texture": "#1"},
				"down": {"uv": [5, 11, 6, 12], "texture": "#1"}
			}
		},
		{
			"name": "glow_lichen_76",
			"from": [6, 4, 0],
			"to": [7, 5, 0.5],
			"faces": {
				"north": {"uv": [6, 12, 7, 11], "rotation": 180, "texture": "#1"},
				"east": {"uv": [6, 11, 7, 12], "texture": "#1"},
				"south": {"uv": [6, 11, 7, 12], "texture": "#1"},
				"west": {"uv": [6, 11, 7, 12], "texture": "#1"},
				"up": {"uv": [7, 11, 6, 12], "rotation": 180, "texture": "#1"},
				"down": {"uv": [6, 11, 7, 12], "texture": "#1"}
			}
		},
		{
			"name": "glow_lichen_77",
			"from": [9, 4, 0],
			"to": [10, 5, 0.5],
			"faces": {
				"north": {"uv": [9, 12, 10, 11], "rotation": 180, "texture": "#1"},
				"east": {"uv": [9, 11, 10, 12], "texture": "#1"},
				"south": {"uv": [9, 11, 10, 12], "texture": "#1"},
				"west": {"uv": [9, 11, 10, 12], "texture": "#1"},
				"up": {"uv": [10, 11, 9, 12], "rotation": 180, "texture": "#1"},
				"down": {"uv": [9, 11, 10, 12], "texture": "#1"}
			}
		},
		{
			"name": "glow_lichen_78",
			"from": [10, 4, 0],
			"to": [11, 5, 0.5],
			"faces": {
				"north": {"uv": [10, 12, 11, 11], "rotation": 180, "texture": "#1"},
				"east": {"uv": [10, 11, 11, 12], "texture": "#1"},
				"south": {"uv": [10, 11, 11, 12], "texture": "#1"},
				"west": {"uv": [10, 11, 11, 12], "texture": "#1"},
				"up": {"uv": [11, 11, 10, 12], "rotation": 180, "texture": "#1"},
				"down": {"uv": [10, 11, 11, 12], "texture": "#1"}
			}
		},
		{
			"name": "glow_lichen_79",
			"from": [11, 4, 0],
			"to": [12, 5, 0.5],
			"faces": {
				"north": {"uv": [11, 12, 12, 11], "rotation": 180, "texture": "#1"},
				"east": {"uv": [11, 11, 12, 12], "texture": "#1"},
				"south": {"uv": [11, 11, 12, 12], "texture": "#1"},
				"west": {"uv": [11, 11, 12, 12], "texture": "#1"},
				"up": {"uv": [12, 11, 11, 12], "rotation": 180, "texture": "#1"},
				"down": {"uv": [11, 11, 12, 12], "texture": "#1"}
			}
		},
		{
			"name": "glow_lichen_80",
			"from": [12, 4, 0],
			"to": [13, 5, 0.5],
			"faces": {
				"north": {"uv": [12, 12, 13, 11], "rotation": 180, "texture": "#1"},
				"east": {"uv": [12, 11, 13, 12], "texture": "#1"},
				"south": {"uv": [12, 11, 13, 12], "texture": "#1"},
				"west": {"uv": [12, 11, 13, 12], "texture": "#1"},
				"up": {"uv": [13, 11, 12, 12], "rotation": 180, "texture": "#1"},
				"down": {"uv": [12, 11, 13, 12], "texture": "#1"}
			}
		},
		{
			"name": "glow_lichen_81",
			"from": [13, 4, 0],
			"to": [14, 5, 0.5],
			"faces": {
				"north": {"uv": [13, 12, 14, 11], "rotation": 180, "texture": "#1"},
				"east": {"uv": [13, 11, 14, 12], "texture": "#1"},
				"south": {"uv": [13, 11, 14, 12], "texture": "#1"},
				"west": {"uv": [13, 11, 14, 12], "texture": "#1"},
				"up": {"uv": [14, 11, 13, 12], "rotation": 180, "texture": "#1"},
				"down": {"uv": [13, 11, 14, 12], "texture": "#1"}
			}
		},
		{
			"name": "glow_lichen_82",
			"from": [3, 3, 0],
			"to": [4, 4, 0.5],
			"faces": {
				"north": {"uv": [3, 13, 4, 12], "rotation": 180, "texture": "#1"},
				"east": {"uv": [3, 12, 4, 13], "texture": "#1"},
				"south": {"uv": [3, 12, 4, 13], "texture": "#1"},
				"west": {"uv": [3, 12, 4, 13], "texture": "#1"},
				"up": {"uv": [4, 12, 3, 13], "rotation": 180, "texture": "#1"},
				"down": {"uv": [3, 12, 4, 13], "texture": "#1"}
			}
		},
		{
			"name": "glow_lichen_83",
			"from": [7, 3, 0],
			"to": [8, 4, 0.5],
			"faces": {
				"north": {"uv": [7, 13, 8, 12], "rotation": 180, "texture": "#1"},
				"east": {"uv": [7, 12, 8, 13], "texture": "#1"},
				"south": {"uv": [7, 12, 8, 13], "texture": "#1"},
				"west": {"uv": [7, 12, 8, 13], "texture": "#1"},
				"up": {"uv": [8, 12, 7, 13], "rotation": 180, "texture": "#1"},
				"down": {"uv": [7, 12, 8, 13], "texture": "#1"}
			}
		},
		{
			"name": "glow_lichen_84",
			"from": [10, 3, 0],
			"to": [11, 4, 0.5],
			"faces": {
				"north": {"uv": [10, 13, 11, 12], "rotation": 180, "texture": "#1"},
				"east": {"uv": [10, 12, 11, 13], "texture": "#1"},
				"south": {"uv": [10, 12, 11, 13], "texture": "#1"},
				"west": {"uv": [10, 12, 11, 13], "texture": "#1"},
				"up": {"uv": [11, 12, 10, 13], "rotation": 180, "texture": "#1"},
				"down": {"uv": [10, 12, 11, 13], "texture": "#1"}
			}
		},
		{
			"name": "glow_lichen_85",
			"from": [11, 3, 0],
			"to": [12, 4, 0.5],
			"faces": {
				"north": {"uv": [11, 13, 12, 12], "rotation": 180, "texture": "#1"},
				"east": {"uv": [11, 12, 12, 13], "texture": "#1"},
				"south": {"uv": [11, 12, 12, 13], "texture": "#1"},
				"west": {"uv": [11, 12, 12, 13], "texture": "#1"},
				"up": {"uv": [12, 12, 11, 13], "rotation": 180, "texture": "#1"},
				"down": {"uv": [11, 12, 12, 13], "texture": "#1"}
			}
		},
		{
			"name": "glow_lichen_86",
			"from": [12, 3, 0],
			"to": [13, 4, 0.5],
			"faces": {
				"north": {"uv": [12, 13, 13, 12], "rotation": 180, "texture": "#1"},
				"east": {"uv": [12, 12, 13, 13], "texture": "#1"},
				"south": {"uv": [12, 12, 13, 13], "texture": "#1"},
				"west": {"uv": [12, 12, 13, 13], "texture": "#1"},
				"up": {"uv": [13, 12, 12, 13], "rotation": 180, "texture": "#1"},
				"down": {"uv": [12, 12, 13, 13], "texture": "#1"}
			}
		},
		{
			"name": "glow_lichen_87",
			"from": [0, 2, 0],
			"to": [1, 3, 0.5],
			"faces": {
				"north": {"uv": [0, 14, 1, 13], "rotation": 180, "texture": "#1"},
				"east": {"uv": [0, 13, 1, 14], "texture": "#1"},
				"south": {"uv": [0, 13, 1, 14], "texture": "#1"},
				"west": {"uv": [0, 13, 1, 14], "texture": "#1"},
				"up": {"uv": [1, 13, 0, 14], "rotation": 180, "texture": "#1"},
				"down": {"uv": [0, 13, 1, 14], "texture": "#1"}
			}
		},
		{
			"name": "glow_lichen_88",
			"from": [3, 2, 0],
			"to": [4, 3, 0.5],
			"faces": {
				"north": {"uv": [3, 14, 4, 13], "rotation": 180, "texture": "#1"},
				"east": {"uv": [3, 13, 4, 14], "texture": "#1"},
				"south": {"uv": [3, 13, 4, 14], "texture": "#1"},
				"west": {"uv": [3, 13, 4, 14], "texture": "#1"},
				"up": {"uv": [4, 13, 3, 14], "rotation": 180, "texture": "#1"},
				"down": {"uv": [3, 13, 4, 14], "texture": "#1"}
			}
		},
		{
			"name": "glow_lichen_89",
			"from": [4, 2, 0],
			"to": [5, 3, 0.5],
			"faces": {
				"north": {"uv": [4, 14, 5, 13], "rotation": 180, "texture": "#1"},
				"east": {"uv": [4, 13, 5, 14], "texture": "#1"},
				"south": {"uv": [4, 13, 5, 14], "texture": "#1"},
				"west": {"uv": [4, 13, 5, 14], "texture": "#1"},
				"up": {"uv": [5, 13, 4, 14], "rotation": 180, "texture": "#1"},
				"down": {"uv": [4, 13, 5, 14], "texture": "#1"}
			}
		},
		{
			"name": "glow_lichen_90",
			"from": [9, 2, 0],
			"to": [10, 3, 0.5],
			"faces": {
				"north": {"uv": [9, 14, 10, 13], "rotation": 180, "texture": "#1"},
				"east": {"uv": [9, 13, 10, 14], "texture": "#1"},
				"south": {"uv": [9, 13, 10, 14], "texture": "#1"},
				"west": {"uv": [9, 13, 10, 14], "texture": "#1"},
				"up": {"uv": [10, 13, 9, 14], "rotation": 180, "texture": "#1"},
				"down": {"uv": [9, 13, 10, 14], "texture": "#1"}
			}
		},
		{
			"name": "glow_lichen_91",
			"from": [15, 2, 0],
			"to": [16, 3, 0.5],
			"faces": {
				"north": {"uv": [15, 14, 16, 13], "rotation": 180, "texture": "#1"},
				"east": {"uv": [15, 13, 16, 14], "texture": "#1"},
				"south": {"uv": [15, 13, 16, 14], "texture": "#1"},
				"west": {"uv": [15, 13, 16, 14], "texture": "#1"},
				"up": {"uv": [16, 13, 15, 14], "rotation": 180, "texture": "#1"},
				"down": {"uv": [15, 13, 16, 14], "texture": "#1"}
			}
		},
		{
			"name": "glow_lichen_92",
			"from": [3, 1, 0],
			"to": [4, 2, 0.5],
			"faces": {
				"north": {"uv": [3, 15, 4, 14], "rotation": 180, "texture": "#1"},
				"east": {"uv": [3, 14, 4, 15], "texture": "#1"},
				"south": {"uv": [3, 14, 4, 15], "texture": "#1"},
				"west": {"uv": [3, 14, 4, 15], "texture": "#1"},
				"up": {"uv": [4, 14, 3, 15], "rotation": 180, "texture": "#1"},
				"down": {"uv": [3, 14, 4, 15], "texture": "#1"}
			}
		},
		{
			"name": "glow_lichen_93",
			"from": [6, 1, 0],
			"to": [7, 2, 0.5],
			"faces": {
				"north": {"uv": [6, 15, 7, 14], "rotation": 180, "texture": "#1"},
				"east": {"uv": [6, 14, 7, 15], "texture": "#1"},
				"south": {"uv": [6, 14, 7, 15], "texture": "#1"},
				"west": {"uv": [6, 14, 7, 15], "texture": "#1"},
				"up": {"uv": [7, 14, 6, 15], "rotation": 180, "texture": "#1"},
				"down": {"uv": [6, 14, 7, 15], "texture": "#1"}
			}
		},
		{
			"name": "glow_lichen_94",
			"from": [7, 1, 0],
			"to": [8, 2, 0.5],
			"faces": {
				"north": {"uv": [7, 15, 8, 14], "rotation": 180, "texture": "#1"},
				"east": {"uv": [7, 14, 8, 15], "texture": "#1"},
				"south": {"uv": [7, 14, 8, 15], "texture": "#1"},
				"west": {"uv": [7, 14, 8, 15], "texture": "#1"},
				"up": {"uv": [8, 14, 7, 15], "rotation": 180, "texture": "#1"},
				"down": {"uv": [7, 14, 8, 15], "texture": "#1"}
			}
		},
		{
			"name": "glow_lichen_95",
			"from": [8, 1, 0],
			"to": [9, 2, 0.5],
			"faces": {
				"north": {"uv": [8, 15, 9, 14], "rotation": 180, "texture": "#1"},
				"east": {"uv": [8, 14, 9, 15], "texture": "#1"},
				"south": {"uv": [8, 14, 9, 15], "texture": "#1"},
				"west": {"uv": [8, 14, 9, 15], "texture": "#1"},
				"up": {"uv": [9, 14, 8, 15], "rotation": 180, "texture": "#1"},
				"down": {"uv": [8, 14, 9, 15], "texture": "#1"}
			}
		},
		{
			"name": "glow_lichen_96",
			"from": [12, 1, 0],
			"to": [13, 2, 0.5],
			"faces": {
				"north": {"uv": [12, 15, 13, 14], "rotation": 180, "texture": "#1"},
				"east": {"uv": [12, 14, 13, 15], "texture": "#1"},
				"south": {"uv": [12, 14, 13, 15], "texture": "#1"},
				"west": {"uv": [12, 14, 13, 15], "texture": "#1"},
				"up": {"uv": [13, 14, 12, 15], "rotation": 180, "texture": "#1"},
				"down": {"uv": [12, 14, 13, 15], "texture": "#1"}
			}
		},
		{
			"name": "glow_lichen_97",
			"from": [13, 1, 0],
			"to": [14, 2, 0.5],
			"faces": {
				"north": {"uv": [13, 15, 14, 14], "rotation": 180, "texture": "#1"},
				"east": {"uv": [13, 14, 14, 15], "texture": "#1"},
				"south": {"uv": [13, 14, 14, 15], "texture": "#1"},
				"west": {"uv": [13, 14, 14, 15], "texture": "#1"},
				"up": {"uv": [14, 14, 13, 15], "rotation": 180, "texture": "#1"},
				"down": {"uv": [13, 14, 14, 15], "texture": "#1"}
			}
		},
		{
			"name": "glow_lichen_98",
			"from": [15, 1, 0],
			"to": [16, 2, 0.5],
			"faces": {
				"north": {"uv": [15, 15, 16, 14], "rotation": 180, "texture": "#1"},
				"east": {"uv": [15, 14, 16, 15], "texture": "#1"},
				"south": {"uv": [15, 14, 16, 15], "texture": "#1"},
				"west": {"uv": [15, 14, 16, 15], "texture": "#1"},
				"up": {"uv": [16, 14, 15, 15], "rotation": 180, "texture": "#1"},
				"down": {"uv": [15, 14, 16, 15], "texture": "#1"}
			}
		},
		{
			"name": "glow_lichen_99",
			"from": [2, 0, 0],
			"to": [3, 1, 0.5],
			"faces": {
				"north": {"uv": [2, 16, 3, 15], "rotation": 180, "texture": "#1"},
				"east": {"uv": [2, 15, 3, 16], "texture": "#1"},
				"south": {"uv": [2, 15, 3, 16], "texture": "#1"},
				"west": {"uv": [2, 15, 3, 16], "texture": "#1"},
				"up": {"uv": [3, 15, 2, 16], "rotation": 180, "texture": "#1"},
				"down": {"uv": [2, 15, 3, 16], "texture": "#1"}
			}
		},
		{
			"name": "glow_lichen_100",
			"from": [5, 0, 0],
			"to": [6, 1, 0.5],
			"faces": {
				"north": {"uv": [5, 16, 6, 15], "rotation": 180, "texture": "#1"},
				"east": {"uv": [5, 15, 6, 16], "texture": "#1"},
				"south": {"uv": [5, 15, 6, 16], "texture": "#1"},
				"west": {"uv": [5, 15, 6, 16], "texture": "#1"},
				"up": {"uv": [6, 15, 5, 16], "rotation": 180, "texture": "#1"},
				"down": {"uv": [5, 15, 6, 16], "texture": "#1"}
			}
		},
		{
			"name": "glow_lichen_101",
			"from": [7, 0, 0],
			"to": [8, 1, 0.5],
			"faces": {
				"north": {"uv": [7, 16, 8, 15], "rotation": 180, "texture": "#1"},
				"east": {"uv": [7, 15, 8, 16], "texture": "#1"},
				"south": {"uv": [7, 15, 8, 16], "texture": "#1"},
				"west": {"uv": [7, 15, 8, 16], "texture": "#1"},
				"up": {"uv": [8, 15, 7, 16], "rotation": 180, "texture": "#1"},
				"down": {"uv": [7, 15, 8, 16], "texture": "#1"}
			}
		},
		{
			"name": "glow_lichen_102",
			"from": [8, 0, 0],
			"to": [9, 1, 0.5],
			"faces": {
				"north": {"uv": [8, 16, 9, 15], "rotation": 180, "texture": "#1"},
				"east": {"uv": [8, 15, 9, 16], "texture": "#1"},
				"south": {"uv": [8, 15, 9, 16], "texture": "#1"},
				"west": {"uv": [8, 15, 9, 16], "texture": "#1"},
				"up": {"uv": [9, 15, 8, 16], "rotation": 180, "texture": "#1"},
				"down": {"uv": [8, 15, 9, 16], "texture": "#1"}
			}
		},
		{
			"name": "glow_lichen_103",
			"from": [13, 0, 0],
			"to": [14, 1, 0.5],
			"faces": {
				"north": {"uv": [13, 16, 14, 15], "rotation": 180, "texture": "#1"},
				"east": {"uv": [13, 15, 14, 16], "texture": "#1"},
				"south": {"uv": [13, 15, 14, 16], "texture": "#1"},
				"west": {"uv": [13, 15, 14, 16], "texture": "#1"},
				"up": {"uv": [14, 15, 13, 16], "rotation": 180, "texture": "#1"},
				"down": {"uv": [13, 15, 14, 16], "texture": "#1"}
			}
		},
		{
			"name": "glow_lichen_104",
			"from": [14, 0, 0],
			"to": [15, 1, 0.5],
			"faces": {
				"north": {"uv": [14, 16, 15, 15], "rotation": 180, "texture": "#1"},
				"east": {"uv": [14, 15, 15, 16], "texture": "#1"},
				"south": {"uv": [14, 15, 15, 16], "texture": "#1"},
				"west": {"uv": [14, 15, 15, 16], "texture": "#1"},
				"up": {"uv": [15, 15, 14, 16], "rotation": 180, "texture": "#1"},
				"down": {"uv": [14, 15, 15, 16], "texture": "#1"}
			}
		}
	],
	"groups": [
		{
			"name": "glow_lichen",
			"origin": [8, 8, 8],
			"children": [0, 1, 2, 3, 4, 5, 6, 7, 8, 9, 10, 11, 12, 13, 14, 15, 16, 17, 18, 19, 20, 21, 22, 23, 24, 25, 26, 27, 28, 29, 30, 31, 32, 33, 34, 35, 36, 37, 38, 39, 40, 41, 42, 43, 44, 45, 46, 47, 48, 49, 50, 51, 52, 53, 54, 55, 56, 57, 58, 59, 60, 61, 62, 63, 64, 65, 66, 67, 68, 69, 70, 71, 72, 73, 74, 75, 76, 77, 78, 79, 80, 81, 82, 83, 84, 85, 86, 87, 88, 89, 90, 91, 92, 93, 94, 95, 96, 97, 98, 99, 100, 101, 102, 103, 104]
		}
	]
}