{
	"credit": "Made with Blockbench",
	"parent": "minecraft:block/pointed_dripstone",
	"textures": {
		"cross": "block/pointed_dripstone_up_frustum"
	},
	"elements": [
		{
			"name": "pointed_dripstone_up_frustum_0",
			"from": [4, 15, 4],
			"to": [12, 16, 5],
			"rotation": {"angle": 0, "axis": "y", "origin": [7.8125, 8, 4.5]},
			"faces": {
				"north": {"uv": [4, 0, 12, 1], "texture": "#cross"},
				"east": {"uv": [4, 0, 5, 1], "texture": "#cross"},
				"south": {"uv": [4, 1, 12, 0], "rotation": 180, "texture": "#cross"},
				"west": {"uv": [11, 0, 12, 1], "texture": "#cross"},
				"up": {"uv": [12, 0, 4, 1], "texture": "#cross"},
				"down": {"uv": [4, 0, 12, 1], "rotation": 180, "texture": "#cross"}
			}
		},
		{
			"name": "pointed_dripstone_up_frustum_1",
			"from": [4, 14, 4],
			"to": [12, 15, 5],
			"rotation": {"angle": 0, "axis": "y", "origin": [7.8125, 8, 4.5]},
			"faces": {
				"north": {"uv": [4, 1, 12, 2], "texture": "#cross"},
				"east": {"uv": [4, 1, 5, 2], "texture": "#cross"},
				"south": {"uv": [4, 2, 12, 1], "rotation": 180, "texture": "#cross"},
				"west": {"uv": [11, 1, 12, 2], "texture": "#cross"},
				"up": {"uv": [12, 1, 4, 2], "texture": "#cross"},
				"down": {"uv": [4, 1, 12, 2], "rotation": 180, "texture": "#cross"}
			}
		},
		{
			"name": "pointed_dripstone_up_frustum_2",
			"from": [3, 13, 3],
			"to": [12, 14, 4],
			"rotation": {"angle": 0, "axis": "y", "origin": [7.8125, 8, 3.5]},
			"faces": {
				"north": {"uv": [4, 2, 13, 3], "texture": "#cross"},
				"east": {"uv": [4, 2, 5, 3], "texture": "#cross"},
				"south": {"uv": [4, 3, 13, 2], "rotation": 180, "texture": "#cross"},
				"west": {"uv": [12, 2, 13, 3], "texture": "#cross"},
				"up": {"uv": [13, 2, 4, 3], "texture": "#cross"},
				"down": {"uv": [4, 2, 13, 3], "rotation": 180, "texture": "#cross"}
			}
		},
		{
			"name": "pointed_dripstone_up_frustum_3",
			"from": [3, 12, 3],
			"to": [12, 13, 4],
			"rotation": {"angle": 0, "axis": "y", "origin": [7.8125, 8, 3.5]},
			"faces": {
				"north": {"uv": [4, 3, 13, 4], "texture": "#cross"},
				"east": {"uv": [4, 3, 5, 4], "texture": "#cross"},
				"south": {"uv": [4, 4, 13, 3], "rotation": 180, "texture": "#cross"},
				"west": {"uv": [12, 3, 13, 4], "texture": "#cross"},
				"up": {"uv": [13, 3, 4, 4], "texture": "#cross"},
				"down": {"uv": [4, 3, 13, 4], "rotation": 180, "texture": "#cross"}
			}
		},
		{
			"name": "pointed_dripstone_up_frustum_4",
			"from": [3, 11, 3],
			"to": [12, 12, 4],
			"rotation": {"angle": 0, "axis": "y", "origin": [7.8125, 8, 3.5]},
			"faces": {
				"north": {"uv": [4, 4, 13, 5], "texture": "#cross"},
				"east": {"uv": [4, 4, 5, 5], "texture": "#cross"},
				"south": {"uv": [4, 5, 13, 4], "rotation": 180, "texture": "#cross"},
				"west": {"uv": [12, 4, 13, 5], "texture": "#cross"},
				"up": {"uv": [13, 4, 4, 5], "texture": "#cross"},
				"down": {"uv": [4, 4, 13, 5], "rotation": 180, "texture": "#cross"}
			}
		},
		{
			"name": "pointed_dripstone_up_frustum_5",
			"from": [3, 10, 3],
			"to": [13, 11, 4],
			"rotation": {"angle": 0, "axis": "y", "origin": [7.8125, 8, 3.5]},
			"faces": {
				"north": {"uv": [3, 5, 13, 6], "texture": "#cross"},
				"east": {"uv": [3, 5, 4, 6], "texture": "#cross"},
				"south": {"uv": [3, 6, 13, 5], "rotation": 180, "texture": "#cross"},
				"west": {"uv": [12, 5, 13, 6], "texture": "#cross"},
				"up": {"uv": [13, 5, 3, 6], "texture": "#cross"},
				"down": {"uv": [3, 5, 13, 6], "rotation": 180, "texture": "#cross"}
			}
		},
		{
			"name": "pointed_dripstone_up_frustum_6",
			"from": [3, 9, 3],
			"to": [13, 10, 4],
			"rotation": {"angle": 0, "axis": "y", "origin": [7.8125, 8, 3.5]},
			"faces": {
				"north": {"uv": [3, 6, 13, 7], "texture": "#cross"},
				"east": {"uv": [3, 6, 4, 7], "texture": "#cross"},
				"south": {"uv": [3, 7, 13, 6], "rotation": 180, "texture": "#cross"},
				"west": {"uv": [12, 6, 13, 7], "texture": "#cross"},
				"up": {"uv": [13, 6, 3, 7], "texture": "#cross"},
				"down": {"uv": [3, 6, 13, 7], "rotation": 180, "texture": "#cross"}
			}
		},
		{
			"name": "pointed_dripstone_up_frustum_7",
			"from": [3, 8, 3],
			"to": [13, 9, 4],
			"rotation": {"angle": 0, "axis": "y", "origin": [7.8125, 8, 3.5]},
			"faces": {
				"north": {"uv": [3, 7, 13, 8], "texture": "#cross"},
				"east": {"uv": [3, 7, 4, 8], "texture": "#cross"},
				"south": {"uv": [3, 8, 13, 7], "rotation": 180, "texture": "#cross"},
				"west": {"uv": [12, 7, 13, 8], "texture": "#cross"},
				"up": {"uv": [13, 7, 3, 8], "texture": "#cross"},
				"down": {"uv": [3, 7, 13, 8], "rotation": 180, "texture": "#cross"}
			}
		},
		{
			"name": "pointed_dripstone_up_frustum_8",
			"from": [2, 7, 2],
			"to": [13, 8, 3],
			"rotation": {"angle": 0, "axis": "y", "origin": [7.8125, 8, 2.5]},
			"faces": {
				"north": {"uv": [3, 8, 14, 9], "texture": "#cross"},
				"east": {"uv": [3, 8, 4, 9], "texture": "#cross"},
				"south": {"uv": [3, 9, 14, 8], "rotation": 180, "texture": "#cross"},
				"west": {"uv": [13, 8, 14, 9], "texture": "#cross"},
				"up": {"uv": [14, 8, 3, 9], "texture": "#cross"},
				"down": {"uv": [3, 8, 14, 9], "rotation": 180, "texture": "#cross"}
			}
		},
		{
			"name": "pointed_dripstone_up_frustum_9",
			"from": [2, 6, 2],
			"to": [13, 7, 3],
			"rotation": {"angle": 0, "axis": "y", "origin": [7.8125, 8, 2.5]},
			"faces": {
				"north": {"uv": [3, 9, 14, 10], "texture": "#cross"},
				"east": {"uv": [3, 9, 4, 10], "texture": "#cross"},
				"south": {"uv": [3, 10, 14, 9], "rotation": 180, "texture": "#cross"},
				"west": {"uv": [13, 9, 14, 10], "texture": "#cross"},
				"up": {"uv": [14, 9, 3, 10], "texture": "#cross"},
				"down": {"uv": [3, 9, 14, 10], "rotation": 180, "texture": "#cross"}
			}
		},
		{
			"name": "pointed_dripstone_up_frustum_10",
			"from": [2, 5, 2],
			"to": [13, 6, 3],
			"rotation": {"angle": 0, "axis": "y", "origin": [7.8125, 8, 2.5]},
			"faces": {
				"north": {"uv": [3, 10, 14, 11], "texture": "#cross"},
				"east": {"uv": [3, 10, 4, 11], "texture": "#cross"},
				"south": {"uv": [3, 11, 14, 10], "rotation": 180, "texture": "#cross"},
				"west": {"uv": [13, 10, 14, 11], "texture": "#cross"},
				"up": {"uv": [14, 10, 3, 11], "texture": "#cross"},
				"down": {"uv": [3, 10, 14, 11], "rotation": 180, "texture": "#cross"}
			}
		},
		{
			"name": "pointed_dripstone_up_frustum_11",
			"from": [2, 4, 2],
			"to": [14, 5, 3],
			"rotation": {"angle": 0, "axis": "y", "origin": [7.8125, 8, 2.5]},
			"faces": {
				"north": {"uv": [2, 11, 14, 12], "texture": "#cross"},
				"east": {"uv": [2, 11, 3, 12], "texture": "#cross"},
				"south": {"uv": [2, 12, 14, 11], "rotation": 180, "texture": "#cross"},
				"west": {"uv": [13, 11, 14, 12], "texture": "#cross"},
				"up": {"uv": [14, 11, 2, 12], "texture": "#cross"},
				"down": {"uv": [2, 11, 14, 12], "rotation": 180, "texture": "#cross"}
			}
		},
		{
			"name": "pointed_dripstone_up_frustum_12",
			"from": [2, 3, 2],
			"to": [14, 4, 3],
			"rotation": {"angle": 0, "axis": "y", "origin": [7.8125, 8, 2.5]},
			"faces": {
				"north": {"uv": [2, 12, 14, 13], "texture": "#cross"},
				"east": {"uv": [2, 12, 3, 13], "texture": "#cross"},
				"south": {"uv": [2, 13, 14, 12], "rotation": 180, "texture": "#cross"},
				"west": {"uv": [13, 12, 14, 13], "texture": "#cross"},
				"up": {"uv": [14, 12, 2, 13], "texture": "#cross"},
				"down": {"uv": [2, 12, 14, 13], "rotation": 180, "texture": "#cross"}
			}
		},
		{
			"name": "pointed_dripstone_up_frustum_13",
			"from": [2, 2, 2],
			"to": [14, 3, 3],
			"rotation": {"angle": 0, "axis": "y", "origin": [7.8125, 8, 2.5]},
			"faces": {
				"north": {"uv": [2, 13, 14, 14], "texture": "#cross"},
				"east": {"uv": [2, 13, 3, 14], "texture": "#cross"},
				"south": {"uv": [2, 14, 14, 13], "rotation": 180, "texture": "#cross"},
				"west": {"uv": [13, 13, 14, 14], "texture": "#cross"},
				"up": {"uv": [14, 13, 2, 14], "texture": "#cross"},
				"down": {"uv": [2, 13, 14, 14], "rotation": 180, "texture": "#cross"}
			}
		},
		{
			"name": "pointed_dripstone_up_frustum_14",
			"from": [2, 1, 2],
			"to": [14, 2, 3],
			"rotation": {"angle": 0, "axis": "y", "origin": [7.8125, 8, 2.5]},
			"faces": {
				"north": {"uv": [2, 14, 14, 15], "texture": "#cross"},
				"east": {"uv": [2, 14, 3, 15], "texture": "#cross"},
				"south": {"uv": [2, 15, 14, 14], "rotation": 180, "texture": "#cross"},
				"west": {"uv": [13, 14, 14, 15], "texture": "#cross"},
				"up": {"uv": [14, 14, 2, 15], "texture": "#cross"},
				"down": {"uv": [2, 14, 14, 15], "rotation": 180, "texture": "#cross"}
			}
		},
		{
			"name": "pointed_dripstone_up_frustum_15",
			"from": [2, 0, 2],
			"to": [14, 1, 3],
			"rotation": {"angle": 0, "axis": "y", "origin": [7.8125, 8, 2.5]},
			"faces": {
				"north": {"uv": [2, 15, 14, 16], "texture": "#cross"},
				"east": {"uv": [2, 15, 3, 16], "texture": "#cross"},
				"south": {"uv": [2, 16, 14, 15], "rotation": 180, "texture": "#cross"},
				"west": {"uv": [13, 15, 14, 16], "texture": "#cross"},
				"up": {"uv": [14, 15, 2, 16], "texture": "#cross"},
				"down": {"uv": [2, 15, 14, 16], "texture": "#cross"}
			}
		},
		{
			"name": "pointed_dripstone_up_frustum_1",
			"from": [4, 15, 11],
			"to": [12, 16, 12],
			"rotation": {"angle": 0, "axis": "y", "origin": [7.8125, 8, 13.125]},
			"faces": {
				"north": {"uv": [4, 1, 12, 0], "rotation": 180, "texture": "#cross"},
				"east": {"uv": [11, 0, 12, 1], "texture": "#cross"},
				"south": {"uv": [4, 0, 12, 1], "texture": "#cross"},
				"west": {"uv": [4, 0, 5, 1], "texture": "#cross"},
				"up": {"uv": [12, 0, 4, 1], "rotation": 180, "texture": "#cross"},
				"down": {"uv": [4, 0, 12, 1], "texture": "#cross"}
			}
		},
		{
			"name": "pointed_dripstone_up_frustum_2",
			"from": [4, 14, 11],
			"to": [12, 15, 12],
			"rotation": {"angle": 0, "axis": "y", "origin": [7.8125, 8, 13.125]},
			"faces": {
				"north": {"uv": [4, 2, 12, 1], "rotation": 180, "texture": "#cross"},
				"east": {"uv": [11, 1, 12, 2], "texture": "#cross"},
				"south": {"uv": [4, 1, 12, 2], "texture": "#cross"},
				"west": {"uv": [4, 1, 5, 2], "texture": "#cross"},
				"up": {"uv": [12, 1, 4, 2], "rotation": 180, "texture": "#cross"},
				"down": {"uv": [4, 1, 12, 2], "texture": "#cross"}
			}
		},
		{
			"name": "pointed_dripstone_up_frustum_3",
			"from": [4, 13, 12],
			"to": [13, 14, 13],
			"rotation": {"angle": 0, "axis": "y", "origin": [7.8125, 8, 13.125]},
			"faces": {
				"north": {"uv": [4, 3, 13, 2], "rotation": 180, "texture": "#cross"},
				"east": {"uv": [12, 2, 13, 3], "texture": "#cross"},
				"south": {"uv": [4, 2, 13, 3], "texture": "#cross"},
				"west": {"uv": [4, 2, 5, 3], "texture": "#cross"},
				"up": {"uv": [13, 2, 4, 3], "rotation": 180, "texture": "#cross"},
				"down": {"uv": [4, 2, 13, 3], "texture": "#cross"}
			}
		},
		{
			"name": "pointed_dripstone_up_frustum_4",
			"from": [4, 12, 12],
			"to": [13, 13, 13],
			"rotation": {"angle": 0, "axis": "y", "origin": [7.8125, 8, 13.125]},
			"faces": {
				"north": {"uv": [4, 4, 13, 3], "rotation": 180, "texture": "#cross"},
				"east": {"uv": [12, 3, 13, 4], "texture": "#cross"},
				"south": {"uv": [4, 3, 13, 4], "texture": "#cross"},
				"west": {"uv": [4, 3, 5, 4], "texture": "#cross"},
				"up": {"uv": [13, 3, 4, 4], "rotation": 180, "texture": "#cross"},
				"down": {"uv": [4, 3, 13, 4], "texture": "#cross"}
			}
		},
		{
			"name": "pointed_dripstone_up_frustum_5",
			"from": [4, 11, 12],
			"to": [13, 12, 13],
			"rotation": {"angle": 0, "axis": "y", "origin": [7.8125, 8, 13.125]},
			"faces": {
				"north": {"uv": [4, 5, 13, 4], "rotation": 180, "texture": "#cross"},
				"east": {"uv": [12, 4, 13, 5], "texture": "#cross"},
				"south": {"uv": [4, 4, 13, 5], "texture": "#cross"},
				"west": {"uv": [4, 4, 5, 5], "texture": "#cross"},
				"up": {"uv": [13, 4, 4, 5], "rotation": 180, "texture": "#cross"},
				"down": {"uv": [4, 4, 13, 5], "texture": "#cross"}
			}
		},
		{
			"name": "pointed_dripstone_up_frustum_6",
			"from": [3, 10, 12],
			"to": [13, 11, 13],
			"rotation": {"angle": 0, "axis": "y", "origin": [7.8125, 8, 13.125]},
			"faces": {
				"north": {"uv": [3, 6, 13, 5], "rotation": 180, "texture": "#cross"},
				"east": {"uv": [12, 5, 13, 6], "texture": "#cross"},
				"south": {"uv": [3, 5, 13, 6], "texture": "#cross"},
				"west": {"uv": [3, 5, 4, 6], "texture": "#cross"},
				"up": {"uv": [13, 5, 3, 6], "rotation": 180, "texture": "#cross"},
				"down": {"uv": [3, 5, 13, 6], "texture": "#cross"}
			}
		},
		{
			"name": "pointed_dripstone_up_frustum_7",
			"from": [3, 9, 12],
			"to": [13, 10, 13],
			"rotation": {"angle": 0, "axis": "y", "origin": [7.8125, 8, 13.125]},
			"faces": {
				"north": {"uv": [3, 7, 13, 6], "rotation": 180, "texture": "#cross"},
				"east": {"uv": [12, 6, 13, 7], "texture": "#cross"},
				"south": {"uv": [3, 6, 13, 7], "texture": "#cross"},
				"west": {"uv": [3, 6, 4, 7], "texture": "#cross"},
				"up": {"uv": [13, 6, 3, 7], "rotation": 180, "texture": "#cross"},
				"down": {"uv": [3, 6, 13, 7], "texture": "#cross"}
			}
		},
		{
			"name": "pointed_dripstone_up_frustum_8",
			"from": [3, 8, 12],
			"to": [13, 9, 13],
			"rotation": {"angle": 0, "axis": "y", "origin": [7.8125, 8, 13.125]},
			"faces": {
				"north": {"uv": [3, 8, 13, 7], "rotation": 180, "texture": "#cross"},
				"east": {"uv": [12, 7, 13, 8], "texture": "#cross"},
				"south": {"uv": [3, 7, 13, 8], "texture": "#cross"},
				"west": {"uv": [3, 7, 4, 8], "texture": "#cross"},
				"up": {"uv": [13, 7, 3, 8], "rotation": 180, "texture": "#cross"},
				"down": {"uv": [3, 7, 13, 8], "texture": "#cross"}
			}
		},
		{
			"name": "pointed_dripstone_up_frustum_9",
			"from": [3, 7, 13],
			"to": [14, 8, 14],
			"rotation": {"angle": 0, "axis": "y", "origin": [7.8125, 8, 13.125]},
			"faces": {
				"north": {"uv": [3, 9, 14, 8], "rotation": 180, "texture": "#cross"},
				"east": {"uv": [13, 8, 14, 9], "texture": "#cross"},
				"south": {"uv": [3, 8, 14, 9], "texture": "#cross"},
				"west": {"uv": [3, 8, 4, 9], "texture": "#cross"},
				"up": {"uv": [14, 8, 3, 9], "rotation": 180, "texture": "#cross"},
				"down": {"uv": [3, 8, 14, 9], "texture": "#cross"}
			}
		},
		{
			"name": "pointed_dripstone_up_frustum_10",
			"from": [3, 6, 13],
			"to": [14, 7, 14],
			"rotation": {"angle": 0, "axis": "y", "origin": [7.8125, 8, 13.125]},
			"faces": {
				"north": {"uv": [3, 10, 14, 9], "rotation": 180, "texture": "#cross"},
				"east": {"uv": [13, 9, 14, 10], "texture": "#cross"},
				"south": {"uv": [3, 9, 14, 10], "texture": "#cross"},
				"west": {"uv": [3, 9, 4, 10], "texture": "#cross"},
				"up": {"uv": [14, 9, 3, 10], "rotation": 180, "texture": "#cross"},
				"down": {"uv": [3, 9, 14, 10], "texture": "#cross"}
			}
		},
		{
			"name": "pointed_dripstone_up_frustum_11",
			"from": [3, 5, 13],
			"to": [14, 6, 14],
			"rotation": {"angle": 0, "axis": "y", "origin": [7.8125, 8, 13.125]},
			"faces": {
				"north": {"uv": [3, 11, 14, 10], "rotation": 180, "texture": "#cross"},
				"east": {"uv": [13, 10, 14, 11], "texture": "#cross"},
				"south": {"uv": [3, 10, 14, 11], "texture": "#cross"},
				"west": {"uv": [3, 10, 4, 11], "texture": "#cross"},
				"up": {"uv": [14, 10, 3, 11], "rotation": 180, "texture": "#cross"},
				"down": {"uv": [3, 10, 14, 11], "texture": "#cross"}
			}
		},
		{
			"name": "pointed_dripstone_up_frustum_12",
			"from": [2, 4, 13],
			"to": [14, 5, 14],
			"rotation": {"angle": 0, "axis": "y", "origin": [7.8125, 8, 13.125]},
			"faces": {
				"north": {"uv": [2, 12, 14, 11], "rotation": 180, "texture": "#cross"},
				"east": {"uv": [13, 11, 14, 12], "texture": "#cross"},
				"south": {"uv": [2, 11, 14, 12], "texture": "#cross"},
				"west": {"uv": [2, 11, 3, 12], "texture": "#cross"},
				"up": {"uv": [14, 11, 2, 12], "rotation": 180, "texture": "#cross"},
				"down": {"uv": [2, 11, 14, 12], "texture": "#cross"}
			}
		},
		{
			"name": "pointed_dripstone_up_frustum_13",
			"from": [2, 3, 13],
			"to": [14, 4, 14],
			"rotation": {"angle": 0, "axis": "y", "origin": [7.8125, 8, 13.125]},
			"faces": {
				"north": {"uv": [2, 13, 14, 12], "rotation": 180, "texture": "#cross"},
				"east": {"uv": [13, 12, 14, 13], "texture": "#cross"},
				"south": {"uv": [2, 12, 14, 13], "texture": "#cross"},
				"west": {"uv": [2, 12, 3, 13], "texture": "#cross"},
				"up": {"uv": [14, 12, 2, 13], "rotation": 180, "texture": "#cross"},
				"down": {"uv": [2, 12, 14, 13], "texture": "#cross"}
			}
		},
		{
			"name": "pointed_dripstone_up_frustum_14",
			"from": [2, 2, 13],
			"to": [14, 3, 14],
			"rotation": {"angle": 0, "axis": "y", "origin": [7.8125, 8, 13.125]},
			"faces": {
				"north": {"uv": [2, 14, 14, 13], "rotation": 180, "texture": "#cross"},
				"east": {"uv": [13, 13, 14, 14], "texture": "#cross"},
				"south": {"uv": [2, 13, 14, 14], "texture": "#cross"},
				"west": {"uv": [2, 13, 3, 14], "texture": "#cross"},
				"up": {"uv": [14, 13, 2, 14], "rotation": 180, "texture": "#cross"},
				"down": {"uv": [2, 13, 14, 14], "texture": "#cross"}
			}
		},
		{
			"name": "pointed_dripstone_up_frustum_15",
			"from": [2, 1, 13],
			"to": [14, 2, 14],
			"rotation": {"angle": 0, "axis": "y", "origin": [7.8125, 8, 13.125]},
			"faces": {
				"north": {"uv": [2, 15, 14, 14], "rotation": 180, "texture": "#cross"},
				"east": {"uv": [13, 14, 14, 15], "texture": "#cross"},
				"south": {"uv": [2, 14, 14, 15], "texture": "#cross"},
				"west": {"uv": [2, 14, 3, 15], "texture": "#cross"},
				"up": {"uv": [14, 14, 2, 15], "rotation": 180, "texture": "#cross"},
				"down": {"uv": [2, 14, 14, 15], "texture": "#cross"}
			}
		},
		{
			"name": "pointed_dripstone_up_frustum_16",
			"from": [2, 0, 13],
			"to": [14, 1, 14],
			"rotation": {"angle": 0, "axis": "y", "origin": [7.8125, 8, 13.125]},
			"faces": {
				"north": {"uv": [2, 16, 14, 15], "rotation": 180, "texture": "#cross"},
				"east": {"uv": [13, 15, 14, 16], "texture": "#cross"},
				"south": {"uv": [2, 15, 14, 16], "texture": "#cross"},
				"west": {"uv": [2, 15, 3, 16], "texture": "#cross"},
				"up": {"uv": [14, 15, 2, 16], "rotation": 180, "texture": "#cross"},
				"down": {"uv": [2, 15, 14, 16], "texture": "#cross"}
			}
		},
		{
			"from": [4, 14, 5],
			"to": [5, 16, 11],
			"rotation": {"angle": 0, "axis": "y", "origin": [4.5, 15, 8]},
			"faces": {
				"north": {"uv": [0, 0, 1, 2], "texture": "#missing"},
				"east": {"uv": [11, 0, 5, 2], "texture": "#cross"},
				"west": {"uv": [11, 0, 5, 2], "texture": "#cross"},
				"up": {"uv": [11, 0, 5, 1], "rotation": 270, "texture": "#cross"},
				"down": {"uv": [4, 1, 12, 2], "rotation": 90, "texture": "#cross"}
			}
		},
		{
			"from": [11, 14, 5],
			"to": [12, 16, 11],
			"rotation": {"angle": 0, "axis": "y", "origin": [12.5, 10, 8]},
			"faces": {
				"east": {"uv": [11, 0, 5, 2], "texture": "#cross"},
				"south": {"uv": [0, 0, 1, 2], "texture": "#missing"},
				"west": {"uv": [11, 0, 5, 2], "texture": "#cross"},
				"up": {"uv": [11, 0, 5, 1], "rotation": 90, "texture": "#cross"},
				"down": {"uv": [4, 1, 12, 2], "rotation": 90, "texture": "#cross"}
			}
		},
		{
			"from": [3, 8, 4],
			"to": [4, 14, 12],
			"rotation": {"angle": 0, "axis": "y", "origin": [3.5, 13, 8]},
			"faces": {
				"north": {"uv": [0, 0, 1, 2], "texture": "#missing"},
				"east": {"uv": [12, 2, 4, 8], "texture": "#cross"},
				"south": {"uv": [4, 2, 5, 8], "texture": "#cross"},
				"west": {"uv": [12, 2, 4, 8], "texture": "#cross"},
				"up": {"uv": [12, 5, 4, 6], "rotation": 90, "texture": "#cross"},
				"down": {"uv": [4, 1, 12, 2], "rotation": 90, "texture": "#cross"}
			}
		},
		{
			"from": [12, 8, 4],
			"to": [13, 14, 12],
			"rotation": {"angle": 0, "axis": "y", "origin": [12.5, 10, 8]},
			"faces": {
				"north": {"uv": [4, 2, 5, 8], "texture": "#cross"},
				"east": {"uv": [12, 2, 4, 8], "texture": "#cross"},
				"south": {"uv": [0, 0, 1, 2], "texture": "#missing"},
				"west": {"uv": [12, 2, 4, 8], "texture": "#cross"},
				"up": {"uv": [12, 5, 4, 6], "rotation": 270, "texture": "#cross"},
				"down": {"uv": [4, 1, 12, 2], "rotation": 90, "texture": "#cross"}
			}
		},
		{
			"from": [2, 0, 3],
			"to": [3, 8, 13],
			"rotation": {"angle": 0, "axis": "y", "origin": [2.5, 5, 8]},
			"faces": {
				"north": {"uv": [0, 0, 1, 2], "texture": "#missing"},
				"east": {"uv": [13, 8, 3, 16], "texture": "#cross"},
				"south": {"uv": [3, 8, 4, 16], "texture": "#cross"},
				"west": {"uv": [13, 8, 3, 16], "texture": "#cross"},
				"up": {"uv": [13, 8, 3, 9], "rotation": 90, "texture": "#cross"},
				"down": {"uv": [3, 15, 13, 16], "rotation": 90, "texture": "#cross"}
			}
		},
		{
			"from": [13, 0, 3],
			"to": [14, 8, 13],
			"rotation": {"angle": 0, "axis": "y", "origin": [12.5, 10, 8]},
			"faces": {
				"north": {"uv": [3, 8, 4, 16], "texture": "#cross"},
				"east": {"uv": [13, 8, 3, 16], "texture": "#cross"},
				"south": {"uv": [0, 0, 1, 2], "texture": "#missing"},
				"west": {"uv": [13, 8, 3, 16], "texture": "#cross"},
				"up": {"uv": [13, 8, 3, 9], "rotation": 270, "texture": "#cross"},
				"down": {"uv": [3, 15, 13, 16], "rotation": 90, "texture": "#cross"}
			}
		}
	],
	"groups": [
		{
			"name": "pointed_dripstone_up_frustum",
			"origin": [8, 8, 8],
			"children": [0, 1, 2, 3, 4, 5, 6, 7, 8, 9, 10, 11, 12, 13, 14, 15]
		},
		{
			"name": "pointed_dripstone_up_frustum",
			"origin": [8, 8, 8],
			"children": [16, 17, 18, 19, 20, 21, 22, 23, 24, 25, 26, 27, 28, 29, 30, 31]
		}, 32, 33, 34, 35, 36, 37]
}