{
	"credit": "Made with Blockbench",
	"parent": "minecraft:block/pointed_dripstone",
	"textures": {
		"cross": "block/pointed_dripstone_up_middle"
	},
	"elements": [
		{
			"name": "pointed_dripstone_up_middle_0",
			"from": [2, 0, 2],
			"to": [14, 1, 3],
			"rotation": {"angle": 0, "axis": "y", "origin": [8, 8, -5]},
			"faces": {
				"north": {"uv": [2, 1, 14, 0], "texture": "#cross"},
				"east": {"uv": [2, 1, 3, 0], "texture": "#cross"},
				"south": {"uv": [2, 0, 14, 1], "rotation": 180, "texture": "#cross"},
				"west": {"uv": [13, 1, 14, 0], "texture": "#cross"},
				"up": {"uv": [2, 1, 14, 0], "rotation": 180, "texture": "#cross"},
				"down": {"uv": [14, 1, 2, 0], "texture": "#cross"}
			}
		},
		{
			"name": "pointed_dripstone_up_middle_1",
			"from": [2, 1, 2],
			"to": [14, 2, 3],
			"rotation": {"angle": 0, "axis": "y", "origin": [8, 8, -5]},
			"faces": {
				"north": {"uv": [2, 2, 14, 1], "texture": "#cross"},
				"east": {"uv": [2, 2, 3, 1], "texture": "#cross"},
				"south": {"uv": [2, 1, 14, 2], "rotation": 180, "texture": "#cross"},
				"west": {"uv": [13, 2, 14, 1], "texture": "#cross"},
				"up": {"uv": [2, 2, 14, 1], "rotation": 180, "texture": "#cross"},
				"down": {"uv": [14, 2, 2, 1], "texture": "#cross"}
			}
		},
		{
			"name": "pointed_dripstone_up_middle_2",
			"from": [2, 2, 2],
			"to": [13, 3, 3],
			"rotation": {"angle": 0, "axis": "y", "origin": [8, 8, -5]},
			"faces": {
				"north": {"uv": [3, 3, 14, 2], "texture": "#cross"},
				"east": {"uv": [3, 3, 4, 2], "texture": "#cross"},
				"south": {"uv": [3, 2, 14, 3], "rotation": 180, "texture": "#cross"},
				"west": {"uv": [13, 3, 14, 2], "texture": "#cross"},
				"up": {"uv": [3, 3, 14, 2], "rotation": 180, "texture": "#cross"},
				"down": {"uv": [14, 3, 3, 2], "texture": "#cross"}
			}
		},
		{
			"name": "pointed_dripstone_up_middle_3",
			"from": [2, 3, 2],
			"to": [13, 4, 3],
			"rotation": {"angle": 0, "axis": "y", "origin": [8, 8, -5]},
			"faces": {
				"north": {"uv": [3, 4, 14, 3], "texture": "#cross"},
				"east": {"uv": [3, 4, 4, 3], "texture": "#cross"},
				"south": {"uv": [3, 3, 14, 4], "rotation": 180, "texture": "#cross"},
				"west": {"uv": [13, 4, 14, 3], "texture": "#cross"},
				"up": {"uv": [3, 4, 14, 3], "rotation": 180, "texture": "#cross"},
				"down": {"uv": [14, 4, 3, 3], "texture": "#cross"}
			}
		},
		{
			"name": "pointed_dripstone_up_middle_4",
			"from": [2, 4, 2],
			"to": [13, 5, 3],
			"rotation": {"angle": 0, "axis": "y", "origin": [8, 8, -5]},
			"faces": {
				"north": {"uv": [3, 5, 14, 4], "texture": "#cross"},
				"east": {"uv": [3, 5, 4, 4], "texture": "#cross"},
				"south": {"uv": [3, 4, 14, 5], "rotation": 180, "texture": "#cross"},
				"west": {"uv": [13, 5, 14, 4], "texture": "#cross"},
				"up": {"uv": [3, 5, 14, 4], "rotation": 180, "texture": "#cross"},
				"down": {"uv": [14, 5, 3, 4], "texture": "#cross"}
			}
		},
		{
			"name": "pointed_dripstone_up_middle_5",
			"from": [2, 5, 2],
			"to": [14, 6, 3],
			"rotation": {"angle": 0, "axis": "y", "origin": [8, 8, -5]},
			"faces": {
				"north": {"uv": [2, 6, 14, 5], "texture": "#cross"},
				"east": {"uv": [2, 6, 3, 5], "texture": "#cross"},
				"south": {"uv": [2, 5, 14, 6], "rotation": 180, "texture": "#cross"},
				"west": {"uv": [13, 6, 14, 5], "texture": "#cross"},
				"up": {"uv": [2, 6, 14, 5], "rotation": 180, "texture": "#cross"},
				"down": {"uv": [14, 6, 2, 5], "texture": "#cross"}
			}
		},
		{
			"name": "pointed_dripstone_up_middle_6",
			"from": [2, 6, 2],
			"to": [14, 7, 3],
			"rotation": {"angle": 0, "axis": "y", "origin": [8, 8, -5]},
			"faces": {
				"north": {"uv": [2, 7, 14, 6], "texture": "#cross"},
				"east": {"uv": [2, 7, 3, 6], "texture": "#cross"},
				"south": {"uv": [2, 6, 14, 7], "rotation": 180, "texture": "#cross"},
				"west": {"uv": [13, 7, 14, 6], "texture": "#cross"},
				"up": {"uv": [2, 7, 14, 6], "rotation": 180, "texture": "#cross"},
				"down": {"uv": [14, 7, 2, 6], "texture": "#cross"}
			}
		},
		{
			"name": "pointed_dripstone_up_middle_7",
			"from": [2, 7, 2],
			"to": [14, 8, 3],
			"rotation": {"angle": 0, "axis": "y", "origin": [8, 8, -5]},
			"faces": {
				"north": {"uv": [2, 8, 14, 7], "texture": "#cross"},
				"east": {"uv": [2, 8, 3, 7], "texture": "#cross"},
				"south": {"uv": [2, 7, 14, 8], "rotation": 180, "texture": "#cross"},
				"west": {"uv": [13, 8, 14, 7], "texture": "#cross"},
				"up": {"uv": [2, 8, 14, 7], "rotation": 180, "texture": "#cross"},
				"down": {"uv": [14, 8, 2, 7], "texture": "#cross"}
			}
		},
		{
			"name": "pointed_dripstone_up_middle_8",
			"from": [2, 8, 2],
			"to": [14, 9, 3],
			"rotation": {"angle": 0, "axis": "y", "origin": [8, 8, -5]},
			"faces": {
				"north": {"uv": [2, 9, 14, 8], "texture": "#cross"},
				"east": {"uv": [2, 9, 3, 8], "texture": "#cross"},
				"south": {"uv": [2, 8, 14, 9], "rotation": 180, "texture": "#cross"},
				"west": {"uv": [13, 9, 14, 8], "texture": "#cross"},
				"up": {"uv": [2, 9, 14, 8], "rotation": 180, "texture": "#cross"},
				"down": {"uv": [14, 9, 2, 8], "texture": "#cross"}
			}
		},
		{
			"name": "pointed_dripstone_up_middle_9",
			"from": [3, 9, 2],
			"to": [14, 10, 3],
			"rotation": {"angle": 0, "axis": "y", "origin": [8, 8, -5]},
			"faces": {
				"north": {"uv": [2, 10, 13, 9], "texture": "#cross"},
				"east": {"uv": [2, 10, 3, 9], "texture": "#cross"},
				"south": {"uv": [2, 9, 13, 10], "rotation": 180, "texture": "#cross"},
				"west": {"uv": [12, 10, 13, 9], "texture": "#cross"},
				"up": {"uv": [2, 10, 13, 9], "rotation": 180, "texture": "#cross"},
				"down": {"uv": [13, 10, 2, 9], "texture": "#cross"}
			}
		},
		{
			"name": "pointed_dripstone_up_middle_10",
			"from": [3, 10, 2],
			"to": [14, 11, 3],
			"rotation": {"angle": 0, "axis": "y", "origin": [8, 8, -5]},
			"faces": {
				"north": {"uv": [2, 11, 13, 10], "texture": "#cross"},
				"east": {"uv": [2, 11, 3, 10], "texture": "#cross"},
				"south": {"uv": [2, 10, 13, 11], "rotation": 180, "texture": "#cross"},
				"west": {"uv": [12, 11, 13, 10], "texture": "#cross"},
				"up": {"uv": [2, 11, 13, 10], "rotation": 180, "texture": "#cross"},
				"down": {"uv": [13, 11, 2, 10], "texture": "#cross"}
			}
		},
		{
			"name": "pointed_dripstone_up_middle_11",
			"from": [3, 11, 2],
			"to": [14, 12, 3],
			"rotation": {"angle": 0, "axis": "y", "origin": [8, 8, -5]},
			"faces": {
				"north": {"uv": [2, 12, 13, 11], "texture": "#cross"},
				"east": {"uv": [2, 12, 3, 11], "texture": "#cross"},
				"south": {"uv": [2, 11, 13, 12], "rotation": 180, "texture": "#cross"},
				"west": {"uv": [12, 12, 13, 11], "texture": "#cross"},
				"up": {"uv": [2, 12, 13, 11], "rotation": 180, "texture": "#cross"},
				"down": {"uv": [13, 12, 2, 11], "texture": "#cross"}
			}
		},
		{
			"name": "pointed_dripstone_up_middle_12",
			"from": [2, 12, 2],
			"to": [14, 13, 3],
			"rotation": {"angle": 0, "axis": "y", "origin": [8, 8, -5]},
			"faces": {
				"north": {"uv": [2, 13, 14, 12], "texture": "#cross"},
				"east": {"uv": [2, 13, 3, 12], "texture": "#cross"},
				"south": {"uv": [2, 12, 14, 13], "rotation": 180, "texture": "#cross"},
				"west": {"uv": [13, 13, 14, 12], "texture": "#cross"},
				"up": {"uv": [2, 13, 14, 12], "rotation": 180, "texture": "#cross"},
				"down": {"uv": [14, 13, 2, 12], "texture": "#cross"}
			}
		},
		{
			"name": "pointed_dripstone_up_middle_13",
			"from": [2, 13, 2],
			"to": [14, 14, 3],
			"rotation": {"angle": 0, "axis": "y", "origin": [8, 8, -5]},
			"faces": {
				"north": {"uv": [2, 14, 14, 13], "texture": "#cross"},
				"east": {"uv": [2, 14, 3, 13], "texture": "#cross"},
				"south": {"uv": [2, 13, 14, 14], "rotation": 180, "texture": "#cross"},
				"west": {"uv": [13, 14, 14, 13], "texture": "#cross"},
				"up": {"uv": [2, 14, 14, 13], "rotation": 180, "texture": "#cross"},
				"down": {"uv": [14, 14, 2, 13], "texture": "#cross"}
			}
		},
		{
			"name": "pointed_dripstone_up_middle_14",
			"from": [2, 14, 2],
			"to": [14, 15, 3],
			"rotation": {"angle": 0, "axis": "y", "origin": [8, 8, -5]},
			"faces": {
				"north": {"uv": [2, 15, 14, 14], "texture": "#cross"},
				"east": {"uv": [2, 15, 3, 14], "texture": "#cross"},
				"south": {"uv": [2, 14, 14, 15], "rotation": 180, "texture": "#cross"},
				"west": {"uv": [13, 15, 14, 14], "texture": "#cross"},
				"up": {"uv": [2, 15, 14, 14], "rotation": 180, "texture": "#cross"},
				"down": {"uv": [14, 15, 2, 14], "texture": "#cross"}
			}
		},
		{
			"name": "pointed_dripstone_up_middle_15",
			"from": [2, 15, 2],
			"to": [14, 16, 3],
			"rotation": {"angle": 0, "axis": "y", "origin": [8, 8, -5]},
			"faces": {
				"north": {"uv": [2, 16, 14, 15], "texture": "#cross"},
				"east": {"uv": [2, 16, 3, 15], "texture": "#cross"},
				"south": {"uv": [2, 15, 14, 16], "rotation": 180, "texture": "#cross"},
				"west": {"uv": [13, 16, 14, 15], "texture": "#cross"},
				"up": {"uv": [2, 16, 14, 15], "rotation": 180, "texture": "#cross"},
				"down": {"uv": [14, 16, 2, 15], "texture": "#cross"}
			}
		},
		{
			"name": "pointed_dripstone_up_middle_1",
			"from": [2, 0, 13],
			"to": [14, 1, 14],
			"rotation": {"angle": 0, "axis": "y", "origin": [8, 8, 13.5]},
			"faces": {
				"north": {"uv": [2, 0, 14, 1], "rotation": 180, "texture": "#cross"},
				"east": {"uv": [13, 1, 14, 0], "texture": "#cross"},
				"south": {"uv": [2, 1, 14, 0], "texture": "#cross"},
				"west": {"uv": [2, 1, 3, 0], "texture": "#cross"},
				"up": {"uv": [2, 1, 14, 0], "texture": "#cross"},
				"down": {"uv": [14, 1, 2, 0], "rotation": 180, "texture": "#cross"}
			}
		},
		{
			"name": "pointed_dripstone_up_middle_2",
			"from": [2, 1, 13],
			"to": [14, 2, 14],
			"rotation": {"angle": 0, "axis": "y", "origin": [8, 8, 13.5]},
			"faces": {
				"north": {"uv": [2, 1, 14, 2], "rotation": 180, "texture": "#cross"},
				"east": {"uv": [13, 2, 14, 1], "texture": "#cross"},
				"south": {"uv": [2, 2, 14, 1], "texture": "#cross"},
				"west": {"uv": [2, 2, 3, 1], "texture": "#cross"},
				"up": {"uv": [2, 2, 14, 1], "texture": "#cross"},
				"down": {"uv": [14, 2, 2, 1], "rotation": 180, "texture": "#cross"}
			}
		},
		{
			"name": "pointed_dripstone_up_middle_3",
			"from": [3, 2, 13],
			"to": [14, 3, 14],
			"rotation": {"angle": 0, "axis": "y", "origin": [8, 8, 13.5]},
			"faces": {
				"north": {"uv": [3, 2, 14, 3], "rotation": 180, "texture": "#cross"},
				"east": {"uv": [13, 3, 14, 2], "texture": "#cross"},
				"south": {"uv": [3, 3, 14, 2], "texture": "#cross"},
				"west": {"uv": [3, 3, 4, 2], "texture": "#cross"},
				"up": {"uv": [3, 3, 14, 2], "texture": "#cross"},
				"down": {"uv": [14, 3, 3, 2], "rotation": 180, "texture": "#cross"}
			}
		},
		{
			"name": "pointed_dripstone_up_middle_4",
			"from": [3, 3, 13],
			"to": [14, 4, 14],
			"rotation": {"angle": 0, "axis": "y", "origin": [8, 8, 13.5]},
			"faces": {
				"north": {"uv": [3, 3, 14, 4], "rotation": 180, "texture": "#cross"},
				"east": {"uv": [13, 4, 14, 3], "texture": "#cross"},
				"south": {"uv": [3, 4, 14, 3], "texture": "#cross"},
				"west": {"uv": [3, 4, 4, 3], "texture": "#cross"},
				"up": {"uv": [3, 4, 14, 3], "texture": "#cross"},
				"down": {"uv": [14, 4, 3, 3], "rotation": 180, "texture": "#cross"}
			}
		},
		{
			"name": "pointed_dripstone_up_middle_5",
			"from": [3, 4, 13],
			"to": [14, 5, 14],
			"rotation": {"angle": 0, "axis": "y", "origin": [8, 8, 13.5]},
			"faces": {
				"north": {"uv": [3, 4, 14, 5], "rotation": 180, "texture": "#cross"},
				"east": {"uv": [13, 5, 14, 4], "texture": "#cross"},
				"south": {"uv": [3, 5, 14, 4], "texture": "#cross"},
				"west": {"uv": [3, 5, 4, 4], "texture": "#cross"},
				"up": {"uv": [3, 5, 14, 4], "texture": "#cross"},
				"down": {"uv": [14, 5, 3, 4], "rotation": 180, "texture": "#cross"}
			}
		},
		{
			"name": "pointed_dripstone_up_middle_6",
			"from": [2, 5, 13],
			"to": [14, 6, 14],
			"rotation": {"angle": 0, "axis": "y", "origin": [8, 8, 13.5]},
			"faces": {
				"north": {"uv": [2, 5, 14, 6], "rotation": 180, "texture": "#cross"},
				"east": {"uv": [13, 6, 14, 5], "texture": "#cross"},
				"south": {"uv": [2, 6, 14, 5], "texture": "#cross"},
				"west": {"uv": [2, 6, 3, 5], "texture": "#cross"},
				"up": {"uv": [2, 6, 14, 5], "texture": "#cross"},
				"down": {"uv": [14, 6, 2, 5], "rotation": 180, "texture": "#cross"}
			}
		},
		{
			"name": "pointed_dripstone_up_middle_7",
			"from": [2, 6, 13],
			"to": [14, 7, 14],
			"rotation": {"angle": 0, "axis": "y", "origin": [8, 8, 13.5]},
			"faces": {
				"north": {"uv": [2, 6, 14, 7], "rotation": 180, "texture": "#cross"},
				"east": {"uv": [13, 7, 14, 6], "texture": "#cross"},
				"south": {"uv": [2, 7, 14, 6], "texture": "#cross"},
				"west": {"uv": [2, 7, 3, 6], "texture": "#cross"},
				"up": {"uv": [2, 7, 14, 6], "texture": "#cross"},
				"down": {"uv": [14, 7, 2, 6], "rotation": 180, "texture": "#cross"}
			}
		},
		{
			"name": "pointed_dripstone_up_middle_8",
			"from": [2, 7, 13],
			"to": [14, 8, 14],
			"rotation": {"angle": 0, "axis": "y", "origin": [8, 8, 13.5]},
			"faces": {
				"north": {"uv": [2, 7, 14, 8], "rotation": 180, "texture": "#cross"},
				"east": {"uv": [13, 8, 14, 7], "texture": "#cross"},
				"south": {"uv": [2, 8, 14, 7], "texture": "#cross"},
				"west": {"uv": [2, 8, 3, 7], "texture": "#cross"},
				"up": {"uv": [2, 8, 14, 7], "texture": "#cross"},
				"down": {"uv": [14, 8, 2, 7], "rotation": 180, "texture": "#cross"}
			}
		},
		{
			"name": "pointed_dripstone_up_middle_9",
			"from": [2, 8, 13],
			"to": [14, 9, 14],
			"rotation": {"angle": 0, "axis": "y", "origin": [8, 8, 13.5]},
			"faces": {
				"north": {"uv": [2, 8, 14, 9], "rotation": 180, "texture": "#cross"},
				"east": {"uv": [13, 9, 14, 8], "texture": "#cross"},
				"south": {"uv": [2, 9, 14, 8], "texture": "#cross"},
				"west": {"uv": [2, 9, 3, 8], "texture": "#cross"},
				"up": {"uv": [2, 9, 14, 8], "texture": "#cross"},
				"down": {"uv": [14, 9, 2, 8], "rotation": 180, "texture": "#cross"}
			}
		},
		{
			"name": "pointed_dripstone_up_middle_10",
			"from": [2, 9, 13],
			"to": [13, 10, 14],
			"rotation": {"angle": 0, "axis": "y", "origin": [8, 8, 13.5]},
			"faces": {
				"north": {"uv": [2, 9, 13, 10], "rotation": 180, "texture": "#cross"},
				"east": {"uv": [12, 10, 13, 9], "texture": "#cross"},
				"south": {"uv": [2, 10, 13, 9], "texture": "#cross"},
				"west": {"uv": [2, 10, 3, 9], "texture": "#cross"},
				"up": {"uv": [2, 10, 13, 9], "texture": "#cross"},
				"down": {"uv": [13, 10, 2, 9], "rotation": 180, "texture": "#cross"}
			}
		},
		{
			"name": "pointed_dripstone_up_middle_11",
			"from": [2, 10, 13],
			"to": [13, 11, 14],
			"rotation": {"angle": 0, "axis": "y", "origin": [8, 8, 13.5]},
			"faces": {
				"north": {"uv": [2, 10, 13, 11], "rotation": 180, "texture": "#cross"},
				"east": {"uv": [12, 11, 13, 10], "texture": "#cross"},
				"south": {"uv": [2, 11, 13, 10], "texture": "#cross"},
				"west": {"uv": [2, 11, 3, 10], "texture": "#cross"},
				"up": {"uv": [2, 11, 13, 10], "texture": "#cross"},
				"down": {"uv": [13, 11, 2, 10], "rotation": 180, "texture": "#cross"}
			}
		},
		{
			"name": "pointed_dripstone_up_middle_12",
			"from": [2, 11, 13],
			"to": [13, 12, 14],
			"rotation": {"angle": 0, "axis": "y", "origin": [8, 8, 13.5]},
			"faces": {
				"north": {"uv": [2, 11, 13, 12], "rotation": 180, "texture": "#cross"},
				"east": {"uv": [12, 12, 13, 11], "texture": "#cross"},
				"south": {"uv": [2, 12, 13, 11], "texture": "#cross"},
				"west": {"uv": [2, 12, 3, 11], "texture": "#cross"},
				"up": {"uv": [2, 12, 13, 11], "texture": "#cross"},
				"down": {"uv": [13, 12, 2, 11], "rotation": 180, "texture": "#cross"}
			}
		},
		{
			"name": "pointed_dripstone_up_middle_13",
			"from": [2, 12, 13],
			"to": [14, 13, 14],
			"rotation": {"angle": 0, "axis": "y", "origin": [8, 8, 13.5]},
			"faces": {
				"north": {"uv": [2, 12, 14, 13], "rotation": 180, "texture": "#cross"},
				"east": {"uv": [13, 13, 14, 12], "texture": "#cross"},
				"south": {"uv": [2, 13, 14, 12], "texture": "#cross"},
				"west": {"uv": [2, 13, 3, 12], "texture": "#cross"},
				"up": {"uv": [2, 13, 14, 12], "texture": "#cross"},
				"down": {"uv": [14, 13, 2, 12], "rotation": 180, "texture": "#cross"}
			}
		},
		{
			"name": "pointed_dripstone_up_middle_14",
			"from": [2, 13, 13],
			"to": [14, 14, 14],
			"rotation": {"angle": 0, "axis": "y", "origin": [8, 8, 13.5]},
			"faces": {
				"north": {"uv": [2, 13, 14, 14], "rotation": 180, "texture": "#cross"},
				"east": {"uv": [13, 14, 14, 13], "texture": "#cross"},
				"south": {"uv": [2, 14, 14, 13], "texture": "#cross"},
				"west": {"uv": [2, 14, 3, 13], "texture": "#cross"},
				"up": {"uv": [2, 14, 14, 13], "texture": "#cross"},
				"down": {"uv": [14, 14, 2, 13], "rotation": 180, "texture": "#cross"}
			}
		},
		{
			"name": "pointed_dripstone_up_middle_15",
			"from": [2, 14, 13],
			"to": [14, 15, 14],
			"rotation": {"angle": 0, "axis": "y", "origin": [8, 8, 13.5]},
			"faces": {
				"north": {"uv": [2, 14, 14, 15], "rotation": 180, "texture": "#cross"},
				"east": {"uv": [13, 15, 14, 14], "texture": "#cross"},
				"south": {"uv": [2, 15, 14, 14], "texture": "#cross"},
				"west": {"uv": [2, 15, 3, 14], "texture": "#cross"},
				"up": {"uv": [2, 15, 14, 14], "texture": "#cross"},
				"down": {"uv": [14, 15, 2, 14], "rotation": 180, "texture": "#cross"}
			}
		},
		{
			"name": "pointed_dripstone_up_middle_16",
			"from": [2, 15, 13],
			"to": [14, 16, 14],
			"rotation": {"angle": 0, "axis": "y", "origin": [8, 8, 13.5]},
			"faces": {
				"north": {"uv": [2, 15, 14, 16], "rotation": 180, "texture": "#cross"},
				"east": {"uv": [13, 16, 14, 15], "texture": "#cross"},
				"south": {"uv": [2, 16, 14, 15], "texture": "#cross"},
				"west": {"uv": [2, 16, 3, 15], "texture": "#cross"},
				"up": {"uv": [2, 16, 14, 15], "texture": "#cross"},
				"down": {"uv": [14, 16, 2, 15], "rotation": 180, "texture": "#cross"}
			}
		},
		{
			"from": [2, 0, 3],
			"to": [3, 16, 13],
			"rotation": {"angle": 0, "axis": "y", "origin": [10, 8, 11]},
			"faces": {
				"north": {"uv": [12, 16, 13, 0], "texture": "#cross"},
				"east": {"uv": [13, 16, 3, 0], "texture": "#cross"},
				"south": {"uv": [3, 16, 4, 0], "texture": "#cross"},
				"west": {"uv": [13, 16, 3, 0], "texture": "#cross"},
				"up": {"uv": [2, 0, 14, 1], "rotation": 90, "texture": "#cross"},
				"down": {"uv": [2, 0, 14, 1], "rotation": 90, "texture": "#cross"}
			}
		},
		{
			"from": [13, 0, 3],
			"to": [14, 16, 13],
			"rotation": {"angle": 0, "axis": "y", "origin": [13.5, 8, 8]},
			"faces": {
				"north": {"uv": [3, 16, 4, 0], "texture": "#cross"},
				"east": {"uv": [13, 16, 3, 0], "texture": "#cross"},
				"south": {"uv": [12, 16, 13, 0], "texture": "#cross"},
				"west": {"uv": [13, 16, 3, 0], "texture": "#cross"},
				"up": {"uv": [2, 0, 14, 1], "rotation": 90, "texture": "#cross"},
				"down": {"uv": [2, 0, 14, 1], "rotation": 90, "texture": "#cross"}
			}
		}
	],
	"groups": [
		{
			"name": "pointed_dripstone_up_middle",
			"origin": [8, 8, 8],
			"children": [0, 1, 2, 3, 4, 5, 6, 7, 8, 9, 10, 11, 12, 13, 14, 15]
		},
		{
			"name": "pointed_dripstone_up_middle",
			"origin": [8, 8, 8],
			"children": [16, 17, 18, 19, 20, 21, 22, 23, 24, 25, 26, 27, 28, 29, 30, 31]
		}, 32, 33]
}