{
	"credit": "Made with Blockbench",
	"parent": "minecraft:block/pointed_dripstone",
	"textures": {
		"1": "block/dripstone_block",
		"particle": "block/pointed_dripstone_up_base",
		"cross": "block/pointed_dripstone_up_base"
	},
	"elements": [
		{
			"name": "pointed_dripstone_up_base_0",
			"from": [2, 15, 1],
			"to": [14, 16, 2],
			"rotation": {"angle": 0, "axis": "x", "origin": [8, 8, -6]},
			"faces": {
				"north": {"uv": [2, 0, 14, 1], "texture": "#cross"},
				"east": {"uv": [2, 0, 3, 1], "texture": "#cross"},
				"south": {"uv": [2, 1, 14, 0], "rotation": 180, "texture": "#cross"},
				"west": {"uv": [13, 0, 14, 1], "texture": "#cross"},
				"up": {"uv": [14, 0, 2, 1], "texture": "#cross"},
				"down": {"uv": [2, 0, 14, 1], "rotation": 180, "texture": "#cross"}
			}
		},
		{
			"name": "pointed_dripstone_up_base_1",
			"from": [2, 14, 1],
			"to": [15, 15, 2],
			"rotation": {"angle": 0, "axis": "x", "origin": [8, 8, -6]},
			"faces": {
				"north": {"uv": [1, 1, 14, 2], "texture": "#cross"},
				"east": {"uv": [1, 1, 2, 2], "texture": "#cross"},
				"south": {"uv": [1, 2, 14, 1], "rotation": 180, "texture": "#cross"},
				"west": {"uv": [13, 1, 14, 2], "texture": "#cross"},
				"up": {"uv": [14, 1, 1, 2], "texture": "#cross"},
				"down": {"uv": [1, 1, 14, 2], "rotation": 180, "texture": "#cross"}
			}
		},
		{
			"name": "pointed_dripstone_up_base_2",
			"from": [1, 13, 1],
			"to": [15, 14, 2],
			"rotation": {"angle": 0, "axis": "x", "origin": [8, 8, -6]},
			"faces": {
				"north": {"uv": [1, 2, 15, 3], "texture": "#cross"},
				"east": {"uv": [1, 2, 2, 3], "texture": "#cross"},
				"south": {"uv": [1, 3, 15, 2], "rotation": 180, "texture": "#cross"},
				"west": {"uv": [14, 2, 15, 3], "texture": "#cross"},
				"up": {"uv": [15, 2, 1, 3], "texture": "#cross"},
				"down": {"uv": [1, 2, 15, 3], "rotation": 180, "texture": "#cross"}
			}
		},
		{
			"name": "pointed_dripstone_up_base_3",
			"from": [1, 12, 1],
			"to": [15, 13, 2],
			"rotation": {"angle": 0, "axis": "x", "origin": [8, 8, -6]},
			"faces": {
				"north": {"uv": [1, 3, 15, 4], "texture": "#cross"},
				"east": {"uv": [1, 3, 2, 4], "texture": "#cross"},
				"south": {"uv": [1, 4, 15, 3], "rotation": 180, "texture": "#cross"},
				"west": {"uv": [14, 3, 15, 4], "texture": "#cross"},
				"up": {"uv": [15, 3, 1, 4], "texture": "#cross"},
				"down": {"uv": [1, 3, 15, 4], "rotation": 180, "texture": "#cross"}
			}
		},
		{
			"name": "pointed_dripstone_up_base_4",
			"from": [1, 11, 1],
			"to": [15, 12, 2],
			"rotation": {"angle": 0, "axis": "x", "origin": [8, 8, -6]},
			"faces": {
				"north": {"uv": [1, 4, 15, 5], "texture": "#cross"},
				"east": {"uv": [1, 4, 2, 5], "texture": "#cross"},
				"south": {"uv": [1, 5, 15, 4], "rotation": 180, "texture": "#cross"},
				"west": {"uv": [14, 4, 15, 5], "texture": "#cross"},
				"up": {"uv": [15, 4, 1, 5], "texture": "#cross"},
				"down": {"uv": [1, 4, 15, 5], "rotation": 180, "texture": "#cross"}
			}
		},
		{
			"name": "pointed_dripstone_up_base_5",
			"from": [1, 10, 1],
			"to": [15, 11, 2],
			"rotation": {"angle": 0, "axis": "x", "origin": [8, 8, -6]},
			"faces": {
				"north": {"uv": [1, 5, 15, 6], "texture": "#cross"},
				"east": {"uv": [1, 5, 2, 6], "texture": "#cross"},
				"south": {"uv": [1, 6, 15, 5], "rotation": 180, "texture": "#cross"},
				"west": {"uv": [14, 5, 15, 6], "texture": "#cross"},
				"up": {"uv": [15, 5, 1, 6], "texture": "#cross"},
				"down": {"uv": [1, 5, 15, 6], "rotation": 180, "texture": "#cross"}
			}
		},
		{
			"name": "pointed_dripstone_up_base_6",
			"from": [1, 9, 1],
			"to": [15, 10, 2],
			"rotation": {"angle": 0, "axis": "x", "origin": [8, 8, -6]},
			"faces": {
				"north": {"uv": [1, 6, 15, 7], "texture": "#cross"},
				"east": {"uv": [1, 6, 2, 7], "texture": "#cross"},
				"south": {"uv": [1, 7, 15, 6], "rotation": 180, "texture": "#cross"},
				"west": {"uv": [14, 6, 15, 7], "texture": "#cross"},
				"up": {"uv": [15, 6, 1, 7], "texture": "#cross"},
				"down": {"uv": [1, 6, 15, 7], "rotation": 180, "texture": "#cross"}
			}
		},
		{
			"name": "pointed_dripstone_up_base_7",
			"from": [1, 8, 1],
			"to": [15, 9, 2],
			"rotation": {"angle": 0, "axis": "x", "origin": [8, 8, -6]},
			"faces": {
				"north": {"uv": [1, 7, 15, 8], "texture": "#cross"},
				"east": {"uv": [1, 7, 2, 8], "texture": "#cross"},
				"south": {"uv": [1, 8, 15, 7], "rotation": 180, "texture": "#cross"},
				"west": {"uv": [14, 7, 15, 8], "texture": "#cross"},
				"up": {"uv": [15, 7, 1, 8], "texture": "#cross"},
				"down": {"uv": [1, 7, 15, 8], "rotation": 180, "texture": "#cross"}
			}
		},
		{
			"name": "pointed_dripstone_up_base_8",
			"from": [1, 7, 1],
			"to": [15, 8, 2],
			"rotation": {"angle": 0, "axis": "x", "origin": [8, 8, -6]},
			"faces": {
				"north": {"uv": [1, 8, 15, 9], "texture": "#cross"},
				"east": {"uv": [1, 8, 2, 9], "texture": "#cross"},
				"south": {"uv": [1, 9, 15, 8], "rotation": 180, "texture": "#cross"},
				"west": {"uv": [14, 8, 15, 9], "texture": "#cross"},
				"up": {"uv": [15, 8, 1, 9], "texture": "#cross"},
				"down": {"uv": [1, 8, 15, 9], "rotation": 180, "texture": "#cross"}
			}
		},
		{
			"name": "pointed_dripstone_up_base_9",
			"from": [1, 6, 1],
			"to": [15, 7, 2],
			"rotation": {"angle": 0, "axis": "x", "origin": [8, 8, -6]},
			"faces": {
				"north": {"uv": [1, 9, 15, 10], "texture": "#cross"},
				"east": {"uv": [1, 9, 2, 10], "texture": "#cross"},
				"south": {"uv": [1, 10, 15, 9], "rotation": 180, "texture": "#cross"},
				"west": {"uv": [14, 9, 15, 10], "texture": "#cross"},
				"up": {"uv": [15, 9, 1, 10], "texture": "#cross"},
				"down": {"uv": [1, 9, 15, 10], "rotation": 180, "texture": "#cross"}
			}
		},
		{
			"name": "pointed_dripstone_up_base_10",
			"from": [1, 5, 1],
			"to": [15, 6, 2],
			"rotation": {"angle": 0, "axis": "x", "origin": [8, 8, -6]},
			"faces": {
				"north": {"uv": [1, 10, 15, 11], "texture": "#cross"},
				"east": {"uv": [1, 10, 2, 11], "texture": "#cross"},
				"south": {"uv": [1, 11, 15, 10], "rotation": 180, "texture": "#cross"},
				"west": {"uv": [14, 10, 15, 11], "texture": "#cross"},
				"up": {"uv": [15, 10, 1, 11], "texture": "#cross"},
				"down": {"uv": [1, 10, 15, 11], "rotation": 180, "texture": "#cross"}
			}
		},
		{
			"name": "pointed_dripstone_up_base_11",
			"from": [1, 4, 0],
			"to": [16, 5, 1],
			"rotation": {"angle": 0, "axis": "x", "origin": [8, 8, -7]},
			"faces": {
				"north": {"uv": [0, 11, 15, 12], "texture": "#cross"},
				"east": {"uv": [0, 11, 1, 12], "texture": "#cross"},
				"south": {"uv": [0, 12, 15, 11], "rotation": 180, "texture": "#cross"},
				"west": {"uv": [14, 11, 15, 12], "texture": "#cross"},
				"up": {"uv": [15, 11, 0, 12], "texture": "#cross"},
				"down": {"uv": [0, 11, 15, 12], "rotation": 180, "texture": "#cross"}
			}
		},
		{
			"name": "pointed_dripstone_up_base_12",
			"from": [0, 3, 0],
			"to": [16, 4, 1],
			"rotation": {"angle": 0, "axis": "x", "origin": [8, 8, -7]},
			"faces": {
				"north": {"uv": [0, 12, 16, 13], "texture": "#cross"},
				"east": {"uv": [0, 12, 1, 13], "texture": "#cross"},
				"south": {"uv": [0, 13, 16, 12], "rotation": 180, "texture": "#cross"},
				"west": {"uv": [15, 12, 16, 13], "texture": "#cross"},
				"up": {"uv": [16, 12, 0, 13], "texture": "#cross"},
				"down": {"uv": [0, 12, 16, 13], "rotation": 180, "texture": "#cross"}
			}
		},
		{
			"name": "pointed_dripstone_up_base_13",
			"from": [0, 2, 0],
			"to": [16, 3, 1],
			"rotation": {"angle": 0, "axis": "x", "origin": [8, 8, -7]},
			"faces": {
				"north": {"uv": [0, 13, 16, 14], "texture": "#cross"},
				"east": {"uv": [0, 13, 1, 14], "texture": "#cross"},
				"south": {"uv": [0, 14, 16, 13], "rotation": 180, "texture": "#cross"},
				"west": {"uv": [15, 13, 16, 14], "texture": "#cross"},
				"up": {"uv": [16, 13, 0, 14], "texture": "#cross"},
				"down": {"uv": [0, 13, 16, 14], "rotation": 180, "texture": "#cross"}
			}
		},
		{
			"name": "pointed_dripstone_up_base_14",
			"from": [0, 1, 0],
			"to": [16, 2, 1],
			"rotation": {"angle": 0, "axis": "x", "origin": [8, 8, -7]},
			"faces": {
				"north": {"uv": [0, 14, 16, 15], "texture": "#cross"},
				"east": {"uv": [0, 14, 1, 15], "texture": "#cross"},
				"south": {"uv": [0, 15, 16, 14], "rotation": 180, "texture": "#cross"},
				"west": {"uv": [15, 14, 16, 15], "texture": "#cross"},
				"up": {"uv": [16, 14, 0, 15], "texture": "#cross"},
				"down": {"uv": [0, 14, 16, 15], "rotation": 180, "texture": "#cross"}
			}
		},
		{
			"name": "pointed_dripstone_up_base_15",
			"from": [0, 0, 0],
			"to": [16, 1, 1],
			"rotation": {"angle": 0, "axis": "x", "origin": [8, 8, -7]},
			"faces": {
				"north": {"uv": [0, 15, 16, 16], "texture": "#cross"},
				"east": {"uv": [0, 15, 1, 16], "texture": "#cross"},
				"south": {"uv": [0, 16, 16, 15], "rotation": 180, "texture": "#cross"},
				"west": {"uv": [15, 15, 16, 16], "texture": "#cross"},
				"up": {"uv": [16, 15, 0, 16], "texture": "#cross"}
			}
		},
		{
			"name": "pointed_dripstone_up_base_1",
			"from": [2, 15, 14],
			"to": [14, 16, 15],
			"rotation": {"angle": 0, "axis": "y", "origin": [8, 8, 22]},
			"faces": {
				"north": {"uv": [2, 1, 14, 0], "rotation": 180, "texture": "#cross"},
				"east": {"uv": [13, 0, 14, 1], "texture": "#cross"},
				"south": {"uv": [2, 0, 14, 1], "texture": "#cross"},
				"west": {"uv": [2, 0, 3, 1], "texture": "#cross"},
				"up": {"uv": [14, 0, 2, 1], "rotation": 180, "texture": "#cross"},
				"down": {"uv": [2, 0, 14, 1], "texture": "#cross"}
			}
		},
		{
			"name": "pointed_dripstone_up_base_2",
			"from": [1, 14, 14],
			"to": [14, 15, 15],
			"rotation": {"angle": 0, "axis": "y", "origin": [8, 8, 22]},
			"faces": {
				"north": {"uv": [1, 2, 14, 1], "rotation": 180, "texture": "#cross"},
				"east": {"uv": [13, 1, 14, 2], "texture": "#cross"},
				"south": {"uv": [1, 1, 14, 2], "texture": "#cross"},
				"west": {"uv": [1, 1, 2, 2], "texture": "#cross"},
				"up": {"uv": [14, 1, 1, 2], "rotation": 180, "texture": "#cross"},
				"down": {"uv": [1, 1, 14, 2], "texture": "#cross"}
			}
		},
		{
			"name": "pointed_dripstone_up_base_3",
			"from": [1, 13, 14],
			"to": [15, 14, 15],
			"rotation": {"angle": 0, "axis": "y", "origin": [8, 8, 22]},
			"faces": {
				"north": {"uv": [1, 3, 15, 2], "rotation": 180, "texture": "#cross"},
				"east": {"uv": [14, 2, 15, 3], "texture": "#cross"},
				"south": {"uv": [1, 2, 15, 3], "texture": "#cross"},
				"west": {"uv": [1, 2, 2, 3], "texture": "#cross"},
				"up": {"uv": [15, 2, 1, 3], "rotation": 180, "texture": "#cross"},
				"down": {"uv": [1, 2, 15, 3], "texture": "#cross"}
			}
		},
		{
			"name": "pointed_dripstone_up_base_4",
			"from": [1, 12, 14],
			"to": [15, 13, 15],
			"rotation": {"angle": 0, "axis": "y", "origin": [8, 8, 22]},
			"faces": {
				"north": {"uv": [1, 4, 15, 3], "rotation": 180, "texture": "#cross"},
				"east": {"uv": [14, 3, 15, 4], "texture": "#cross"},
				"south": {"uv": [1, 3, 15, 4], "texture": "#cross"},
				"west": {"uv": [1, 3, 2, 4], "texture": "#cross"},
				"up": {"uv": [15, 3, 1, 4], "rotation": 180, "texture": "#cross"},
				"down": {"uv": [1, 3, 15, 4], "texture": "#cross"}
			}
		},
		{
			"name": "pointed_dripstone_up_base_5",
			"from": [1, 11, 14],
			"to": [15, 12, 15],
			"rotation": {"angle": 0, "axis": "y", "origin": [8, 8, 22]},
			"faces": {
				"north": {"uv": [1, 5, 15, 4], "rotation": 180, "texture": "#cross"},
				"east": {"uv": [14, 4, 15, 5], "texture": "#cross"},
				"south": {"uv": [1, 4, 15, 5], "texture": "#cross"},
				"west": {"uv": [1, 4, 2, 5], "texture": "#cross"},
				"up": {"uv": [15, 4, 1, 5], "rotation": 180, "texture": "#cross"},
				"down": {"uv": [1, 4, 15, 5], "texture": "#cross"}
			}
		},
		{
			"name": "pointed_dripstone_up_base_6",
			"from": [1, 10, 14],
			"to": [15, 11, 15],
			"rotation": {"angle": 0, "axis": "y", "origin": [8, 8, 22]},
			"faces": {
				"north": {"uv": [1, 6, 15, 5], "rotation": 180, "texture": "#cross"},
				"east": {"uv": [14, 5, 15, 6], "texture": "#cross"},
				"south": {"uv": [1, 5, 15, 6], "texture": "#cross"},
				"west": {"uv": [1, 5, 2, 6], "texture": "#cross"},
				"up": {"uv": [15, 5, 1, 6], "rotation": 180, "texture": "#cross"},
				"down": {"uv": [1, 5, 15, 6], "texture": "#cross"}
			}
		},
		{
			"name": "pointed_dripstone_up_base_7",
			"from": [1, 9, 14],
			"to": [15, 10, 15],
			"rotation": {"angle": 0, "axis": "y", "origin": [8, 8, 22]},
			"faces": {
				"north": {"uv": [1, 7, 15, 6], "rotation": 180, "texture": "#cross"},
				"east": {"uv": [14, 6, 15, 7], "texture": "#cross"},
				"south": {"uv": [1, 6, 15, 7], "texture": "#cross"},
				"west": {"uv": [1, 6, 2, 7], "texture": "#cross"},
				"up": {"uv": [15, 6, 1, 7], "rotation": 180, "texture": "#cross"},
				"down": {"uv": [1, 6, 15, 7], "texture": "#cross"}
			}
		},
		{
			"name": "pointed_dripstone_up_base_8",
			"from": [1, 8, 14],
			"to": [15, 9, 15],
			"rotation": {"angle": 0, "axis": "y", "origin": [8, 8, 22]},
			"faces": {
				"north": {"uv": [1, 8, 15, 7], "rotation": 180, "texture": "#cross"},
				"east": {"uv": [14, 7, 15, 8], "texture": "#cross"},
				"south": {"uv": [1, 7, 15, 8], "texture": "#cross"},
				"west": {"uv": [1, 7, 2, 8], "texture": "#cross"},
				"up": {"uv": [15, 7, 1, 8], "rotation": 180, "texture": "#cross"},
				"down": {"uv": [1, 7, 15, 8], "texture": "#cross"}
			}
		},
		{
			"name": "pointed_dripstone_up_base_9",
			"from": [1, 7, 14],
			"to": [15, 8, 15],
			"rotation": {"angle": 0, "axis": "y", "origin": [8, 8, 22]},
			"faces": {
				"north": {"uv": [1, 9, 15, 8], "rotation": 180, "texture": "#cross"},
				"east": {"uv": [14, 8, 15, 9], "texture": "#cross"},
				"south": {"uv": [1, 8, 15, 9], "texture": "#cross"},
				"west": {"uv": [1, 8, 2, 9], "texture": "#cross"},
				"up": {"uv": [15, 8, 1, 9], "rotation": 180, "texture": "#cross"},
				"down": {"uv": [1, 8, 15, 9], "texture": "#cross"}
			}
		},
		{
			"name": "pointed_dripstone_up_base_10",
			"from": [1, 6, 14],
			"to": [15, 7, 15],
			"rotation": {"angle": 0, "axis": "y", "origin": [8, 8, 22]},
			"faces": {
				"north": {"uv": [1, 10, 15, 9], "rotation": 180, "texture": "#cross"},
				"east": {"uv": [14, 9, 15, 10], "texture": "#cross"},
				"south": {"uv": [1, 9, 15, 10], "texture": "#cross"},
				"west": {"uv": [1, 9, 2, 10], "texture": "#cross"},
				"up": {"uv": [15, 9, 1, 10], "rotation": 180, "texture": "#cross"},
				"down": {"uv": [1, 9, 15, 10], "texture": "#cross"}
			}
		},
		{
			"name": "pointed_dripstone_up_base_11",
			"from": [1, 5, 14],
			"to": [15, 6, 15],
			"rotation": {"angle": 0, "axis": "y", "origin": [8, 8, 22]},
			"faces": {
				"north": {"uv": [1, 11, 15, 10], "rotation": 180, "texture": "#cross"},
				"east": {"uv": [14, 10, 15, 11], "texture": "#cross"},
				"south": {"uv": [1, 10, 15, 11], "texture": "#cross"},
				"west": {"uv": [1, 10, 2, 11], "texture": "#cross"},
				"up": {"uv": [15, 10, 1, 11], "rotation": 180, "texture": "#cross"},
				"down": {"uv": [1, 10, 15, 11], "texture": "#cross"}
			}
		},
		{
			"name": "pointed_dripstone_up_base_12",
			"from": [0, 4, 15],
			"to": [15, 5, 16],
			"rotation": {"angle": 0, "axis": "y", "origin": [8, 8, 23]},
			"faces": {
				"north": {"uv": [0, 12, 15, 11], "rotation": 180, "texture": "#cross"},
				"east": {"uv": [14, 11, 15, 12], "texture": "#cross"},
				"south": {"uv": [0, 11, 15, 12], "texture": "#cross"},
				"west": {"uv": [0, 11, 1, 12], "texture": "#cross"},
				"up": {"uv": [15, 11, 0, 12], "rotation": 180, "texture": "#cross"},
				"down": {"uv": [0, 11, 15, 12], "texture": "#cross"}
			}
		},
		{
			"name": "pointed_dripstone_up_base_13",
			"from": [0, 3, 15],
			"to": [16, 4, 16],
			"rotation": {"angle": 0, "axis": "y", "origin": [8, 8, 23]},
			"faces": {
				"north": {"uv": [0, 13, 16, 12], "rotation": 180, "texture": "#cross"},
				"east": {"uv": [15, 12, 16, 13], "texture": "#cross"},
				"south": {"uv": [0, 12, 16, 13], "texture": "#cross"},
				"west": {"uv": [0, 12, 1, 13], "texture": "#cross"},
				"up": {"uv": [16, 12, 0, 13], "rotation": 180, "texture": "#cross"},
				"down": {"uv": [0, 12, 16, 13], "texture": "#cross"}
			}
		},
		{
			"name": "pointed_dripstone_up_base_14",
			"from": [0, 2, 15],
			"to": [16, 3, 16],
			"rotation": {"angle": 0, "axis": "y", "origin": [8, 8, 23]},
			"faces": {
				"north": {"uv": [0, 14, 16, 13], "rotation": 180, "texture": "#cross"},
				"east": {"uv": [15, 13, 16, 14], "texture": "#cross"},
				"south": {"uv": [0, 13, 16, 14], "texture": "#cross"},
				"west": {"uv": [0, 13, 1, 14], "texture": "#cross"},
				"up": {"uv": [16, 13, 0, 14], "rotation": 180, "texture": "#cross"},
				"down": {"uv": [0, 13, 16, 14], "texture": "#cross"}
			}
		},
		{
			"name": "pointed_dripstone_up_base_15",
			"from": [0, 1, 15],
			"to": [16, 2, 16],
			"rotation": {"angle": 0, "axis": "y", "origin": [8, 8, 23]},
			"faces": {
				"north": {"uv": [0, 15, 16, 14], "rotation": 180, "texture": "#cross"},
				"east": {"uv": [15, 14, 16, 15], "texture": "#cross"},
				"south": {"uv": [0, 14, 16, 15], "texture": "#cross"},
				"west": {"uv": [0, 14, 1, 15], "texture": "#cross"},
				"up": {"uv": [16, 14, 0, 15], "rotation": 180, "texture": "#cross"},
				"down": {"uv": [0, 14, 16, 15], "texture": "#cross"}
			}
		},
		{
			"name": "pointed_dripstone_up_base_16",
			"from": [0, 0, 15],
			"to": [16, 1, 16],
			"rotation": {"angle": 0, "axis": "y", "origin": [8, 8, 23]},
			"faces": {
				"north": {"uv": [0, 16, 16, 15], "rotation": 180, "texture": "#cross"},
				"east": {"uv": [15, 15, 16, 16], "texture": "#cross"},
				"south": {"uv": [0, 15, 16, 16], "texture": "#cross"},
				"west": {"uv": [0, 15, 1, 16], "texture": "#cross"},
				"up": {"uv": [16, 15, 0, 16], "rotation": 180, "texture": "#cross"}
			}
		},
		{
			"from": [0, 0, 0],
			"to": [16, 0, 16],
			"faces": {
				"north": {"uv": [0, 0, 16, 0], "texture": "#missing"},
				"east": {"uv": [0, 0, 16, 0], "texture": "#missing"},
				"south": {"uv": [0, 0, 16, 0], "texture": "#missing"},
				"west": {"uv": [0, 0, 16, 0], "texture": "#missing"},
				"up": {"uv": [0, 0, 16, 16], "texture": "#1"},
				"down": {"uv": [0, 0, 15, 16], "texture": "#1"}
			}
		},
		{
			"from": [0, 0, 1],
			"to": [1, 5, 15],
			"rotation": {"angle": 0, "axis": "y", "origin": [8, 8, 9]},
			"faces": {
				"north": {"uv": [14, 11, 15, 16], "texture": "#cross"},
				"east": {"uv": [15, 11, 1, 16], "texture": "#cross"},
				"south": {"uv": [0, 0, 1, 5], "texture": "#missing"},
				"west": {"uv": [15, 11, 1, 16], "texture": "#cross"},
				"up": {"uv": [15, 11, 1, 12], "rotation": 90, "texture": "#cross"}
			}
		},
		{
			"from": [15, 0, 1],
			"to": [16, 5, 15],
			"rotation": {"angle": 0, "axis": "y", "origin": [8, 8, 7]},
			"faces": {
				"north": {"uv": [0, 0, 1, 5], "texture": "#missing"},
				"east": {"uv": [15, 11, 1, 16], "texture": "#cross"},
				"south": {"uv": [14, 11, 15, 16], "texture": "#cross"},
				"west": {"uv": [15, 11, 1, 16], "texture": "#cross"},
				"up": {"uv": [15, 11, 1, 12], "rotation": 270, "texture": "#cross"}
			}
		},
		{
			"from": [1, 5, 2],
			"to": [2, 14, 14],
			"rotation": {"angle": 0, "axis": "y", "origin": [9, 13, 10]},
			"faces": {
				"north": {"uv": [0, 0, 1, 9], "texture": "#missing"},
				"east": {"uv": [14, 2, 2, 11], "texture": "#cross"},
				"south": {"uv": [0, 0, 1, 9], "texture": "#missing"},
				"west": {"uv": [14, 2, 2, 11], "texture": "#cross"},
				"up": {"uv": [14, 2, 2, 3], "rotation": 90, "texture": "#cross"},
				"down": {"uv": [1, 10, 15, 11], "rotation": 180, "texture": "#cross"}
			}
		},
		{
			"from": [14, 5, 2],
			"to": [15, 14, 14],
			"rotation": {"angle": 0, "axis": "y", "origin": [7, 13, 6]},
			"faces": {
				"north": {"uv": [0, 0, 1, 9], "texture": "#missing"},
				"east": {"uv": [14, 2, 2, 11], "texture": "#cross"},
				"south": {"uv": [0, 0, 1, 9], "texture": "#missing"},
				"west": {"uv": [14, 2, 2, 11], "texture": "#cross"},
				"up": {"uv": [14, 2, 2, 3], "rotation": 270, "texture": "#cross"},
				"down": {"uv": [1, 10, 15, 11], "rotation": 180, "texture": "#cross"}
			}
		},
		{
			"from": [1, 14, 2],
			"to": [2, 16, 14],
			"rotation": {"angle": 0, "axis": "y", "origin": [9, 22, 11]},
			"faces": {
				"north": {"uv": [13, 0, 14, 2], "texture": "#cross"},
				"east": {"uv": [14, 0, 2, 2], "texture": "#cross"},
				"south": {"uv": [2, 0, 3, 2], "texture": "#cross"},
				"west": {"uv": [14, 0, 2, 2], "texture": "#cross"},
				"up": {"uv": [14, 0, 2, 1], "rotation": 90, "texture": "#cross"},
				"down": {"uv": [0, 0, 1, 10], "texture": "#missing"}
			}
		},
		{
			"from": [14, 14, 2],
			"to": [15, 16, 14],
			"rotation": {"angle": 0, "axis": "y", "origin": [7, 22, 5]},
			"faces": {
				"north": {"uv": [2, 0, 3, 2], "texture": "#cross"},
				"east": {"uv": [14, 0, 2, 2], "texture": "#cross"},
				"south": {"uv": [13, 0, 14, 2], "texture": "#cross"},
				"west": {"uv": [14, 0, 2, 2], "texture": "#cross"},
				"up": {"uv": [14, 0, 2, 1], "rotation": 270, "texture": "#cross"},
				"down": {"uv": [0, 0, 1, 10], "rotation": 180, "texture": "#missing"}
			}
		}
	],
	"groups": [
		{
			"name": "pointed_dripstone_up_base",
			"origin": [8, 8, 8],
			"children": [0, 1, 2, 3, 4, 5, 6, 7, 8, 9, 10, 11, 12, 13, 14, 15]
		},
		{
			"name": "pointed_dripstone_up_base",
			"origin": [8, 8, 8],
			"children": [16, 17, 18, 19, 20, 21, 22, 23, 24, 25, 26, 27, 28, 29, 30, 31, 32]
		}, 33, 34, 35, 36, 37, 38]
}