{
	"credit": "Made with Blockbench",
	"parent": "minecraft:block/pointed_dripstone",
	"textures": {
		"cross": "block/pointed_dripstone_up_frustum"
	},
	"elements": [
		{
			"name": "pointed_dripstone_up_frustum_0",
			"from": [4, 0, 4],
			"to": [12, 1, 5],
			"rotation": {"angle": 0, "axis": "y", "origin": [7.8125, 8, 4.5]},
			"faces": {
				"north": {"uv": [4, 1, 12, 0], "texture": "#cross"},
				"east": {"uv": [4, 1, 5, 0], "texture": "#cross"},
				"south": {"uv": [4, 0, 12, 1], "rotation": 180, "texture": "#cross"},
				"west": {"uv": [11, 1, 12, 0], "texture": "#cross"},
				"up": {"uv": [4, 1, 12, 0], "rotation": 180, "texture": "#cross"},
				"down": {"uv": [12, 1, 4, 0], "texture": "#cross"}
			}
		},
		{
			"name": "pointed_dripstone_up_frustum_1",
			"from": [4, 1, 4],
			"to": [12, 2, 5],
			"rotation": {"angle": 0, "axis": "y", "origin": [7.8125, 8, 4.5]},
			"faces": {
				"north": {"uv": [4, 2, 12, 1], "texture": "#cross"},
				"east": {"uv": [4, 2, 5, 1], "texture": "#cross"},
				"south": {"uv": [4, 1, 12, 2], "rotation": 180, "texture": "#cross"},
				"west": {"uv": [11, 2, 12, 1], "texture": "#cross"},
				"up": {"uv": [4, 2, 12, 1], "rotation": 180, "texture": "#cross"},
				"down": {"uv": [12, 2, 4, 1], "texture": "#cross"}
			}
		},
		{
			"name": "pointed_dripstone_up_frustum_2",
			"from": [3, 2, 3],
			"to": [12, 3, 4],
			"rotation": {"angle": 0, "axis": "y", "origin": [7.8125, 8, 3.5]},
			"faces": {
				"north": {"uv": [4, 3, 13, 2], "texture": "#cross"},
				"east": {"uv": [4, 3, 5, 2], "texture": "#cross"},
				"south": {"uv": [4, 2, 13, 3], "rotation": 180, "texture": "#cross"},
				"west": {"uv": [12, 3, 13, 2], "texture": "#cross"},
				"up": {"uv": [4, 3, 13, 2], "rotation": 180, "texture": "#cross"},
				"down": {"uv": [13, 3, 4, 2], "texture": "#cross"}
			}
		},
		{
			"name": "pointed_dripstone_up_frustum_3",
			"from": [3, 3, 3],
			"to": [12, 4, 4],
			"rotation": {"angle": 0, "axis": "y", "origin": [7.8125, 8, 3.5]},
			"faces": {
				"north": {"uv": [4, 4, 13, 3], "texture": "#cross"},
				"east": {"uv": [4, 4, 5, 3], "texture": "#cross"},
				"south": {"uv": [4, 3, 13, 4], "rotation": 180, "texture": "#cross"},
				"west": {"uv": [12, 4, 13, 3], "texture": "#cross"},
				"up": {"uv": [4, 4, 13, 3], "rotation": 180, "texture": "#cross"},
				"down": {"uv": [13, 4, 4, 3], "texture": "#cross"}
			}
		},
		{
			"name": "pointed_dripstone_up_frustum_4",
			"from": [3, 4, 3],
			"to": [12, 5, 4],
			"rotation": {"angle": 0, "axis": "y", "origin": [7.8125, 8, 3.5]},
			"faces": {
				"north": {"uv": [4, 5, 13, 4], "texture": "#cross"},
				"east": {"uv": [4, 5, 5, 4], "texture": "#cross"},
				"south": {"uv": [4, 4, 13, 5], "rotation": 180, "texture": "#cross"},
				"west": {"uv": [12, 5, 13, 4], "texture": "#cross"},
				"up": {"uv": [4, 5, 13, 4], "rotation": 180, "texture": "#cross"},
				"down": {"uv": [13, 5, 4, 4], "texture": "#cross"}
			}
		},
		{
			"name": "pointed_dripstone_up_frustum_5",
			"from": [3, 5, 3],
			"to": [13, 6, 4],
			"rotation": {"angle": 0, "axis": "y", "origin": [7.8125, 8, 3.5]},
			"faces": {
				"north": {"uv": [3, 6, 13, 5], "texture": "#cross"},
				"east": {"uv": [3, 6, 4, 5], "texture": "#cross"},
				"south": {"uv": [3, 5, 13, 6], "rotation": 180, "texture": "#cross"},
				"west": {"uv": [12, 6, 13, 5], "texture": "#cross"},
				"up": {"uv": [3, 6, 13, 5], "rotation": 180, "texture": "#cross"},
				"down": {"uv": [13, 6, 3, 5], "texture": "#cross"}
			}
		},
		{
			"name": "pointed_dripstone_up_frustum_6",
			"from": [3, 6, 3],
			"to": [13, 7, 4],
			"rotation": {"angle": 0, "axis": "y", "origin": [7.8125, 8, 3.5]},
			"faces": {
				"north": {"uv": [3, 7, 13, 6], "texture": "#cross"},
				"east": {"uv": [3, 7, 4, 6], "texture": "#cross"},
				"south": {"uv": [3, 6, 13, 7], "rotation": 180, "texture": "#cross"},
				"west": {"uv": [12, 7, 13, 6], "texture": "#cross"},
				"up": {"uv": [3, 7, 13, 6], "rotation": 180, "texture": "#cross"},
				"down": {"uv": [13, 7, 3, 6], "texture": "#cross"}
			}
		},
		{
			"name": "pointed_dripstone_up_frustum_7",
			"from": [3, 7, 3],
			"to": [13, 8, 4],
			"rotation": {"angle": 0, "axis": "y", "origin": [7.8125, 8, 3.5]},
			"faces": {
				"north": {"uv": [3, 8, 13, 7], "texture": "#cross"},
				"east": {"uv": [3, 8, 4, 7], "texture": "#cross"},
				"south": {"uv": [3, 7, 13, 8], "rotation": 180, "texture": "#cross"},
				"west": {"uv": [12, 8, 13, 7], "texture": "#cross"},
				"up": {"uv": [3, 8, 13, 7], "rotation": 180, "texture": "#cross"},
				"down": {"uv": [13, 8, 3, 7], "texture": "#cross"}
			}
		},
		{
			"name": "pointed_dripstone_up_frustum_8",
			"from": [2, 8, 2],
			"to": [13, 9, 3],
			"rotation": {"angle": 0, "axis": "y", "origin": [7.8125, 8, 2.5]},
			"faces": {
				"north": {"uv": [3, 9, 14, 8], "texture": "#cross"},
				"east": {"uv": [3, 9, 4, 8], "texture": "#cross"},
				"south": {"uv": [3, 8, 14, 9], "rotation": 180, "texture": "#cross"},
				"west": {"uv": [13, 9, 14, 8], "texture": "#cross"},
				"up": {"uv": [3, 9, 14, 8], "rotation": 180, "texture": "#cross"},
				"down": {"uv": [14, 9, 3, 8], "texture": "#cross"}
			}
		},
		{
			"name": "pointed_dripstone_up_frustum_9",
			"from": [2, 9, 2],
			"to": [13, 10, 3],
			"rotation": {"angle": 0, "axis": "y", "origin": [7.8125, 8, 2.5]},
			"faces": {
				"north": {"uv": [3, 10, 14, 9], "texture": "#cross"},
				"east": {"uv": [3, 10, 4, 9], "texture": "#cross"},
				"south": {"uv": [3, 9, 14, 10], "rotation": 180, "texture": "#cross"},
				"west": {"uv": [13, 10, 14, 9], "texture": "#cross"},
				"up": {"uv": [3, 10, 14, 9], "rotation": 180, "texture": "#cross"},
				"down": {"uv": [14, 10, 3, 9], "texture": "#cross"}
			}
		},
		{
			"name": "pointed_dripstone_up_frustum_10",
			"from": [2, 10, 2],
			"to": [13, 11, 3],
			"rotation": {"angle": 0, "axis": "y", "origin": [7.8125, 8, 2.5]},
			"faces": {
				"north": {"uv": [3, 11, 14, 10], "texture": "#cross"},
				"east": {"uv": [3, 11, 4, 10], "texture": "#cross"},
				"south": {"uv": [3, 10, 14, 11], "rotation": 180, "texture": "#cross"},
				"west": {"uv": [13, 11, 14, 10], "texture": "#cross"},
				"up": {"uv": [3, 11, 14, 10], "rotation": 180, "texture": "#cross"},
				"down": {"uv": [14, 11, 3, 10], "texture": "#cross"}
			}
		},
		{
			"name": "pointed_dripstone_up_frustum_11",
			"from": [2, 11, 2],
			"to": [14, 12, 3],
			"rotation": {"angle": 0, "axis": "y", "origin": [7.8125, 8, 2.5]},
			"faces": {
				"north": {"uv": [2, 12, 14, 11], "texture": "#cross"},
				"east": {"uv": [2, 12, 3, 11], "texture": "#cross"},
				"south": {"uv": [2, 11, 14, 12], "rotation": 180, "texture": "#cross"},
				"west": {"uv": [13, 12, 14, 11], "texture": "#cross"},
				"up": {"uv": [2, 12, 14, 11], "rotation": 180, "texture": "#cross"},
				"down": {"uv": [14, 12, 2, 11], "texture": "#cross"}
			}
		},
		{
			"name": "pointed_dripstone_up_frustum_12",
			"from": [2, 12, 2],
			"to": [14, 13, 3],
			"rotation": {"angle": 0, "axis": "y", "origin": [7.8125, 8, 2.5]},
			"faces": {
				"north": {"uv": [2, 13, 14, 12], "texture": "#cross"},
				"east": {"uv": [2, 13, 3, 12], "texture": "#cross"},
				"south": {"uv": [2, 12, 14, 13], "rotation": 180, "texture": "#cross"},
				"west": {"uv": [13, 13, 14, 12], "texture": "#cross"},
				"up": {"uv": [2, 13, 14, 12], "rotation": 180, "texture": "#cross"},
				"down": {"uv": [14, 13, 2, 12], "texture": "#cross"}
			}
		},
		{
			"name": "pointed_dripstone_up_frustum_13",
			"from": [2, 13, 2],
			"to": [14, 14, 3],
			"rotation": {"angle": 0, "axis": "y", "origin": [7.8125, 8, 2.5]},
			"faces": {
				"north": {"uv": [2, 14, 14, 13], "texture": "#cross"},
				"east": {"uv": [2, 14, 3, 13], "texture": "#cross"},
				"south": {"uv": [2, 13, 14, 14], "rotation": 180, "texture": "#cross"},
				"west": {"uv": [13, 14, 14, 13], "texture": "#cross"},
				"up": {"uv": [2, 14, 14, 13], "rotation": 180, "texture": "#cross"},
				"down": {"uv": [14, 14, 2, 13], "texture": "#cross"}
			}
		},
		{
			"name": "pointed_dripstone_up_frustum_14",
			"from": [2, 14, 2],
			"to": [14, 15, 3],
			"rotation": {"angle": 0, "axis": "y", "origin": [7.8125, 8, 2.5]},
			"faces": {
				"north": {"uv": [2, 15, 14, 14], "texture": "#cross"},
				"east": {"uv": [2, 15, 3, 14], "texture": "#cross"},
				"south": {"uv": [2, 14, 14, 15], "rotation": 180, "texture": "#cross"},
				"west": {"uv": [13, 15, 14, 14], "texture": "#cross"},
				"up": {"uv": [2, 15, 14, 14], "rotation": 180, "texture": "#cross"},
				"down": {"uv": [14, 15, 2, 14], "texture": "#cross"}
			}
		},
		{
			"name": "pointed_dripstone_up_frustum_15",
			"from": [2, 15, 2],
			"to": [14, 16, 3],
			"rotation": {"angle": 0, "axis": "y", "origin": [7.8125, 8, 2.5]},
			"faces": {
				"north": {"uv": [2, 16, 14, 15], "texture": "#cross"},
				"east": {"uv": [2, 16, 3, 15], "texture": "#cross"},
				"south": {"uv": [2, 15, 14, 16], "rotation": 180, "texture": "#cross"},
				"west": {"uv": [13, 16, 14, 15], "texture": "#cross"},
				"up": {"uv": [2, 16, 14, 15], "texture": "#cross"},
				"down": {"uv": [14, 16, 2, 15], "texture": "#cross"}
			}
		},
		{
			"name": "pointed_dripstone_up_frustum_1",
			"from": [4, 0, 11],
			"to": [12, 1, 12],
			"rotation": {"angle": 0, "axis": "y", "origin": [7.8125, 8, 13.125]},
			"faces": {
				"north": {"uv": [4, 0, 12, 1], "rotation": 180, "texture": "#cross"},
				"east": {"uv": [11, 1, 12, 0], "texture": "#cross"},
				"south": {"uv": [4, 1, 12, 0], "texture": "#cross"},
				"west": {"uv": [4, 1, 5, 0], "texture": "#cross"},
				"up": {"uv": [4, 1, 12, 0], "texture": "#cross"},
				"down": {"uv": [12, 1, 4, 0], "rotation": 180, "texture": "#cross"}
			}
		},
		{
			"name": "pointed_dripstone_up_frustum_2",
			"from": [4, 1, 11],
			"to": [12, 2, 12],
			"rotation": {"angle": 0, "axis": "y", "origin": [7.8125, 8, 13.125]},
			"faces": {
				"north": {"uv": [4, 1, 12, 2], "rotation": 180, "texture": "#cross"},
				"east": {"uv": [11, 2, 12, 1], "texture": "#cross"},
				"south": {"uv": [4, 2, 12, 1], "texture": "#cross"},
				"west": {"uv": [4, 2, 5, 1], "texture": "#cross"},
				"up": {"uv": [4, 2, 12, 1], "texture": "#cross"},
				"down": {"uv": [12, 2, 4, 1], "rotation": 180, "texture": "#cross"}
			}
		},
		{
			"name": "pointed_dripstone_up_frustum_3",
			"from": [4, 2, 12],
			"to": [13, 3, 13],
			"rotation": {"angle": 0, "axis": "y", "origin": [7.8125, 8, 13.125]},
			"faces": {
				"north": {"uv": [4, 2, 13, 3], "rotation": 180, "texture": "#cross"},
				"east": {"uv": [12, 3, 13, 2], "texture": "#cross"},
				"south": {"uv": [4, 3, 13, 2], "texture": "#cross"},
				"west": {"uv": [4, 3, 5, 2], "texture": "#cross"},
				"up": {"uv": [4, 3, 13, 2], "texture": "#cross"},
				"down": {"uv": [13, 3, 4, 2], "rotation": 180, "texture": "#cross"}
			}
		},
		{
			"name": "pointed_dripstone_up_frustum_4",
			"from": [4, 3, 12],
			"to": [13, 4, 13],
			"rotation": {"angle": 0, "axis": "y", "origin": [7.8125, 8, 13.125]},
			"faces": {
				"north": {"uv": [4, 3, 13, 4], "rotation": 180, "texture": "#cross"},
				"east": {"uv": [12, 4, 13, 3], "texture": "#cross"},
				"south": {"uv": [4, 4, 13, 3], "texture": "#cross"},
				"west": {"uv": [4, 4, 5, 3], "texture": "#cross"},
				"up": {"uv": [4, 4, 13, 3], "texture": "#cross"},
				"down": {"uv": [13, 4, 4, 3], "rotation": 180, "texture": "#cross"}
			}
		},
		{
			"name": "pointed_dripstone_up_frustum_5",
			"from": [4, 4, 12],
			"to": [13, 5, 13],
			"rotation": {"angle": 0, "axis": "y", "origin": [7.8125, 8, 13.125]},
			"faces": {
				"north": {"uv": [4, 4, 13, 5], "rotation": 180, "texture": "#cross"},
				"east": {"uv": [12, 5, 13, 4], "texture": "#cross"},
				"south": {"uv": [4, 5, 13, 4], "texture": "#cross"},
				"west": {"uv": [4, 5, 5, 4], "texture": "#cross"},
				"up": {"uv": [4, 5, 13, 4], "texture": "#cross"},
				"down": {"uv": [13, 5, 4, 4], "rotation": 180, "texture": "#cross"}
			}
		},
		{
			"name": "pointed_dripstone_up_frustum_6",
			"from": [3, 5, 12],
			"to": [13, 6, 13],
			"rotation": {"angle": 0, "axis": "y", "origin": [7.8125, 8, 13.125]},
			"faces": {
				"north": {"uv": [3, 5, 13, 6], "rotation": 180, "texture": "#cross"},
				"east": {"uv": [12, 6, 13, 5], "texture": "#cross"},
				"south": {"uv": [3, 6, 13, 5], "texture": "#cross"},
				"west": {"uv": [3, 6, 4, 5], "texture": "#cross"},
				"up": {"uv": [3, 6, 13, 5], "texture": "#cross"},
				"down": {"uv": [13, 6, 3, 5], "rotation": 180, "texture": "#cross"}
			}
		},
		{
			"name": "pointed_dripstone_up_frustum_7",
			"from": [3, 6, 12],
			"to": [13, 7, 13],
			"rotation": {"angle": 0, "axis": "y", "origin": [7.8125, 8, 13.125]},
			"faces": {
				"north": {"uv": [3, 6, 13, 7], "rotation": 180, "texture": "#cross"},
				"east": {"uv": [12, 7, 13, 6], "texture": "#cross"},
				"south": {"uv": [3, 7, 13, 6], "texture": "#cross"},
				"west": {"uv": [3, 7, 4, 6], "texture": "#cross"},
				"up": {"uv": [3, 7, 13, 6], "texture": "#cross"},
				"down": {"uv": [13, 7, 3, 6], "rotation": 180, "texture": "#cross"}
			}
		},
		{
			"name": "pointed_dripstone_up_frustum_8",
			"from": [3, 7, 12],
			"to": [13, 8, 13],
			"rotation": {"angle": 0, "axis": "y", "origin": [7.8125, 8, 13.125]},
			"faces": {
				"north": {"uv": [3, 7, 13, 8], "rotation": 180, "texture": "#cross"},
				"east": {"uv": [12, 8, 13, 7], "texture": "#cross"},
				"south": {"uv": [3, 8, 13, 7], "texture": "#cross"},
				"west": {"uv": [3, 8, 4, 7], "texture": "#cross"},
				"up": {"uv": [3, 8, 13, 7], "texture": "#cross"},
				"down": {"uv": [13, 8, 3, 7], "rotation": 180, "texture": "#cross"}
			}
		},
		{
			"name": "pointed_dripstone_up_frustum_9",
			"from": [3, 8, 13],
			"to": [14, 9, 14],
			"rotation": {"angle": 0, "axis": "y", "origin": [7.8125, 8, 13.125]},
			"faces": {
				"north": {"uv": [3, 8, 14, 9], "rotation": 180, "texture": "#cross"},
				"east": {"uv": [13, 9, 14, 8], "texture": "#cross"},
				"south": {"uv": [3, 9, 14, 8], "texture": "#cross"},
				"west": {"uv": [3, 9, 4, 8], "texture": "#cross"},
				"up": {"uv": [3, 9, 14, 8], "texture": "#cross"},
				"down": {"uv": [14, 9, 3, 8], "rotation": 180, "texture": "#cross"}
			}
		},
		{
			"name": "pointed_dripstone_up_frustum_10",
			"from": [3, 9, 13],
			"to": [14, 10, 14],
			"rotation": {"angle": 0, "axis": "y", "origin": [7.8125, 8, 13.125]},
			"faces": {
				"north": {"uv": [3, 9, 14, 10], "rotation": 180, "texture": "#cross"},
				"east": {"uv": [13, 10, 14, 9], "texture": "#cross"},
				"south": {"uv": [3, 10, 14, 9], "texture": "#cross"},
				"west": {"uv": [3, 10, 4, 9], "texture": "#cross"},
				"up": {"uv": [3, 10, 14, 9], "texture": "#cross"},
				"down": {"uv": [14, 10, 3, 9], "rotation": 180, "texture": "#cross"}
			}
		},
		{
			"name": "pointed_dripstone_up_frustum_11",
			"from": [3, 10, 13],
			"to": [14, 11, 14],
			"rotation": {"angle": 0, "axis": "y", "origin": [7.8125, 8, 13.125]},
			"faces": {
				"north": {"uv": [3, 10, 14, 11], "rotation": 180, "texture": "#cross"},
				"east": {"uv": [13, 11, 14, 10], "texture": "#cross"},
				"south": {"uv": [3, 11, 14, 10], "texture": "#cross"},
				"west": {"uv": [3, 11, 4, 10], "texture": "#cross"},
				"up": {"uv": [3, 11, 14, 10], "texture": "#cross"},
				"down": {"uv": [14, 11, 3, 10], "rotation": 180, "texture": "#cross"}
			}
		},
		{
			"name": "pointed_dripstone_up_frustum_12",
			"from": [2, 11, 13],
			"to": [14, 12, 14],
			"rotation": {"angle": 0, "axis": "y", "origin": [7.8125, 8, 13.125]},
			"faces": {
				"north": {"uv": [2, 11, 14, 12], "rotation": 180, "texture": "#cross"},
				"east": {"uv": [13, 12, 14, 11], "texture": "#cross"},
				"south": {"uv": [2, 12, 14, 11], "texture": "#cross"},
				"west": {"uv": [2, 12, 3, 11], "texture": "#cross"},
				"up": {"uv": [2, 12, 14, 11], "texture": "#cross"},
				"down": {"uv": [14, 12, 2, 11], "rotation": 180, "texture": "#cross"}
			}
		},
		{
			"name": "pointed_dripstone_up_frustum_13",
			"from": [2, 12, 13],
			"to": [14, 13, 14],
			"rotation": {"angle": 0, "axis": "y", "origin": [7.8125, 8, 13.125]},
			"faces": {
				"north": {"uv": [2, 12, 14, 13], "rotation": 180, "texture": "#cross"},
				"east": {"uv": [13, 13, 14, 12], "texture": "#cross"},
				"south": {"uv": [2, 13, 14, 12], "texture": "#cross"},
				"west": {"uv": [2, 13, 3, 12], "texture": "#cross"},
				"up": {"uv": [2, 13, 14, 12], "texture": "#cross"},
				"down": {"uv": [14, 13, 2, 12], "rotation": 180, "texture": "#cross"}
			}
		},
		{
			"name": "pointed_dripstone_up_frustum_14",
			"from": [2, 13, 13],
			"to": [14, 14, 14],
			"rotation": {"angle": 0, "axis": "y", "origin": [7.8125, 8, 13.125]},
			"faces": {
				"north": {"uv": [2, 13, 14, 14], "rotation": 180, "texture": "#cross"},
				"east": {"uv": [13, 14, 14, 13], "texture": "#cross"},
				"south": {"uv": [2, 14, 14, 13], "texture": "#cross"},
				"west": {"uv": [2, 14, 3, 13], "texture": "#cross"},
				"up": {"uv": [2, 14, 14, 13], "texture": "#cross"},
				"down": {"uv": [14, 14, 2, 13], "rotation": 180, "texture": "#cross"}
			}
		},
		{
			"name": "pointed_dripstone_up_frustum_15",
			"from": [2, 14, 13],
			"to": [14, 15, 14],
			"rotation": {"angle": 0, "axis": "y", "origin": [7.8125, 8, 13.125]},
			"faces": {
				"north": {"uv": [2, 14, 14, 15], "rotation": 180, "texture": "#cross"},
				"east": {"uv": [13, 15, 14, 14], "texture": "#cross"},
				"south": {"uv": [2, 15, 14, 14], "texture": "#cross"},
				"west": {"uv": [2, 15, 3, 14], "texture": "#cross"},
				"up": {"uv": [2, 15, 14, 14], "texture": "#cross"},
				"down": {"uv": [14, 15, 2, 14], "rotation": 180, "texture": "#cross"}
			}
		},
		{
			"name": "pointed_dripstone_up_frustum_16",
			"from": [2, 15, 13],
			"to": [14, 16, 14],
			"rotation": {"angle": 0, "axis": "y", "origin": [7.8125, 8, 13.125]},
			"faces": {
				"north": {"uv": [2, 15, 14, 16], "rotation": 180, "texture": "#cross"},
				"east": {"uv": [13, 16, 14, 15], "texture": "#cross"},
				"south": {"uv": [2, 16, 14, 15], "texture": "#cross"},
				"west": {"uv": [2, 16, 3, 15], "texture": "#cross"},
				"up": {"uv": [2, 16, 14, 15], "texture": "#cross"},
				"down": {"uv": [14, 16, 2, 15], "rotation": 180, "texture": "#cross"}
			}
		},
		{
			"from": [4, 0, 5],
			"to": [5, 2, 11],
			"rotation": {"angle": 0, "axis": "y", "origin": [4.5, 1, 8]},
			"faces": {
				"north": {"uv": [0, 2, 1, 0], "texture": "#missing"},
				"east": {"uv": [11, 2, 5, 0], "texture": "#cross"},
				"west": {"uv": [11, 2, 5, 0], "texture": "#cross"},
				"up": {"uv": [12, 1, 4, 2], "rotation": 90, "texture": "#cross"},
				"down": {"uv": [5, 0, 11, 1], "rotation": 270, "texture": "#cross"}
			}
		},
		{
			"from": [11, 0, 5],
			"to": [12, 2, 11],
			"rotation": {"angle": 0, "axis": "y", "origin": [12.5, 6, 8]},
			"faces": {
				"east": {"uv": [11, 2, 5, 0], "texture": "#cross"},
				"south": {"uv": [0, 2, 1, 0], "texture": "#missing"},
				"west": {"uv": [11, 2, 5, 0], "texture": "#cross"},
				"up": {"uv": [12, 1, 4, 2], "rotation": 90, "texture": "#cross"},
				"down": {"uv": [5, 0, 11, 1], "rotation": 90, "texture": "#cross"}
			}
		},
		{
			"from": [3, 2, 4],
			"to": [4, 8, 12],
			"rotation": {"angle": 0, "axis": "y", "origin": [3.5, 3, 8]},
			"faces": {
				"north": {"uv": [0, 2, 1, 0], "texture": "#missing"},
				"east": {"uv": [12, 8, 4, 2], "texture": "#cross"},
				"south": {"uv": [4, 8, 5, 2], "texture": "#cross"},
				"west": {"uv": [12, 8, 4, 2], "texture": "#cross"},
				"up": {"uv": [12, 1, 4, 2], "rotation": 90, "texture": "#cross"},
				"down": {"uv": [4, 5, 12, 6], "rotation": 90, "texture": "#cross"}
			}
		},
		{
			"from": [12, 2, 4],
			"to": [13, 8, 12],
			"rotation": {"angle": 0, "axis": "y", "origin": [12.5, 6, 8]},
			"faces": {
				"north": {"uv": [4, 8, 5, 2], "texture": "#cross"},
				"east": {"uv": [12, 8, 4, 2], "texture": "#cross"},
				"south": {"uv": [0, 2, 1, 0], "texture": "#missing"},
				"west": {"uv": [12, 8, 4, 2], "texture": "#cross"},
				"up": {"uv": [12, 1, 4, 2], "rotation": 90, "texture": "#cross"},
				"down": {"uv": [4, 5, 12, 6], "rotation": 270, "texture": "#cross"}
			}
		},
		{
			"from": [2, 8, 3],
			"to": [3, 16, 13],
			"rotation": {"angle": 0, "axis": "y", "origin": [2.5, 11, 8]},
			"faces": {
				"north": {"uv": [0, 2, 1, 0], "texture": "#missing"},
				"east": {"uv": [13, 16, 3, 8], "texture": "#cross"},
				"south": {"uv": [3, 16, 4, 8], "texture": "#cross"},
				"west": {"uv": [13, 16, 3, 8], "texture": "#cross"},
				"up": {"uv": [13, 15, 3, 16], "rotation": 90, "texture": "#cross"},
				"down": {"uv": [3, 8, 13, 9], "rotation": 90, "texture": "#cross"}
			}
		},
		{
			"from": [13, 8, 3],
			"to": [14, 16, 13],
			"rotation": {"angle": 0, "axis": "y", "origin": [12.5, 6, 8]},
			"faces": {
				"north": {"uv": [3, 16, 4, 8], "texture": "#cross"},
				"east": {"uv": [13, 16, 3, 8], "texture": "#cross"},
				"south": {"uv": [0, 2, 1, 0], "texture": "#missing"},
				"west": {"uv": [13, 16, 3, 8], "texture": "#cross"},
				"up": {"uv": [13, 15, 3, 16], "rotation": 90, "texture": "#cross"},
				"down": {"uv": [3, 8, 13, 9], "rotation": 270, "texture": "#cross"}
			}
		}
	],
	"groups": [
		{
			"name": "pointed_dripstone_up_frustum",
			"origin": [8, 8, 8],
			"children": [0, 1, 2, 3, 4, 5, 6, 7, 8, 9, 10, 11, 12, 13, 14, 15]
		},
		{
			"name": "pointed_dripstone_up_frustum",
			"origin": [8, 8, 8],
			"children": [16, 17, 18, 19, 20, 21, 22, 23, 24, 25, 26, 27, 28, 29, 30, 31]
		}, 32, 33, 34, 35, 36, 37]
}