{
	"credit": "Made with Blockbench",
	"parent": "minecraft:block/crop",
	"ambientocclusion": false,
	"textures": {
		"crop": "block/potatoes_stage1"
	},
	"elements": [
		{
			"name": "potatoes_stage1_22",
			"from": [7, -1, 7],
			"to": [8, 0, 9],
			"rotation": {"angle": 0, "axis": "x", "origin": [16, 0, 0]},
			"faces": {
				"north": {"uv": [9, 16, 8, 15], "rotation": 180, "texture": "#crop"},
				"east": {"uv": [9, 15, 8, 16], "texture": "#crop"},
				"south": {"uv": [9, 15, 8, 16], "texture": "#crop"},
				"west": {"uv": [9, 15, 8, 16], "texture": "#crop"},
				"up": {"uv": [8, 15, 9, 16], "rotation": 180, "texture": "#crop"},
				"down": {"uv": [9, 15, 8, 16], "texture": "#crop"}
			}
		},
		{
			"name": "potatoes_stage1_21",
			"from": [8, -1, 7],
			"to": [9, 0, 9],
			"rotation": {"angle": 0, "axis": "x", "origin": [16, 0, 0]},
			"faces": {
				"north": {"uv": [8, 16, 7, 15], "rotation": 180, "texture": "#crop"},
				"east": {"uv": [8, 15, 7, 16], "texture": "#crop"},
				"south": {"uv": [8, 15, 7, 16], "texture": "#crop"},
				"west": {"uv": [8, 15, 7, 16], "texture": "#crop"},
				"up": {"uv": [7, 15, 8, 16], "rotation": 180, "texture": "#crop"},
				"down": {"uv": [8, 15, 7, 16], "texture": "#crop"}
			}
		},
		{
			"name": "potatoes_stage1_0",
			"from": [7, 6, 7.6],
			"to": [8, 6.9, 8.35],
			"rotation": {"angle": 0, "axis": "x", "origin": [16, 0, 0]},
			"faces": {
				"north": {"uv": [9, 9, 8, 8], "rotation": 180, "texture": "#crop"},
				"east": {"uv": [9, 8, 8, 9], "texture": "#crop"},
				"south": {"uv": [9, 8, 8, 9], "texture": "#crop"},
				"west": {"uv": [9, 8, 8, 9], "texture": "#crop"},
				"up": {"uv": [8, 8, 9, 9], "rotation": 180, "texture": "#crop"},
				"down": {"uv": [9, 8, 8, 9], "texture": "#crop"}
			}
		},
		{
			"name": "potatoes_stage1_1",
			"from": [7, 5, 7.6],
			"to": [8, 6, 8.35],
			"rotation": {"angle": 0, "axis": "x", "origin": [16, 0, 0]},
			"faces": {
				"north": {"uv": [9, 10, 8, 9], "rotation": 180, "texture": "#crop"},
				"east": {"uv": [9, 9, 8, 10], "texture": "#crop"},
				"south": {"uv": [9, 9, 8, 10], "texture": "#crop"},
				"west": {"uv": [9, 9, 8, 10], "texture": "#crop"},
				"up": {"uv": [8, 9, 9, 10], "rotation": 180, "texture": "#crop"},
				"down": {"uv": [9, 9, 8, 10], "texture": "#crop"}
			}
		},
		{
			"name": "potatoes_stage1_2",
			"from": [6, 5, 7.6],
			"to": [7, 6, 8.35],
			"rotation": {"angle": 0, "axis": "x", "origin": [16, 0, 0]},
			"faces": {
				"north": {"uv": [10, 10, 9, 9], "rotation": 180, "texture": "#crop"},
				"east": {"uv": [10, 9, 9, 10], "texture": "#crop"},
				"south": {"uv": [10, 9, 9, 10], "texture": "#crop"},
				"west": {"uv": [10, 9, 9, 10], "texture": "#crop"},
				"up": {"uv": [9, 9, 10, 10], "rotation": 180, "texture": "#crop"},
				"down": {"uv": [10, 9, 9, 10], "texture": "#crop"}
			}
		},
		{
			"name": "potatoes_stage1_3",
			"from": [8, 4, 7.6],
			"to": [9, 5, 8.35],
			"rotation": {"angle": 0, "axis": "x", "origin": [16, 0, 0]},
			"faces": {
				"north": {"uv": [8, 11, 7, 10], "rotation": 180, "texture": "#crop"},
				"east": {"uv": [8, 10, 7, 11], "texture": "#crop"},
				"south": {"uv": [8, 10, 7, 11], "texture": "#crop"},
				"west": {"uv": [8, 10, 7, 11], "texture": "#crop"},
				"up": {"uv": [7, 10, 8, 11], "rotation": 180, "texture": "#crop"},
				"down": {"uv": [8, 10, 7, 11], "texture": "#crop"}
			}
		},
		{
			"name": "potatoes_stage1_4",
			"from": [6, 4, 7.6],
			"to": [7, 5, 8.35],
			"rotation": {"angle": 0, "axis": "x", "origin": [16, 0, 0]},
			"faces": {
				"north": {"uv": [10, 11, 9, 10], "rotation": 180, "texture": "#crop"},
				"east": {"uv": [10, 10, 9, 11], "texture": "#crop"},
				"south": {"uv": [10, 10, 9, 11], "texture": "#crop"},
				"west": {"uv": [10, 10, 9, 11], "texture": "#crop"},
				"up": {"uv": [9, 10, 10, 11], "rotation": 180, "texture": "#crop"},
				"down": {"uv": [10, 10, 9, 11], "texture": "#crop"}
			}
		},
		{
			"name": "potatoes_stage1_5",
			"from": [7, 3, 7.6],
			"to": [8, 4, 8.35],
			"rotation": {"angle": 0, "axis": "x", "origin": [16, 0, 0]},
			"faces": {
				"north": {"uv": [9, 12, 8, 11], "rotation": 180, "texture": "#crop"},
				"east": {"uv": [9, 11, 8, 12], "texture": "#crop"},
				"south": {"uv": [9, 11, 8, 12], "texture": "#crop"},
				"west": {"uv": [9, 11, 8, 12], "texture": "#crop"},
				"up": {"uv": [8, 11, 9, 12], "rotation": 180, "texture": "#crop"},
				"down": {"uv": [9, 11, 8, 12], "texture": "#crop"}
			}
		},
		{
			"name": "potatoes_stage1_6",
			"from": [9, 2, 7.6],
			"to": [10, 3, 8.35],
			"rotation": {"angle": 0, "axis": "x", "origin": [16, 0, 0]},
			"faces": {
				"north": {"uv": [7, 13, 6, 12], "rotation": 180, "texture": "#crop"},
				"east": {"uv": [7, 12, 6, 13], "texture": "#crop"},
				"south": {"uv": [7, 12, 6, 13], "texture": "#crop"},
				"west": {"uv": [7, 12, 6, 13], "texture": "#crop"},
				"up": {"uv": [6, 12, 7, 13], "rotation": 180, "texture": "#crop"},
				"down": {"uv": [7, 12, 6, 13], "texture": "#crop"}
			}
		},
		{
			"name": "potatoes_stage1_7",
			"from": [8, 2, 7.6],
			"to": [9, 3, 8.35],
			"rotation": {"angle": 0, "axis": "x", "origin": [16, 0, 0]},
			"faces": {
				"north": {"uv": [8, 13, 7, 12], "rotation": 180, "texture": "#crop"},
				"east": {"uv": [8, 12, 7, 13], "texture": "#crop"},
				"south": {"uv": [8, 12, 7, 13], "texture": "#crop"},
				"west": {"uv": [8, 12, 7, 13], "texture": "#crop"},
				"up": {"uv": [7, 12, 8, 13], "rotation": 180, "texture": "#crop"},
				"down": {"uv": [8, 12, 7, 13], "texture": "#crop"}
			}
		},
		{
			"name": "potatoes_stage1_8",
			"from": [7, 2, 7.6],
			"to": [8, 3, 8.35],
			"rotation": {"angle": 0, "axis": "x", "origin": [16, 0, 0]},
			"faces": {
				"north": {"uv": [9, 13, 8, 12], "rotation": 180, "texture": "#crop"},
				"east": {"uv": [9, 12, 8, 13], "texture": "#crop"},
				"south": {"uv": [9, 12, 8, 13], "texture": "#crop"},
				"west": {"uv": [9, 12, 8, 13], "texture": "#crop"},
				"up": {"uv": [8, 12, 9, 13], "rotation": 180, "texture": "#crop"},
				"down": {"uv": [9, 12, 8, 13], "texture": "#crop"}
			}
		},
		{
			"name": "potatoes_stage1_9",
			"from": [11, 1, 7.6],
			"to": [12, 2, 8.35],
			"rotation": {"angle": 0, "axis": "x", "origin": [16, 0, 0]},
			"faces": {
				"north": {"uv": [5, 14, 4, 13], "rotation": 180, "texture": "#crop"},
				"east": {"uv": [5, 13, 4, 14], "texture": "#crop"},
				"south": {"uv": [5, 13, 4, 14], "texture": "#crop"},
				"west": {"uv": [5, 13, 4, 14], "texture": "#crop"},
				"up": {"uv": [4, 13, 5, 14], "rotation": 180, "texture": "#crop"},
				"down": {"uv": [5, 13, 4, 14], "texture": "#crop"}
			}
		},
		{
			"name": "potatoes_stage1_10",
			"from": [8, 1, 7.6],
			"to": [9, 2, 8.35],
			"rotation": {"angle": 0, "axis": "x", "origin": [16, 0, 0]},
			"faces": {
				"north": {"uv": [8, 14, 7, 13], "rotation": 180, "texture": "#crop"},
				"east": {"uv": [8, 13, 7, 14], "texture": "#crop"},
				"south": {"uv": [8, 13, 7, 14], "texture": "#crop"},
				"west": {"uv": [8, 13, 7, 14], "texture": "#crop"},
				"up": {"uv": [7, 13, 8, 14], "rotation": 180, "texture": "#crop"},
				"down": {"uv": [8, 13, 7, 14], "texture": "#crop"}
			}
		},
		{
			"name": "potatoes_stage1_11",
			"from": [7, 1, 7.6],
			"to": [8, 2, 8.35],
			"rotation": {"angle": 0, "axis": "x", "origin": [16, 0, 0]},
			"faces": {
				"north": {"uv": [9, 14, 8, 13], "rotation": 180, "texture": "#crop"},
				"east": {"uv": [9, 13, 8, 14], "texture": "#crop"},
				"south": {"uv": [9, 13, 8, 14], "texture": "#crop"},
				"west": {"uv": [9, 13, 8, 14], "texture": "#crop"},
				"up": {"uv": [8, 13, 9, 14], "rotation": 180, "texture": "#crop"},
				"down": {"uv": [9, 13, 8, 14], "texture": "#crop"}
			}
		},
		{
			"name": "potatoes_stage1_12",
			"from": [4, 1, 7.6],
			"to": [5, 2, 8.35],
			"rotation": {"angle": 0, "axis": "x", "origin": [16, 0, 0]},
			"faces": {
				"north": {"uv": [12, 14, 11, 13], "rotation": 180, "texture": "#crop"},
				"east": {"uv": [12, 13, 11, 14], "texture": "#crop"},
				"south": {"uv": [12, 13, 11, 14], "texture": "#crop"},
				"west": {"uv": [12, 13, 11, 14], "texture": "#crop"},
				"up": {"uv": [11, 13, 12, 14], "rotation": 180, "texture": "#crop"},
				"down": {"uv": [12, 13, 11, 14], "texture": "#crop"}
			}
		},
		{
			"name": "potatoes_stage1_13",
			"from": [10, 0, 7.6],
			"to": [11, 1, 8.35],
			"rotation": {"angle": 0, "axis": "x", "origin": [16, 0, 0]},
			"faces": {
				"north": {"uv": [6, 15, 5, 14], "rotation": 180, "texture": "#crop"},
				"east": {"uv": [6, 14, 5, 15], "texture": "#crop"},
				"south": {"uv": [6, 14, 5, 15], "texture": "#crop"},
				"west": {"uv": [6, 14, 5, 15], "texture": "#crop"},
				"up": {"uv": [5, 14, 6, 15], "rotation": 180, "texture": "#crop"},
				"down": {"uv": [6, 14, 5, 15], "texture": "#crop"}
			}
		},
		{
			"name": "potatoes_stage1_14",
			"from": [9, 0, 7.6],
			"to": [10, 1, 8.35],
			"rotation": {"angle": 0, "axis": "x", "origin": [16, 0, 0]},
			"faces": {
				"north": {"uv": [7, 15, 6, 14], "rotation": 180, "texture": "#crop"},
				"east": {"uv": [7, 14, 6, 15], "texture": "#crop"},
				"south": {"uv": [7, 14, 6, 15], "texture": "#crop"},
				"west": {"uv": [7, 14, 6, 15], "texture": "#crop"},
				"up": {"uv": [6, 14, 7, 15], "rotation": 180, "texture": "#crop"},
				"down": {"uv": [7, 14, 6, 15], "texture": "#crop"}
			}
		},
		{
			"name": "potatoes_stage1_15",
			"from": [8, 0, 7.6],
			"to": [9, 1, 8.35],
			"rotation": {"angle": 0, "axis": "x", "origin": [16, 0, 0]},
			"faces": {
				"north": {"uv": [8, 15, 7, 14], "rotation": 180, "texture": "#crop"},
				"east": {"uv": [8, 14, 7, 15], "texture": "#crop"},
				"south": {"uv": [8, 14, 7, 15], "texture": "#crop"},
				"west": {"uv": [8, 14, 7, 15], "texture": "#crop"},
				"up": {"uv": [7, 14, 8, 15], "rotation": 180, "texture": "#crop"},
				"down": {"uv": [8, 14, 7, 15], "texture": "#crop"}
			}
		},
		{
			"name": "potatoes_stage1_16",
			"from": [7, 0, 7.6],
			"to": [8, 1, 8.35],
			"rotation": {"angle": 0, "axis": "x", "origin": [16, 0, 0]},
			"faces": {
				"north": {"uv": [9, 15, 8, 14], "rotation": 180, "texture": "#crop"},
				"east": {"uv": [9, 14, 8, 15], "texture": "#crop"},
				"south": {"uv": [9, 14, 8, 15], "texture": "#crop"},
				"west": {"uv": [9, 14, 8, 15], "texture": "#crop"},
				"up": {"uv": [8, 14, 9, 15], "rotation": 180, "texture": "#crop"},
				"down": {"uv": [9, 14, 8, 15], "texture": "#crop"}
			}
		},
		{
			"name": "potatoes_stage1_17",
			"from": [6, 0, 7.6],
			"to": [7, 1, 8.35],
			"rotation": {"angle": 0, "axis": "x", "origin": [16, 0, 0]},
			"faces": {
				"north": {"uv": [10, 15, 9, 14], "rotation": 180, "texture": "#crop"},
				"east": {"uv": [10, 14, 9, 15], "texture": "#crop"},
				"south": {"uv": [10, 14, 9, 15], "texture": "#crop"},
				"west": {"uv": [10, 14, 9, 15], "texture": "#crop"},
				"up": {"uv": [9, 14, 10, 15], "rotation": 180, "texture": "#crop"},
				"down": {"uv": [10, 14, 9, 15], "texture": "#crop"}
			}
		},
		{
			"name": "potatoes_stage1_18",
			"from": [4, 0, 7.6],
			"to": [5, 1, 8.35],
			"rotation": {"angle": 0, "axis": "x", "origin": [16, 0, 0]},
			"faces": {
				"north": {"uv": [12, 15, 11, 14], "rotation": 180, "texture": "#crop"},
				"east": {"uv": [12, 14, 11, 15], "texture": "#crop"},
				"south": {"uv": [12, 14, 11, 15], "texture": "#crop"},
				"west": {"uv": [12, 14, 11, 15], "texture": "#crop"},
				"up": {"uv": [11, 14, 12, 15], "rotation": 180, "texture": "#crop"},
				"down": {"uv": [12, 14, 11, 15], "texture": "#crop"}
			}
		},
		{
			"name": "potatoes_stage1_19",
			"from": [10, -1, 7.6],
			"to": [11, 0, 8.35],
			"rotation": {"angle": 0, "axis": "x", "origin": [16, 0, 0]},
			"faces": {
				"north": {"uv": [6, 16, 5, 15], "rotation": 180, "texture": "#crop"},
				"east": {"uv": [6, 15, 5, 16], "texture": "#crop"},
				"south": {"uv": [6, 15, 5, 16], "texture": "#crop"},
				"west": {"uv": [6, 15, 5, 16], "texture": "#crop"},
				"up": {"uv": [5, 15, 6, 16], "rotation": 180, "texture": "#crop"},
				"down": {"uv": [6, 15, 5, 16], "texture": "#crop"}
			}
		},
		{
			"name": "potatoes_stage1_20",
			"from": [9, -1, 7.6],
			"to": [10, 0, 8.35],
			"rotation": {"angle": 0, "axis": "x", "origin": [16, 0, 0]},
			"faces": {
				"north": {"uv": [7, 16, 6, 15], "rotation": 180, "texture": "#crop"},
				"east": {"uv": [7, 15, 6, 16], "texture": "#crop"},
				"south": {"uv": [7, 15, 6, 16], "texture": "#crop"},
				"west": {"uv": [7, 15, 6, 16], "texture": "#crop"},
				"up": {"uv": [6, 15, 7, 16], "rotation": 180, "texture": "#crop"},
				"down": {"uv": [7, 15, 6, 16], "texture": "#crop"}
			}
		},
		{
			"name": "potatoes_stage1_23",
			"from": [6, -1, 7.6],
			"to": [7, 0, 8.35],
			"rotation": {"angle": 0, "axis": "x", "origin": [16, 0, 0]},
			"faces": {
				"north": {"uv": [10, 16, 9, 15], "rotation": 180, "texture": "#crop"},
				"east": {"uv": [10, 15, 9, 16], "texture": "#crop"},
				"south": {"uv": [10, 15, 9, 16], "texture": "#crop"},
				"west": {"uv": [10, 15, 9, 16], "texture": "#crop"},
				"up": {"uv": [9, 15, 10, 16], "rotation": 180, "texture": "#crop"},
				"down": {"uv": [10, 15, 9, 16], "texture": "#crop"}
			}
		},
		{
			"name": "potatoes_stage1_24",
			"from": [5, -1, 7.6],
			"to": [6, 0, 8.35],
			"rotation": {"angle": 0, "axis": "x", "origin": [16, 0, 0]},
			"faces": {
				"north": {"uv": [11, 16, 10, 15], "rotation": 180, "texture": "#crop"},
				"east": {"uv": [11, 15, 10, 16], "texture": "#crop"},
				"south": {"uv": [11, 15, 10, 16], "texture": "#crop"},
				"west": {"uv": [11, 15, 10, 16], "texture": "#crop"},
				"up": {"uv": [10, 15, 11, 16], "rotation": 180, "texture": "#crop"},
				"down": {"uv": [11, 15, 10, 16], "texture": "#crop"}
			}
		},
		{
			"name": "potatoes_stage1_1",
			"from": [7.6, 6, 8],
			"to": [8.35, 7, 9],
			"rotation": {"angle": 0, "axis": "y", "origin": [16, 0, 0]},
			"faces": {
				"north": {"uv": [9, 8, 8, 9], "texture": "#crop"},
				"east": {"uv": [9, 8, 8, 9], "texture": "#crop"},
				"south": {"uv": [9, 8, 8, 9], "texture": "#crop"},
				"west": {"uv": [9, 9, 8, 8], "rotation": 180, "texture": "#crop"},
				"up": {"uv": [8, 8, 9, 9], "rotation": 90, "texture": "#crop"},
				"down": {"uv": [9, 8, 8, 9], "rotation": 90, "texture": "#crop"}
			}
		},
		{
			"name": "potatoes_stage2_2",
			"from": [7.6, 5, 8],
			"to": [8.35, 6, 9],
			"rotation": {"angle": 0, "axis": "y", "origin": [16, 0, 0]},
			"faces": {
				"north": {"uv": [9, 9, 8, 10], "texture": "#crop"},
				"east": {"uv": [9, 9, 8, 10], "texture": "#crop"},
				"south": {"uv": [9, 9, 8, 10], "texture": "#crop"},
				"west": {"uv": [9, 10, 8, 9], "rotation": 180, "texture": "#crop"},
				"up": {"uv": [8, 9, 9, 10], "rotation": 90, "texture": "#crop"},
				"down": {"uv": [9, 9, 8, 10], "rotation": 90, "texture": "#crop"}
			}
		},
		{
			"name": "potatoes_stage1_3",
			"from": [7.6, 5, 9],
			"to": [8.35, 6, 10],
			"rotation": {"angle": 0, "axis": "y", "origin": [16, 0, 0]},
			"faces": {
				"north": {"uv": [10, 9, 9, 10], "texture": "#crop"},
				"east": {"uv": [10, 9, 9, 10], "texture": "#crop"},
				"south": {"uv": [10, 9, 9, 10], "texture": "#crop"},
				"west": {"uv": [10, 10, 9, 9], "rotation": 180, "texture": "#crop"},
				"up": {"uv": [9, 9, 10, 10], "rotation": 90, "texture": "#crop"},
				"down": {"uv": [10, 9, 9, 10], "rotation": 90, "texture": "#crop"}
			}
		},
		{
			"name": "potatoes_stage1_4",
			"from": [7.6, 4, 7],
			"to": [8.35, 5, 8],
			"rotation": {"angle": 0, "axis": "y", "origin": [16, 0, 0]},
			"faces": {
				"north": {"uv": [8, 10, 7, 11], "texture": "#crop"},
				"east": {"uv": [8, 10, 7, 11], "texture": "#crop"},
				"south": {"uv": [8, 10, 7, 11], "texture": "#crop"},
				"west": {"uv": [8, 11, 7, 10], "rotation": 180, "texture": "#crop"},
				"up": {"uv": [7, 10, 8, 11], "rotation": 90, "texture": "#crop"},
				"down": {"uv": [8, 10, 7, 11], "rotation": 90, "texture": "#crop"}
			}
		},
		{
			"name": "potatoes_stage1_5",
			"from": [7.6, 4, 9],
			"to": [8.35, 5, 10],
			"rotation": {"angle": 0, "axis": "y", "origin": [16, 0, 0]},
			"faces": {
				"north": {"uv": [10, 10, 9, 11], "texture": "#crop"},
				"east": {"uv": [10, 10, 9, 11], "texture": "#crop"},
				"south": {"uv": [10, 10, 9, 11], "texture": "#crop"},
				"west": {"uv": [10, 11, 9, 10], "rotation": 180, "texture": "#crop"},
				"up": {"uv": [9, 10, 10, 11], "rotation": 90, "texture": "#crop"},
				"down": {"uv": [10, 10, 9, 11], "rotation": 90, "texture": "#crop"}
			}
		},
		{
			"name": "potatoes_stage1_6",
			"from": [7.6, 3, 8],
			"to": [8.35, 4, 9],
			"rotation": {"angle": 0, "axis": "y", "origin": [16, 0, 0]},
			"faces": {
				"north": {"uv": [9, 11, 8, 12], "texture": "#crop"},
				"east": {"uv": [9, 11, 8, 12], "texture": "#crop"},
				"south": {"uv": [9, 11, 8, 12], "texture": "#crop"},
				"west": {"uv": [9, 12, 8, 11], "rotation": 180, "texture": "#crop"},
				"up": {"uv": [8, 11, 9, 12], "rotation": 90, "texture": "#crop"},
				"down": {"uv": [9, 11, 8, 12], "rotation": 90, "texture": "#crop"}
			}
		},
		{
			"name": "potatoes_stage1_7",
			"from": [7.6, 2, 6],
			"to": [8.35, 3, 7],
			"rotation": {"angle": 0, "axis": "y", "origin": [16, 0, 0]},
			"faces": {
				"north": {"uv": [7, 12, 6, 13], "texture": "#crop"},
				"east": {"uv": [7, 12, 6, 13], "texture": "#crop"},
				"south": {"uv": [7, 12, 6, 13], "texture": "#crop"},
				"west": {"uv": [7, 13, 6, 12], "rotation": 180, "texture": "#crop"},
				"up": {"uv": [6, 12, 7, 13], "rotation": 90, "texture": "#crop"},
				"down": {"uv": [7, 12, 6, 13], "rotation": 90, "texture": "#crop"}
			}
		},
		{
			"name": "potatoes_stage1_8",
			"from": [7.6, 2, 7],
			"to": [8.35, 3, 8],
			"rotation": {"angle": 0, "axis": "y", "origin": [16, 0, 0]},
			"faces": {
				"north": {"uv": [8, 12, 7, 13], "texture": "#crop"},
				"east": {"uv": [8, 12, 7, 13], "texture": "#crop"},
				"south": {"uv": [8, 12, 7, 13], "texture": "#crop"},
				"west": {"uv": [8, 13, 7, 12], "rotation": 180, "texture": "#crop"},
				"up": {"uv": [7, 12, 8, 13], "rotation": 90, "texture": "#crop"},
				"down": {"uv": [8, 12, 7, 13], "rotation": 90, "texture": "#crop"}
			}
		},
		{
			"name": "potatoes_stage1_9",
			"from": [7.6, 2, 8],
			"to": [8.35, 3, 9],
			"rotation": {"angle": 0, "axis": "y", "origin": [16, 0, 0]},
			"faces": {
				"north": {"uv": [9, 12, 8, 13], "texture": "#crop"},
				"east": {"uv": [9, 12, 8, 13], "texture": "#crop"},
				"south": {"uv": [9, 12, 8, 13], "texture": "#crop"},
				"west": {"uv": [9, 13, 8, 12], "rotation": 180, "texture": "#crop"},
				"up": {"uv": [8, 12, 9, 13], "rotation": 90, "texture": "#crop"},
				"down": {"uv": [9, 12, 8, 13], "rotation": 90, "texture": "#crop"}
			}
		},
		{
			"name": "potatoes_stage1_10",
			"from": [7.6, 1, 4],
			"to": [8.35, 2, 5],
			"rotation": {"angle": 0, "axis": "y", "origin": [16, 0, 0]},
			"faces": {
				"north": {"uv": [5, 13, 4, 14], "texture": "#crop"},
				"east": {"uv": [5, 13, 4, 14], "texture": "#crop"},
				"south": {"uv": [5, 13, 4, 14], "texture": "#crop"},
				"west": {"uv": [5, 14, 4, 13], "rotation": 180, "texture": "#crop"},
				"up": {"uv": [4, 13, 5, 14], "rotation": 90, "texture": "#crop"},
				"down": {"uv": [5, 13, 4, 14], "rotation": 90, "texture": "#crop"}
			}
		},
		{
			"name": "potatoes_stage1_11",
			"from": [7.6, 1, 7],
			"to": [8.35, 2, 8],
			"rotation": {"angle": 0, "axis": "y", "origin": [16, 0, 0]},
			"faces": {
				"north": {"uv": [8, 13, 7, 14], "texture": "#crop"},
				"east": {"uv": [8, 13, 7, 14], "texture": "#crop"},
				"south": {"uv": [8, 13, 7, 14], "texture": "#crop"},
				"west": {"uv": [8, 14, 7, 13], "rotation": 180, "texture": "#crop"},
				"up": {"uv": [7, 13, 8, 14], "rotation": 90, "texture": "#crop"},
				"down": {"uv": [8, 13, 7, 14], "rotation": 90, "texture": "#crop"}
			}
		},
		{
			"name": "potatoes_stage1_12",
			"from": [7.6, 1, 8],
			"to": [8.35, 2, 9],
			"rotation": {"angle": 0, "axis": "y", "origin": [16, 0, 0]},
			"faces": {
				"north": {"uv": [9, 13, 8, 14], "texture": "#crop"},
				"east": {"uv": [9, 13, 8, 14], "texture": "#crop"},
				"south": {"uv": [9, 13, 8, 14], "texture": "#crop"},
				"west": {"uv": [9, 14, 8, 13], "rotation": 180, "texture": "#crop"},
				"up": {"uv": [8, 13, 9, 14], "rotation": 90, "texture": "#crop"},
				"down": {"uv": [9, 13, 8, 14], "rotation": 90, "texture": "#crop"}
			}
		},
		{
			"name": "potatoes_stage1_13",
			"from": [7.6, 1, 11],
			"to": [8.35, 2, 12],
			"rotation": {"angle": 0, "axis": "y", "origin": [16, 0, 0]},
			"faces": {
				"north": {"uv": [12, 13, 11, 14], "texture": "#crop"},
				"east": {"uv": [12, 13, 11, 14], "texture": "#crop"},
				"south": {"uv": [12, 13, 11, 14], "texture": "#crop"},
				"west": {"uv": [12, 14, 11, 13], "rotation": 180, "texture": "#crop"},
				"up": {"uv": [11, 13, 12, 14], "rotation": 90, "texture": "#crop"},
				"down": {"uv": [12, 13, 11, 14], "rotation": 90, "texture": "#crop"}
			}
		},
		{
			"name": "potatoes_stage1_14",
			"from": [7.6, 0, 5],
			"to": [8.35, 1, 6],
			"rotation": {"angle": 0, "axis": "y", "origin": [16, 0, 0]},
			"faces": {
				"north": {"uv": [6, 14, 5, 15], "texture": "#crop"},
				"east": {"uv": [6, 14, 5, 15], "texture": "#crop"},
				"south": {"uv": [6, 14, 5, 15], "texture": "#crop"},
				"west": {"uv": [6, 15, 5, 14], "rotation": 180, "texture": "#crop"},
				"up": {"uv": [5, 14, 6, 15], "rotation": 90, "texture": "#crop"},
				"down": {"uv": [6, 14, 5, 15], "rotation": 90, "texture": "#crop"}
			}
		},
		{
			"name": "potatoes_stage1_15",
			"from": [7.6, 0, 6],
			"to": [8.35, 1, 7],
			"rotation": {"angle": 0, "axis": "y", "origin": [16, 0, 0]},
			"faces": {
				"north": {"uv": [7, 14, 6, 15], "texture": "#crop"},
				"east": {"uv": [7, 14, 6, 15], "texture": "#crop"},
				"south": {"uv": [7, 14, 6, 15], "texture": "#crop"},
				"west": {"uv": [7, 15, 6, 14], "rotation": 180, "texture": "#crop"},
				"up": {"uv": [6, 14, 7, 15], "rotation": 90, "texture": "#crop"},
				"down": {"uv": [7, 14, 6, 15], "rotation": 90, "texture": "#crop"}
			}
		},
		{
			"name": "potatoes_stage1_16",
			"from": [7.6, 0, 7],
			"to": [8.35, 1, 8],
			"rotation": {"angle": 0, "axis": "y", "origin": [16, 0, 0]},
			"faces": {
				"north": {"uv": [8, 14, 7, 15], "texture": "#crop"},
				"east": {"uv": [8, 14, 7, 15], "texture": "#crop"},
				"south": {"uv": [8, 14, 7, 15], "texture": "#crop"},
				"west": {"uv": [8, 15, 7, 14], "rotation": 180, "texture": "#crop"},
				"up": {"uv": [7, 14, 8, 15], "rotation": 90, "texture": "#crop"},
				"down": {"uv": [8, 14, 7, 15], "rotation": 90, "texture": "#crop"}
			}
		},
		{
			"name": "potatoes_stage1_17",
			"from": [7.6, 0, 8],
			"to": [8.35, 1, 9],
			"rotation": {"angle": 0, "axis": "y", "origin": [16, 0, 0]},
			"faces": {
				"north": {"uv": [9, 14, 8, 15], "texture": "#crop"},
				"east": {"uv": [9, 14, 8, 15], "texture": "#crop"},
				"south": {"uv": [9, 14, 8, 15], "texture": "#crop"},
				"west": {"uv": [9, 15, 8, 14], "rotation": 180, "texture": "#crop"},
				"up": {"uv": [8, 14, 9, 15], "rotation": 90, "texture": "#crop"},
				"down": {"uv": [9, 14, 8, 15], "rotation": 90, "texture": "#crop"}
			}
		},
		{
			"name": "potatoes_stage1_18",
			"from": [7.6, 0, 9],
			"to": [8.35, 1, 10],
			"rotation": {"angle": 0, "axis": "y", "origin": [16, 0, 0]},
			"faces": {
				"north": {"uv": [10, 14, 9, 15], "texture": "#crop"},
				"east": {"uv": [10, 14, 9, 15], "texture": "#crop"},
				"south": {"uv": [10, 14, 9, 15], "texture": "#crop"},
				"west": {"uv": [10, 15, 9, 14], "rotation": 180, "texture": "#crop"},
				"up": {"uv": [9, 14, 10, 15], "rotation": 90, "texture": "#crop"},
				"down": {"uv": [10, 14, 9, 15], "rotation": 90, "texture": "#crop"}
			}
		},
		{
			"name": "potatoes_stage1_19",
			"from": [7.6, 0, 11],
			"to": [8.35, 1, 12],
			"rotation": {"angle": 0, "axis": "y", "origin": [16, 0, 0]},
			"faces": {
				"north": {"uv": [12, 14, 11, 15], "texture": "#crop"},
				"east": {"uv": [12, 14, 11, 15], "texture": "#crop"},
				"south": {"uv": [12, 14, 11, 15], "texture": "#crop"},
				"west": {"uv": [12, 15, 11, 14], "rotation": 180, "texture": "#crop"},
				"up": {"uv": [11, 14, 12, 15], "rotation": 90, "texture": "#crop"},
				"down": {"uv": [12, 14, 11, 15], "rotation": 90, "texture": "#crop"}
			}
		},
		{
			"name": "potatoes_stage1_20",
			"from": [7.6, -1, 5],
			"to": [8.35, 0, 6],
			"rotation": {"angle": 0, "axis": "y", "origin": [16, 0, 0]},
			"faces": {
				"north": {"uv": [6, 15, 5, 16], "texture": "#crop"},
				"east": {"uv": [6, 15, 5, 16], "texture": "#crop"},
				"south": {"uv": [6, 15, 5, 16], "texture": "#crop"},
				"west": {"uv": [6, 16, 5, 15], "rotation": 180, "texture": "#crop"},
				"up": {"uv": [5, 15, 6, 16], "rotation": 90, "texture": "#crop"},
				"down": {"uv": [6, 15, 5, 16], "rotation": 90, "texture": "#crop"}
			}
		},
		{
			"name": "potatoes_stage1_21",
			"from": [7.6, -1, 6],
			"to": [8.35, 0, 7],
			"rotation": {"angle": 0, "axis": "y", "origin": [16, 0, 0]},
			"faces": {
				"north": {"uv": [7, 15, 6, 16], "texture": "#crop"},
				"east": {"uv": [7, 15, 6, 16], "texture": "#crop"},
				"south": {"uv": [7, 15, 6, 16], "texture": "#crop"},
				"west": {"uv": [7, 16, 6, 15], "rotation": 180, "texture": "#crop"},
				"up": {"uv": [6, 15, 7, 16], "rotation": 90, "texture": "#crop"},
				"down": {"uv": [7, 15, 6, 16], "rotation": 90, "texture": "#crop"}
			}
		},
		{
			"name": "potatoes_stage1_24",
			"from": [7.6, -1, 9],
			"to": [8.35, 0, 10],
			"rotation": {"angle": 0, "axis": "y", "origin": [16, 0, 0]},
			"faces": {
				"north": {"uv": [10, 15, 9, 16], "texture": "#crop"},
				"east": {"uv": [10, 15, 9, 16], "texture": "#crop"},
				"south": {"uv": [10, 15, 9, 16], "texture": "#crop"},
				"west": {"uv": [10, 16, 9, 15], "rotation": 180, "texture": "#crop"},
				"up": {"uv": [9, 15, 10, 16], "rotation": 90, "texture": "#crop"},
				"down": {"uv": [10, 15, 9, 16], "rotation": 90, "texture": "#crop"}
			}
		},
		{
			"name": "potatoes_stage1_25",
			"from": [7.6, -1, 10],
			"to": [8.35, 0, 11],
			"rotation": {"angle": 0, "axis": "y", "origin": [16, 0, 0]},
			"faces": {
				"north": {"uv": [11, 15, 10, 16], "texture": "#crop"},
				"east": {"uv": [11, 15, 10, 16], "texture": "#crop"},
				"south": {"uv": [11, 15, 10, 16], "texture": "#crop"},
				"west": {"uv": [11, 16, 10, 15], "rotation": 180, "texture": "#crop"},
				"up": {"uv": [10, 15, 11, 16], "rotation": 90, "texture": "#crop"},
				"down": {"uv": [11, 15, 10, 16], "rotation": 90, "texture": "#crop"}
			}
		},
		{
			"name": "potatoes_stage1_25",
			"from": [2.5, -1, 3],
			"to": [3.5, 0, 3.75],
			"rotation": {"angle": 0, "axis": "x", "origin": [16, 0, 0]},
			"faces": {
				"north": {"uv": [14, 16, 13, 15], "rotation": 180, "texture": "#crop"},
				"east": {"uv": [14, 15, 13, 16], "texture": "#crop"},
				"south": {"uv": [14, 15, 13, 16], "texture": "#crop"},
				"west": {"uv": [14, 15, 13, 16], "texture": "#crop"},
				"up": {"uv": [13, 15, 14, 16], "rotation": 180, "texture": "#crop"},
				"down": {"uv": [14, 15, 13, 16], "texture": "#crop"}
			}
		},
		{
			"name": "potatoes_stage1_26",
			"from": [12, -1, 12.5],
			"to": [12.75, 0, 13.5],
			"rotation": {"angle": 0, "axis": "y", "origin": [16, 0, 0]},
			"faces": {
				"north": {"uv": [14, 15, 13, 16], "texture": "#crop"},
				"east": {"uv": [14, 15, 13, 16], "texture": "#crop"},
				"south": {"uv": [14, 15, 13, 16], "texture": "#crop"},
				"west": {"uv": [14, 16, 13, 15], "rotation": 180, "texture": "#crop"},
				"up": {"uv": [13, 15, 14, 16], "rotation": 90, "texture": "#crop"},
				"down": {"uv": [14, 15, 13, 16], "rotation": 90, "texture": "#crop"}
			}
		}
	],
	"groups": [
		{
			"name": "potatoes_stage1",
			"origin": [8, 8, 8],
			"color": 0,
			"children": [
				{
					"name": "group",
					"origin": [16, 0, 0],
					"color": 0,
					"children": [0, 1]
				},
				{
					"name": "leaft",
					"origin": [16, 0, 0],
					"color": 0,
					"children": [2, 3, 4, 5, 6, 7, 8, 9, 10, 11, 12, 13, 14, 15, 16, 17, 18, 19, 20, 21, 22, 23, 24]
				},
				{
					"name": "leaft",
					"origin": [16, 0, 0],
					"color": 0,
					"children": [25, 26, 27, 28, 29, 30, 31, 32, 33, 34, 35, 36, 37, 38, 39, 40, 41, 42, 43, 44, 45, 46, 47]
				}
			]
		},
		48,
		49
	]
}