{
	"credit": "Made with Blockbench",
	"parent": "block/cross",
	"ambientocclusion": false,
	"textures": {
		"plant": "block/dead_bush",
		"particle": "block/flower_pot",
		"flowerpot": "block/flower_pot",
		"dirt": "block/dirt"
	},
	"elements": [
		{
			"from": [5, 0, 5],
			"to": [6, 6, 11],
			"faces": {
				"north": {"uv": [10, 10, 11, 16], "texture": "#flowerpot"},
				"east": {"uv": [5, 10, 11, 16], "texture": "#flowerpot"},
				"south": {"uv": [5, 10, 6, 16], "texture": "#flowerpot"},
				"west": {"uv": [5, 10, 11, 16], "texture": "#flowerpot"},
				"up": {"uv": [5, 5, 6, 11], "texture": "#flowerpot"},
				"down": {"uv": [5, 5, 6, 11], "texture": "#flowerpot", "cullface": "down"}
			}
		},
		{
			"from": [10, 0, 5],
			"to": [11, 6, 11],
			"faces": {
				"north": {"uv": [5, 10, 6, 16], "texture": "#flowerpot"},
				"east": {"uv": [5, 10, 11, 16], "texture": "#flowerpot"},
				"south": {"uv": [10, 10, 11, 16], "texture": "#flowerpot"},
				"west": {"uv": [5, 10, 11, 16], "texture": "#flowerpot"},
				"up": {"uv": [10, 5, 11, 11], "texture": "#flowerpot"},
				"down": {"uv": [10, 5, 11, 11], "texture": "#flowerpot", "cullface": "down"}
			}
		},
		{
			"from": [6, 0, 5],
			"to": [10, 6, 6],
			"faces": {
				"north": {"uv": [6, 10, 10, 16], "texture": "#flowerpot"},
				"south": {"uv": [6, 10, 10, 16], "texture": "#flowerpot"},
				"up": {"uv": [6, 5, 10, 6], "texture": "#flowerpot"},
				"down": {"uv": [6, 10, 10, 11], "texture": "#flowerpot", "cullface": "down"}
			}
		},
		{
			"from": [6, 0, 10],
			"to": [10, 6, 11],
			"faces": {
				"north": {"uv": [6, 10, 10, 16], "texture": "#flowerpot"},
				"south": {"uv": [6, 10, 10, 16], "texture": "#flowerpot"},
				"up": {"uv": [6, 10, 10, 11], "texture": "#flowerpot"},
				"down": {"uv": [6, 5, 10, 6], "texture": "#flowerpot", "cullface": "down"}
			}
		},
		{
			"from": [6, 0, 6],
			"to": [10, 4, 10],
			"faces": {
				"up": {"uv": [6, 6, 10, 10], "texture": "#dirt"},
				"down": {"uv": [6, 12, 10, 16], "texture": "#flowerpot", "cullface": "down"}
			}
		},
		{
			"from": [7.31522, 15.1, 8.9221],
			"to": [8.11522, 17.1, 9.9221],
			"rotation": {"angle": 22.5, "axis": "y", "origin": [8, 8, 8]},
			"faces": {
				"north": {"uv": [6, 12, 7, 14], "texture": "#plant"},
				"east": {"uv": [6, 12, 7, 14], "texture": "#plant"},
				"south": {"uv": [6, 12, 7, 14], "texture": "#plant"},
				"west": {"uv": [6, 12, 7, 14], "texture": "#plant"},
				"up": {"uv": [6, 12, 7, 13], "rotation": 90, "texture": "#plant"},
				"down": {"uv": [6, 13, 7, 14], "rotation": 270, "texture": "#plant"}
			}
		},
		{
			"from": [7.31522, 17.1, 10.9221],
			"to": [8.11522, 18.1, 11.9221],
			"rotation": {"angle": 22.5, "axis": "y", "origin": [8, 8, 8]},
			"faces": {
				"north": {"uv": [4, 11, 5, 12], "texture": "#plant"},
				"east": {"uv": [4, 11, 5, 12], "texture": "#plant"},
				"south": {"uv": [4, 11, 5, 12], "texture": "#plant"},
				"west": {"uv": [4, 11, 5, 12], "texture": "#plant"},
				"up": {"uv": [4, 11, 5, 12], "rotation": 90, "texture": "#plant"},
				"down": {"uv": [4, 11, 5, 12], "rotation": 270, "texture": "#plant"}
			}
		},
		{
			"from": [7.31522, 16.1, 9.9221],
			"to": [8.11522, 18.1, 10.9221],
			"rotation": {"angle": 22.5, "axis": "y", "origin": [8, 8, 8]},
			"faces": {
				"north": {"uv": [5, 11, 6, 13], "texture": "#plant"},
				"east": {"uv": [5, 11, 6, 13], "texture": "#plant"},
				"south": {"uv": [5, 11, 6, 13], "texture": "#plant"},
				"west": {"uv": [5, 11, 6, 13], "texture": "#plant"},
				"up": {"uv": [5, 11, 6, 12], "rotation": 90, "texture": "#plant"},
				"down": {"uv": [5, 12, 6, 13], "rotation": 270, "texture": "#plant"}
			}
		},
		{
			"from": [7.22737, 12.8, 6.21648],
			"to": [8.22737, 14.8, 7.21648],
			"rotation": {"angle": 22.5, "axis": "y", "origin": [8, 8, 8]},
			"faces": {
				"north": {"uv": [9, 3, 10, 5], "texture": "#plant"},
				"east": {"uv": [9, 3, 10, 5], "texture": "#plant"},
				"south": {"uv": [9, 3, 10, 5], "texture": "#plant"},
				"west": {"uv": [9, 3, 10, 5], "texture": "#plant"},
				"up": {"uv": [9, 3, 10, 4], "rotation": 90, "texture": "#plant"},
				"down": {"uv": [9, 4, 10, 5], "rotation": 270, "texture": "#plant"}
			}
		},
		{
			"from": [7.22737, 13.8, 5.21648],
			"to": [8.22737, 16.8, 6.21648],
			"rotation": {"angle": 22.5, "axis": "y", "origin": [8, 8, 8]},
			"faces": {
				"north": {"uv": [10, 1, 11, 4], "texture": "#plant"},
				"east": {"uv": [10, 1, 11, 4], "texture": "#plant"},
				"south": {"uv": [10, 1, 11, 4], "texture": "#plant"},
				"west": {"uv": [10, 1, 11, 4], "texture": "#plant"},
				"up": {"uv": [10, 1, 11, 2], "rotation": 90, "texture": "#plant"},
				"down": {"uv": [9, 4, 10, 5], "rotation": 270, "texture": "#plant"}
			}
		},
		{
			"from": [7.22737, 15.8, 4.21648],
			"to": [8.22737, 17.8, 5.21648],
			"rotation": {"angle": 22.5, "axis": "y", "origin": [8, 8, 8]},
			"faces": {
				"north": {"uv": [11, 0, 12, 2], "texture": "#plant"},
				"east": {"uv": [11, 0, 12, 2], "texture": "#plant"},
				"south": {"uv": [11, 0, 12, 2], "texture": "#plant"},
				"west": {"uv": [11, 0, 12, 2], "texture": "#plant"},
				"up": {"uv": [11, 0, 12, 1], "rotation": 90, "texture": "#plant"},
				"down": {"uv": [11, 1, 12, 2], "rotation": 270, "texture": "#plant"}
			}
		},
		{
			"from": [7.22737, 12.8, 4.21648],
			"to": [8.22737, 13.8, 5.21648],
			"rotation": {"angle": 22.5, "axis": "y", "origin": [8, 8, 8]},
			"faces": {
				"north": {"uv": [11, 4, 12, 5], "texture": "#plant"},
				"east": {"uv": [11, 4, 12, 5], "texture": "#plant"},
				"south": {"uv": [11, 4, 12, 5], "texture": "#plant"},
				"west": {"uv": [11, 4, 12, 5], "texture": "#plant"},
				"up": {"uv": [11, 4, 12, 5], "rotation": 90, "texture": "#plant"},
				"down": {"uv": [11, 4, 12, 5], "rotation": 270, "texture": "#plant"}
			}
		},
		{
			"from": [7.17597, 10.1, 2.38582],
			"to": [8.17597, 11.1, 4.38582],
			"rotation": {"angle": 22.5, "axis": "y", "origin": [8, 8, 8]},
			"faces": {
				"north": {"uv": [13, 6, 14, 7], "texture": "#plant"},
				"east": {"uv": [13, 6, 15, 7], "texture": "#plant"},
				"south": {"uv": [14, 6, 15, 7], "texture": "#plant"},
				"west": {"uv": [13, 6, 15, 7], "texture": "#plant"},
				"up": {"uv": [13, 6, 15, 7], "rotation": 90, "texture": "#plant"},
				"down": {"uv": [13, 6, 15, 7], "rotation": 270, "texture": "#plant"}
			}
		},
		{
			"from": [7.17597, 9.1, 3.38582],
			"to": [8.17597, 10.1, 5.38582],
			"rotation": {"angle": 22.5, "axis": "y", "origin": [8, 8, 8]},
			"faces": {
				"north": {"uv": [13, 7, 14, 8], "texture": "#plant"},
				"east": {"uv": [12, 7, 14, 8], "texture": "#plant"},
				"south": {"uv": [12, 7, 13, 8], "texture": "#plant"},
				"west": {"uv": [12, 7, 14, 8], "texture": "#plant"},
				"up": {"uv": [14, 7, 12, 8], "rotation": 90, "texture": "#plant"},
				"down": {"uv": [14, 7, 12, 8], "rotation": 270, "texture": "#plant"}
			}
		},
		{
			"from": [7.17597, 8.1, 5.38582],
			"to": [8.17597, 10.1, 6.38582],
			"rotation": {"angle": 22.5, "axis": "y", "origin": [8, 8, 8]},
			"faces": {
				"north": {"uv": [11, 7, 12, 9], "texture": "#plant"},
				"east": {"uv": [11, 7, 12, 9], "texture": "#plant"},
				"south": {"uv": [11, 7, 12, 9], "texture": "#plant"},
				"west": {"uv": [11, 7, 12, 9], "texture": "#plant"},
				"up": {"uv": [11, 7, 12, 8], "rotation": 90, "texture": "#plant"},
				"down": {"uv": [11, 8, 12, 9], "rotation": 270, "texture": "#plant"}
			}
		},
		{
			"from": [7.17597, 7.1, 6.38582],
			"to": [8.17597, 9.1, 7.38582],
			"rotation": {"angle": 22.5, "axis": "y", "origin": [8, 8, 8]},
			"faces": {
				"north": {"uv": [10, 8, 11, 10], "texture": "#plant"},
				"east": {"uv": [10, 8, 11, 10], "texture": "#plant"},
				"south": {"uv": [10, 8, 11, 10], "texture": "#plant"},
				"west": {"uv": [10, 8, 11, 10], "texture": "#plant"},
				"up": {"uv": [10, 8, 11, 9], "rotation": 90, "texture": "#plant"},
				"down": {"uv": [10, 9, 11, 10], "rotation": 270, "texture": "#plant"}
			}
		},
		{
			"from": [6.95021, 12.1, 11.10167],
			"to": [7.95021, 15.1, 12.10167],
			"rotation": {"angle": 22.5, "axis": "y", "origin": [8, 8, 8]},
			"faces": {
				"north": {"uv": [4, 1, 5, 4], "texture": "#plant"},
				"east": {"uv": [4, 1, 5, 4], "texture": "#plant"},
				"south": {"uv": [4, 1, 5, 4], "texture": "#plant"},
				"west": {"uv": [4, 1, 5, 4], "texture": "#plant"},
				"up": {"uv": [4, 1, 5, 2], "rotation": 90, "texture": "#plant"},
				"down": {"uv": [4, 3, 5, 4], "rotation": 270, "texture": "#plant"}
			}
		},
		{
			"from": [6.95021, 10.1, 10.10167],
			"to": [7.95021, 13.1, 11.10167],
			"rotation": {"angle": 22.5, "axis": "y", "origin": [8, 8, 8]},
			"faces": {
				"north": {"uv": [5, 3, 6, 6], "texture": "#plant"},
				"east": {"uv": [5, 3, 6, 6], "texture": "#plant"},
				"south": {"uv": [5, 3, 6, 6], "texture": "#plant"},
				"west": {"uv": [5, 3, 6, 6], "texture": "#plant"},
				"up": {"uv": [5, 3, 6, 4], "rotation": 90, "texture": "#plant"},
				"down": {"uv": [5, 5, 6, 6], "rotation": 270, "texture": "#plant"}
			}
		},
		{
			"from": [6.98848, 9.1, 9.00929],
			"to": [7.98848, 12.1, 10.00929],
			"rotation": {"angle": 22.5, "axis": "y", "origin": [8, 8, 8]},
			"faces": {
				"north": {"uv": [6, 4, 7, 7], "texture": "#plant"},
				"east": {"uv": [6, 4, 7, 7], "texture": "#plant"},
				"south": {"uv": [6, 4, 7, 7], "texture": "#plant"},
				"west": {"uv": [6, 4, 7, 7], "texture": "#plant"},
				"up": {"uv": [6, 4, 7, 5], "rotation": 90, "texture": "#plant"},
				"down": {"uv": [6, 6, 7, 7], "rotation": 270, "texture": "#plant"}
			}
		},
		{
			"from": [6.25, 4.1, 7],
			"to": [8.25, 14.1, 9],
			"rotation": {"angle": 22.5, "axis": "y", "origin": [8, 8, 8]},
			"faces": {
				"north": {"uv": [8, 6, 10, 16], "texture": "#plant"},
				"east": {"uv": [8, 6, 10, 16], "texture": "#plant"},
				"south": {"uv": [8, 6, 10, 16], "texture": "#plant"},
				"west": {"uv": [8, 6, 10, 16], "texture": "#plant"},
				"up": {"uv": [8, 6, 10, 8], "texture": "#plant"},
				"down": {"uv": [8, 14, 10, 16], "texture": "#plant"}
			}
		},
		{
			"from": [7.25, 14.1, 7],
			"to": [8.25, 18.1, 9],
			"rotation": {"angle": 22.5, "axis": "y", "origin": [8, 8, 8]},
			"faces": {
				"north": {"uv": [8, 2, 9, 6], "texture": "#plant"},
				"east": {"uv": [8, 2, 9, 6], "texture": "#plant"},
				"south": {"uv": [8, 2, 9, 6], "texture": "#plant"},
				"west": {"uv": [8, 2, 9, 6], "texture": "#plant"},
				"up": {"uv": [8, 2, 9, 4], "texture": "#plant"},
				"down": {"uv": [8, 4, 9, 6], "texture": "#plant"}
			}
		},
		{
			"from": [6.25, 15.1, 7.5],
			"to": [7.25, 17.1, 8.5],
			"rotation": {"angle": 22.5, "axis": "y", "origin": [8, 8, 8]},
			"faces": {
				"north": {"uv": [9, 3, 10, 5], "texture": "#plant"},
				"east": {"uv": [9, 3, 10, 5], "texture": "#plant"},
				"south": {"uv": [9, 3, 10, 5], "texture": "#plant"},
				"west": {"uv": [9, 3, 10, 5], "texture": "#plant"},
				"up": {"uv": [9, 3, 10, 4], "texture": "#plant"},
				"down": {"uv": [9, 4, 10, 5], "texture": "#plant"}
			}
		},
		{
			"from": [5.25, 16.1, 7.5],
			"to": [6.25, 19.1, 8.5],
			"rotation": {"angle": 22.5, "axis": "y", "origin": [8, 8, 8]},
			"faces": {
				"north": {"uv": [10, 1, 11, 4], "texture": "#plant"},
				"east": {"uv": [10, 1, 11, 4], "texture": "#plant"},
				"south": {"uv": [10, 1, 11, 4], "texture": "#plant"},
				"west": {"uv": [10, 1, 11, 4], "texture": "#plant"},
				"up": {"uv": [10, 1, 11, 2], "texture": "#plant"},
				"down": {"uv": [9, 4, 10, 5], "texture": "#plant"}
			}
		},
		{
			"from": [4.25, 18.1, 7.5],
			"to": [5.25, 20.1, 8.5],
			"rotation": {"angle": 22.5, "axis": "y", "origin": [8, 8, 8]},
			"faces": {
				"north": {"uv": [11, 0, 12, 2], "texture": "#plant"},
				"east": {"uv": [11, 0, 12, 2], "texture": "#plant"},
				"south": {"uv": [11, 0, 12, 2], "texture": "#plant"},
				"west": {"uv": [11, 0, 12, 2], "texture": "#plant"},
				"up": {"uv": [11, 0, 12, 1], "texture": "#plant"},
				"down": {"uv": [11, 1, 12, 2], "texture": "#plant"}
			}
		},
		{
			"from": [4.25, 15.1, 7.5],
			"to": [5.25, 16.1, 8.5],
			"rotation": {"angle": 22.5, "axis": "y", "origin": [8, 8, 8]},
			"faces": {
				"north": {"uv": [11, 4, 12, 5], "texture": "#plant"},
				"east": {"uv": [11, 4, 12, 5], "texture": "#plant"},
				"south": {"uv": [11, 4, 12, 5], "texture": "#plant"},
				"west": {"uv": [11, 4, 12, 5], "texture": "#plant"},
				"up": {"uv": [11, 4, 12, 5], "texture": "#plant"},
				"down": {"uv": [11, 4, 12, 5], "texture": "#plant"}
			}
		},
		{
			"from": [5.25, 8.1, 7.5],
			"to": [6.25, 9.1, 8.5],
			"rotation": {"angle": 22.5, "axis": "y", "origin": [8, 8, 8]},
			"faces": {
				"north": {"uv": [10, 11, 11, 12], "texture": "#plant"},
				"east": {"uv": [10, 11, 11, 12], "texture": "#plant"},
				"south": {"uv": [10, 11, 11, 12], "texture": "#plant"},
				"west": {"uv": [10, 11, 11, 12], "texture": "#plant"},
				"up": {"uv": [10, 11, 11, 12], "texture": "#plant"},
				"down": {"uv": [10, 11, 11, 12], "texture": "#plant"}
			}
		},
		{
			"from": [6.86815, 6.1, 8.81969],
			"to": [7.86815, 7.1, 9.81969],
			"rotation": {"angle": 22.5, "axis": "y", "origin": [8, 8, 8]},
			"faces": {
				"north": {"uv": [10, 11, 11, 12], "texture": "#plant"},
				"east": {"uv": [10, 11, 11, 12], "texture": "#plant"},
				"south": {"uv": [10, 11, 11, 12], "texture": "#plant"},
				"west": {"uv": [10, 11, 11, 12], "texture": "#plant"},
				"up": {"uv": [10, 11, 11, 12], "texture": "#plant"},
				"down": {"uv": [10, 11, 11, 12], "texture": "#plant"}
			}
		},
		{
			"from": [5.25, 10.1, 7.5],
			"to": [6.25, 12.1, 8.5],
			"rotation": {"angle": 22.5, "axis": "y", "origin": [8, 8, 8]},
			"faces": {
				"north": {"uv": [10, 8, 11, 10], "texture": "#plant"},
				"east": {"uv": [10, 8, 11, 10], "texture": "#plant"},
				"south": {"uv": [10, 8, 11, 10], "texture": "#plant"},
				"west": {"uv": [10, 8, 11, 10], "texture": "#plant"},
				"up": {"uv": [10, 8, 11, 9], "texture": "#plant"},
				"down": {"uv": [10, 9, 11, 10], "texture": "#plant"}
			}
		},
		{
			"from": [4.25, 11.1, 7.5],
			"to": [5.25, 13.1, 8.5],
			"rotation": {"angle": 22.5, "axis": "y", "origin": [8, 8, 8]},
			"faces": {
				"north": {"uv": [11, 7, 12, 9], "texture": "#plant"},
				"east": {"uv": [11, 7, 12, 9], "texture": "#plant"},
				"south": {"uv": [11, 7, 12, 9], "texture": "#plant"},
				"west": {"uv": [11, 7, 12, 9], "texture": "#plant"},
				"up": {"uv": [11, 7, 12, 8], "texture": "#plant"},
				"down": {"uv": [11, 8, 12, 9], "texture": "#plant"}
			}
		},
		{
			"from": [2.25, 12.1, 7.5],
			"to": [4.25, 13.1, 8.5],
			"rotation": {"angle": 22.5, "axis": "y", "origin": [8, 8, 8]},
			"faces": {
				"north": {"uv": [12, 7, 14, 8], "texture": "#plant"},
				"east": {"uv": [12, 7, 13, 8], "texture": "#plant"},
				"south": {"uv": [12, 7, 14, 8], "texture": "#plant"},
				"west": {"uv": [13, 7, 14, 8], "texture": "#plant"},
				"up": {"uv": [14, 7, 12, 8], "texture": "#plant"},
				"down": {"uv": [14, 7, 12, 8], "texture": "#plant"}
			}
		},
		{
			"from": [1.25, 13.1, 7.5],
			"to": [3.25, 14.1, 8.5],
			"rotation": {"angle": 22.5, "axis": "y", "origin": [8, 8, 8]},
			"faces": {
				"north": {"uv": [13, 6, 15, 7], "texture": "#plant"},
				"east": {"uv": [14, 6, 15, 7], "texture": "#plant"},
				"south": {"uv": [13, 6, 15, 7], "texture": "#plant"},
				"west": {"uv": [13, 6, 14, 7], "texture": "#plant"},
				"up": {"uv": [13, 6, 15, 7], "texture": "#plant"},
				"down": {"uv": [13, 6, 15, 7], "texture": "#plant"}
			}
		},
		{
			"from": [8.25, 4.1, 7],
			"to": [9.25, 8.1, 9],
			"rotation": {"angle": 22.5, "axis": "y", "origin": [8, 8, 8]},
			"faces": {
				"north": {"uv": [7, 12, 8, 16], "texture": "#plant"},
				"east": {"uv": [7, 12, 8, 16], "texture": "#plant"},
				"south": {"uv": [7, 12, 8, 16], "texture": "#plant"},
				"west": {"uv": [7, 12, 8, 16], "texture": "#plant"},
				"up": {"uv": [7, 12, 8, 13], "texture": "#plant"},
				"down": {"uv": [7, 15, 8, 16], "texture": "#plant"}
			}
		},
		{
			"from": [10.25, 7.1, 7.5],
			"to": [11.25, 9.1, 8.5],
			"rotation": {"angle": 22.5, "axis": "y", "origin": [8, 8, 8]},
			"faces": {
				"north": {"uv": [5, 11, 6, 13], "texture": "#plant"},
				"east": {"uv": [5, 11, 6, 13], "texture": "#plant"},
				"south": {"uv": [5, 11, 6, 13], "texture": "#plant"},
				"west": {"uv": [5, 11, 6, 13], "texture": "#plant"},
				"up": {"uv": [5, 11, 6, 12], "texture": "#plant"},
				"down": {"uv": [5, 12, 6, 13], "texture": "#plant"}
			}
		},
		{
			"from": [11.25, 8.1, 7.5],
			"to": [12.25, 9.1, 8.5],
			"rotation": {"angle": 22.5, "axis": "y", "origin": [8, 8, 8]},
			"faces": {
				"north": {"uv": [4, 11, 5, 12], "texture": "#plant"},
				"east": {"uv": [4, 11, 5, 12], "texture": "#plant"},
				"south": {"uv": [4, 11, 5, 12], "texture": "#plant"},
				"west": {"uv": [4, 11, 5, 12], "texture": "#plant"},
				"up": {"uv": [4, 11, 5, 12], "texture": "#plant"},
				"down": {"uv": [4, 11, 5, 12], "texture": "#plant"}
			}
		},
		{
			"from": [9.25, 6.1, 7.5],
			"to": [10.25, 8.1, 8.5],
			"rotation": {"angle": 22.5, "axis": "y", "origin": [8, 8, 8]},
			"faces": {
				"north": {"uv": [6, 12, 7, 14], "texture": "#plant"},
				"east": {"uv": [6, 12, 7, 14], "texture": "#plant"},
				"south": {"uv": [6, 12, 7, 14], "texture": "#plant"},
				"west": {"uv": [6, 12, 7, 14], "texture": "#plant"},
				"up": {"uv": [6, 12, 7, 13], "texture": "#plant"},
				"down": {"uv": [6, 13, 7, 14], "texture": "#plant"}
			}
		},
		{
			"from": [10.25, 11.1, 7.5],
			"to": [11.25, 13.1, 8.5],
			"rotation": {"angle": 22.5, "axis": "y", "origin": [8, 8, 8]},
			"faces": {
				"north": {"uv": [5, 7, 6, 9], "texture": "#plant"},
				"east": {"uv": [5, 7, 6, 9], "texture": "#plant"},
				"south": {"uv": [5, 7, 6, 9], "texture": "#plant"},
				"west": {"uv": [5, 7, 6, 9], "texture": "#plant"},
				"up": {"uv": [5, 7, 6, 8], "texture": "#plant"},
				"down": {"uv": [5, 8, 6, 9], "texture": "#plant"}
			}
		},
		{
			"from": [9.25, 10.1, 7.5],
			"to": [10.25, 12.1, 8.5],
			"rotation": {"angle": 22.5, "axis": "y", "origin": [8, 8, 8]},
			"faces": {
				"north": {"uv": [6, 8, 7, 10], "texture": "#plant"},
				"east": {"uv": [6, 8, 7, 10], "texture": "#plant"},
				"south": {"uv": [6, 8, 7, 10], "texture": "#plant"},
				"west": {"uv": [6, 8, 7, 10], "texture": "#plant"},
				"up": {"uv": [6, 8, 7, 9], "texture": "#plant"},
				"down": {"uv": [6, 9, 7, 10], "texture": "#plant"}
			}
		},
		{
			"from": [8.25, 9.1, 7],
			"to": [9.25, 15.1, 9],
			"rotation": {"angle": 22.5, "axis": "y", "origin": [8, 8, 8]},
			"faces": {
				"north": {"uv": [7, 5, 8, 11], "texture": "#plant"},
				"east": {"uv": [7, 5, 8, 11], "texture": "#plant"},
				"south": {"uv": [7, 5, 8, 11], "texture": "#plant"},
				"west": {"uv": [7, 5, 8, 11], "texture": "#plant"},
				"up": {"uv": [7, 5, 8, 6], "texture": "#plant"},
				"down": {"uv": [7, 10, 8, 11], "texture": "#plant"}
			}
		},
		{
			"from": [9.25, 13.1, 7.5],
			"to": [10.25, 16.1, 8.5],
			"rotation": {"angle": 22.5, "axis": "y", "origin": [8, 8, 8]},
			"faces": {
				"north": {"uv": [6, 4, 7, 7], "texture": "#plant"},
				"east": {"uv": [6, 4, 7, 7], "texture": "#plant"},
				"south": {"uv": [6, 4, 7, 7], "texture": "#plant"},
				"west": {"uv": [6, 4, 7, 7], "texture": "#plant"},
				"up": {"uv": [6, 4, 7, 5], "texture": "#plant"},
				"down": {"uv": [6, 6, 7, 7], "texture": "#plant"}
			}
		},
		{
			"from": [10.25, 14.1, 7.5],
			"to": [11.25, 17.1, 8.5],
			"rotation": {"angle": 22.5, "axis": "y", "origin": [8, 8, 8]},
			"faces": {
				"north": {"uv": [5, 3, 6, 6], "texture": "#plant"},
				"east": {"uv": [5, 3, 6, 6], "texture": "#plant"},
				"south": {"uv": [5, 3, 6, 6], "texture": "#plant"},
				"west": {"uv": [5, 3, 6, 6], "texture": "#plant"},
				"up": {"uv": [5, 3, 6, 4], "texture": "#plant"},
				"down": {"uv": [5, 5, 6, 6], "texture": "#plant"}
			}
		},
		{
			"from": [11.25, 16.1, 7.5],
			"to": [12.25, 19.1, 8.5],
			"rotation": {"angle": 22.5, "axis": "y", "origin": [8, 8, 8]},
			"faces": {
				"north": {"uv": [4, 1, 5, 4], "texture": "#plant"},
				"east": {"uv": [4, 1, 5, 4], "texture": "#plant"},
				"south": {"uv": [4, 1, 5, 4], "texture": "#plant"},
				"west": {"uv": [4, 1, 5, 4], "texture": "#plant"},
				"up": {"uv": [4, 1, 5, 2], "texture": "#plant"},
				"down": {"uv": [4, 3, 5, 4], "texture": "#plant"}
			}
		},
		{
			"from": [13.25, 13.1, 7.5],
			"to": [14.25, 14.1, 8.5],
			"rotation": {"angle": 22.5, "axis": "y", "origin": [8, 8, 8]},
			"faces": {
				"north": {"uv": [14, 6, 15, 7], "texture": "#plant"},
				"east": {"uv": [14, 6, 15, 7], "texture": "#plant"},
				"south": {"uv": [14, 6, 15, 7], "texture": "#plant"},
				"west": {"uv": [14, 6, 15, 7], "texture": "#plant"},
				"up": {"uv": [14, 6, 15, 7], "texture": "#plant"},
				"down": {"uv": [14, 6, 15, 7], "texture": "#plant"}
			}
		},
		{
			"from": [11.25, 12.1, 7.5],
			"to": [13.25, 14.1, 8.5],
			"rotation": {"angle": 22.5, "axis": "y", "origin": [8, 8, 8]},
			"faces": {
				"north": {"uv": [3, 6, 5, 8], "texture": "#plant"},
				"east": {"uv": [4, 6, 5, 8], "texture": "#plant"},
				"south": {"uv": [3, 6, 5, 8], "texture": "#plant"},
				"west": {"uv": [3, 6, 4, 8], "texture": "#plant"},
				"up": {"uv": [3, 6, 5, 7], "texture": "#plant"},
				"down": {"uv": [3, 7, 5, 8], "texture": "#plant"}
			}
		}
	],
	"groups": [
		{
			"name": "flower_pot_cross",
			"origin": [8, 8, 8],
			"color": 0,
			"children": [0, 1, 2, 3, 4]
		},
		{
			"name": "dead_bush",
			"origin": [8, 8, 8],
			"color": 0,
			"children": [5, 6, 7, 8, 9, 10, 11, 12, 13, 14, 15, 16, 17, 18,
				{
					"name": "group",
					"origin": [8, 8, 8],
					"color": 0,
					"children": [19, 20, 21, 22, 23, 24, 25, 26, 27, 28, 29, 30, 31, 32, 33, 34, 35, 36, 37, 38, 39, 40, 41, 42]
				}
			]
		}
	]
}