{
	"credit": "Made with Blockbench",
	"parent": "block/cross",
	"ambientocclusion": false,
	"textures": {
		"flowerpot": "block/flower_pot",
		"dirt": "block/dirt",
		"cross": "block/azure_bluet"
	},
	"elements": [
		{
			"from": [5, 0, 5],
			"to": [6, 6, 11],
			"faces": {
				"north": {"uv": [10, 10, 11, 16], "texture": "#flowerpot"},
				"east": {"uv": [5, 10, 11, 16], "texture": "#flowerpot"},
				"south": {"uv": [5, 10, 6, 16], "texture": "#flowerpot"},
				"west": {"uv": [5, 10, 11, 16], "texture": "#flowerpot"},
				"up": {"uv": [5, 5, 6, 11], "texture": "#flowerpot"},
				"down": {"uv": [5, 5, 6, 11], "texture": "#flowerpot", "cullface": "down"}
			}
		},
		{
			"from": [10, 0, 5],
			"to": [11, 6, 11],
			"faces": {
				"north": {"uv": [5, 10, 6, 16], "texture": "#flowerpot"},
				"east": {"uv": [5, 10, 11, 16], "texture": "#flowerpot"},
				"south": {"uv": [10, 10, 11, 16], "texture": "#flowerpot"},
				"west": {"uv": [5, 10, 11, 16], "texture": "#flowerpot"},
				"up": {"uv": [10, 5, 11, 11], "texture": "#flowerpot"},
				"down": {"uv": [10, 5, 11, 11], "texture": "#flowerpot", "cullface": "down"}
			}
		},
		{
			"from": [6, 0, 5],
			"to": [10, 6, 6],
			"faces": {
				"north": {"uv": [6, 10, 10, 16], "texture": "#flowerpot"},
				"south": {"uv": [6, 10, 10, 16], "texture": "#flowerpot"},
				"up": {"uv": [6, 5, 10, 6], "texture": "#flowerpot"},
				"down": {"uv": [6, 10, 10, 11], "texture": "#flowerpot", "cullface": "down"}
			}
		},
		{
			"from": [6, 0, 10],
			"to": [10, 6, 11],
			"faces": {
				"north": {"uv": [6, 10, 10, 16], "texture": "#flowerpot"},
				"south": {"uv": [6, 10, 10, 16], "texture": "#flowerpot"},
				"up": {"uv": [6, 10, 10, 11], "texture": "#flowerpot"},
				"down": {"uv": [6, 5, 10, 6], "texture": "#flowerpot", "cullface": "down"}
			}
		},
		{
			"from": [6, 0, 6],
			"to": [10, 4, 10],
			"faces": {
				"up": {"uv": [6, 6, 10, 10], "texture": "#dirt"},
				"down": {"uv": [6, 12, 10, 16], "texture": "#flowerpot", "cullface": "down"}
			}
		},
		{
			"from": [8.5, 9, 7.5],
			"to": [11.5, 10, 8.5],
			"rotation": {"angle": 0, "axis": "y", "origin": [8.07927, 9.5872, 7.91585]},
			"faces": {
				"north": {"uv": [4, 11, 7, 12], "texture": "#cross"},
				"east": {"uv": [4, 11, 5, 12], "texture": "#cross"},
				"south": {"uv": [4, 11, 7, 12], "texture": "#cross"},
				"west": {"uv": [6, 11, 7, 12], "texture": "#cross"},
				"up": {"uv": [4, 11, 7, 12], "texture": "#cross"},
				"down": {"uv": [4, 11, 7, 12], "texture": "#cross"}
			}
		},
		{
			"from": [7.5, 5, 7.5],
			"to": [8.5, 9, 8.5],
			"rotation": {"angle": 0, "axis": "y", "origin": [8.07927, 9.5872, 7.91585]},
			"faces": {
				"north": {"uv": [7, 12, 8, 16], "texture": "#cross"},
				"east": {"uv": [7, 12, 8, 16], "texture": "#cross"},
				"south": {"uv": [7, 12, 8, 16], "texture": "#cross"},
				"west": {"uv": [7, 12, 8, 16], "texture": "#cross"},
				"up": {"uv": [7, 12, 8, 13], "texture": "#cross"},
				"down": {"uv": [7, 15, 8, 16], "texture": "#cross"}
			}
		},
		{
			"from": [10.5, 10, 7.5],
			"to": [11.5, 11, 8.5],
			"rotation": {"angle": 0, "axis": "y", "origin": [8.07927, 9.5872, 7.91585]},
			"faces": {
				"north": {"uv": [4, 10, 5, 11], "texture": "#cross"},
				"east": {"uv": [4, 10, 5, 11], "texture": "#cross"},
				"south": {"uv": [4, 10, 5, 11], "texture": "#cross"},
				"west": {"uv": [4, 10, 5, 11], "texture": "#cross"},
				"up": {"uv": [4, 10, 5, 11], "texture": "#cross"},
				"down": {"uv": [4, 10, 5, 11], "texture": "#cross"}
			}
		},
		{
			"from": [8.5, 10, 7.5],
			"to": [9.5, 11, 8.5],
			"rotation": {"angle": 0, "axis": "y", "origin": [8.07927, 9.5872, 7.91585]},
			"faces": {
				"north": {"uv": [6, 10, 7, 11], "texture": "#cross"},
				"east": {"uv": [6, 10, 7, 11], "texture": "#cross"},
				"south": {"uv": [6, 10, 7, 11], "texture": "#cross"},
				"west": {"uv": [6, 10, 7, 11], "texture": "#cross"},
				"up": {"uv": [6, 10, 7, 11], "texture": "#cross"},
				"down": {"uv": [6, 10, 7, 11], "texture": "#cross"}
			}
		},
		{
			"from": [8.5, 8, 7.5],
			"to": [9.5, 9, 8.5],
			"rotation": {"angle": 0, "axis": "y", "origin": [8.07927, 9.5872, 7.91585]},
			"faces": {
				"north": {"uv": [6, 10, 7, 11], "texture": "#cross"},
				"east": {"uv": [6, 10, 7, 11], "texture": "#cross"},
				"south": {"uv": [6, 10, 7, 11], "texture": "#cross"},
				"west": {"uv": [6, 10, 7, 11], "texture": "#cross"},
				"up": {"uv": [6, 10, 7, 11], "texture": "#cross"},
				"down": {"uv": [6, 10, 7, 11], "texture": "#cross"}
			}
		},
		{
			"from": [6.5, 6, 7.5],
			"to": [7.5, 10, 8.5],
			"rotation": {"angle": 0, "axis": "y", "origin": [8.07927, 9.5872, 7.91585]},
			"faces": {
				"north": {"uv": [8, 11, 9, 15], "texture": "#cross"},
				"east": {"uv": [8, 11, 9, 15], "texture": "#cross"},
				"south": {"uv": [8, 11, 9, 15], "texture": "#cross"},
				"west": {"uv": [8, 11, 9, 15], "texture": "#cross"},
				"up": {"uv": [8, 11, 9, 12], "texture": "#cross"},
				"down": {"uv": [8, 14, 9, 15], "texture": "#cross"}
			}
		},
		{
			"from": [5.5, 7, 7.5],
			"to": [6.5, 8, 8.5],
			"rotation": {"angle": 0, "axis": "y", "origin": [8.07927, 9.5872, 7.91585]},
			"faces": {
				"north": {"uv": [9, 13, 10, 14], "texture": "#cross"},
				"east": {"uv": [9, 13, 10, 14], "texture": "#cross"},
				"south": {"uv": [9, 13, 10, 14], "texture": "#cross"},
				"west": {"uv": [9, 13, 10, 14], "texture": "#cross"},
				"up": {"uv": [9, 13, 10, 14], "texture": "#cross"},
				"down": {"uv": [9, 13, 10, 14], "texture": "#cross"}
			}
		},
		{
			"from": [4.5, 8, 7.5],
			"to": [5.5, 9, 8.5],
			"rotation": {"angle": 0, "axis": "y", "origin": [8.07927, 9.5872, 7.91585]},
			"faces": {
				"north": {"uv": [10, 12, 11, 13], "texture": "#cross"},
				"east": {"uv": [10, 12, 11, 13], "texture": "#cross"},
				"south": {"uv": [10, 12, 11, 13], "texture": "#cross"},
				"west": {"uv": [10, 12, 11, 13], "texture": "#cross"},
				"up": {"uv": [10, 12, 11, 13], "texture": "#cross"},
				"down": {"uv": [10, 12, 11, 13], "texture": "#cross"}
			}
		},
		{
			"from": [5.5, 10, 7.5],
			"to": [6.5, 12, 8.5],
			"rotation": {"angle": 0, "axis": "y", "origin": [8.07927, 9.5872, 7.91585]},
			"faces": {
				"north": {"uv": [9, 9, 10, 11], "texture": "#cross"},
				"east": {"uv": [9, 9, 10, 11], "texture": "#cross"},
				"south": {"uv": [9, 9, 10, 11], "texture": "#cross"},
				"west": {"uv": [9, 9, 10, 11], "texture": "#cross"},
				"up": {"uv": [9, 9, 10, 10], "texture": "#cross"},
				"down": {"uv": [9, 10, 10, 11], "texture": "#cross"}
			}
		},
		{
			"from": [3.5, 9, 7.5],
			"to": [4.5, 10, 8.5],
			"rotation": {"angle": 0, "axis": "y", "origin": [8.07927, 9.5872, 7.91585]},
			"faces": {
				"north": {"uv": [11, 11, 12, 12], "texture": "#cross"},
				"east": {"uv": [10, 12, 11, 13], "texture": "#cross"},
				"south": {"uv": [11, 11, 12, 12], "texture": "#cross"},
				"west": {"uv": [11, 11, 12, 12], "texture": "#cross"},
				"up": {"uv": [11, 11, 12, 12], "texture": "#cross"},
				"down": {"uv": [11, 11, 12, 12], "texture": "#cross"}
			}
		},
		{
			"from": [3.5, 8, 7.5],
			"to": [4.5, 9, 8.5],
			"rotation": {"angle": 0, "axis": "y", "origin": [8.07927, 9.5872, 7.91585]},
			"faces": {
				"north": {"uv": [11, 12, 12, 13], "texture": "#cross"},
				"east": {"uv": [11, 12, 12, 13], "texture": "#cross"},
				"south": {"uv": [11, 12, 12, 13], "texture": "#cross"},
				"west": {"uv": [11, 12, 12, 13], "texture": "#cross"},
				"up": {"uv": [11, 12, 12, 13], "texture": "#cross"},
				"down": {"uv": [11, 12, 12, 13], "texture": "#cross"}
			}
		},
		{
			"from": [3.5, 9, 6.5],
			"to": [4.5, 10, 7.5],
			"rotation": {"angle": 0, "axis": "y", "origin": [8.07927, 9.5872, 7.91585]},
			"faces": {
				"north": {"uv": [10, 11, 11, 12], "texture": "#cross"},
				"east": {"uv": [10, 11, 11, 12], "texture": "#cross"},
				"south": {"uv": [10, 11, 11, 12], "texture": "#cross"},
				"west": {"uv": [10, 11, 11, 12], "texture": "#cross"},
				"up": {"uv": [10, 11, 11, 12], "texture": "#cross"},
				"down": {"uv": [10, 11, 11, 12], "texture": "#cross"}
			}
		},
		{
			"from": [3.5, 10, 7.5],
			"to": [4.5, 11, 8.5],
			"rotation": {"angle": 0, "axis": "y", "origin": [8.07927, 9.5872, 7.91585]},
			"faces": {
				"north": {"uv": [10, 11, 11, 12], "texture": "#cross"},
				"east": {"uv": [10, 11, 11, 12], "texture": "#cross"},
				"south": {"uv": [10, 11, 11, 12], "texture": "#cross"},
				"west": {"uv": [10, 11, 11, 12], "texture": "#cross"},
				"up": {"uv": [10, 11, 11, 12], "texture": "#cross"},
				"down": {"uv": [10, 11, 11, 12], "texture": "#cross"}
			}
		},
		{
			"from": [3.5, 9, 8.5],
			"to": [4.5, 10, 9.5],
			"rotation": {"angle": 0, "axis": "y", "origin": [8.07927, 9.5872, 7.91585]},
			"faces": {
				"north": {"uv": [11, 12, 12, 13], "texture": "#cross"},
				"east": {"uv": [11, 12, 12, 13], "texture": "#cross"},
				"south": {"uv": [11, 12, 12, 13], "texture": "#cross"},
				"west": {"uv": [11, 12, 12, 13], "texture": "#cross"},
				"up": {"uv": [11, 12, 12, 13], "texture": "#cross"},
				"down": {"uv": [11, 12, 12, 13], "texture": "#cross"}
			}
		},
		{
			"from": [11.5, 11, 7.5],
			"to": [12.5, 12, 8.5],
			"rotation": {"angle": 0, "axis": "y", "origin": [8.07927, 9.5872, 7.91585]},
			"faces": {
				"north": {"uv": [3, 9, 4, 10], "texture": "#cross"},
				"east": {"uv": [3, 9, 4, 10], "texture": "#cross"},
				"south": {"uv": [3, 9, 4, 10], "texture": "#cross"},
				"west": {"uv": [4, 10, 5, 11], "texture": "#cross"},
				"up": {"uv": [3, 9, 4, 10], "texture": "#cross"},
				"down": {"uv": [3, 9, 4, 10], "texture": "#cross"}
			}
		},
		{
			"from": [11.5, 10, 7.5],
			"to": [12.5, 11, 8.5],
			"rotation": {"angle": 0, "axis": "y", "origin": [8.07927, 9.5872, 7.91585]},
			"faces": {
				"north": {"uv": [3, 10, 4, 11], "texture": "#cross"},
				"east": {"uv": [3, 10, 4, 11], "texture": "#cross"},
				"south": {"uv": [3, 10, 4, 11], "texture": "#cross"},
				"west": {"uv": [3, 10, 4, 11], "texture": "#cross"},
				"up": {"uv": [3, 10, 4, 11], "texture": "#cross"},
				"down": {"uv": [3, 10, 4, 11], "texture": "#cross"}
			}
		},
		{
			"from": [11.5, 12, 7.5],
			"to": [12.5, 13, 8.5],
			"rotation": {"angle": 0, "axis": "y", "origin": [8.07927, 9.5872, 7.91585]},
			"faces": {
				"north": {"uv": [3, 10, 4, 11], "texture": "#cross"},
				"east": {"uv": [3, 10, 4, 11], "texture": "#cross"},
				"south": {"uv": [3, 10, 4, 11], "texture": "#cross"},
				"west": {"uv": [3, 10, 4, 11], "texture": "#cross"},
				"up": {"uv": [3, 10, 4, 11], "texture": "#cross"},
				"down": {"uv": [3, 10, 4, 11], "texture": "#cross"}
			}
		},
		{
			"from": [11.5, 11, 6.5],
			"to": [12.5, 12, 7.5],
			"rotation": {"angle": 0, "axis": "y", "origin": [8.07927, 9.5872, 7.91585]},
			"faces": {
				"north": {"uv": [4, 9, 5, 10], "texture": "#cross"},
				"east": {"uv": [4, 9, 5, 10], "texture": "#cross"},
				"south": {"uv": [4, 9, 5, 10], "texture": "#cross"},
				"west": {"uv": [4, 9, 5, 10], "texture": "#cross"},
				"up": {"uv": [4, 9, 5, 10], "texture": "#cross"},
				"down": {"uv": [4, 9, 5, 10], "texture": "#cross"}
			}
		},
		{
			"from": [11.5, 11, 8.5],
			"to": [12.5, 12, 9.5],
			"rotation": {"angle": 0, "axis": "y", "origin": [8.07927, 9.5872, 7.91585]},
			"faces": {
				"north": {"uv": [4, 9, 5, 10], "texture": "#cross"},
				"east": {"uv": [4, 9, 5, 10], "texture": "#cross"},
				"south": {"uv": [4, 9, 5, 10], "texture": "#cross"},
				"west": {"uv": [4, 9, 5, 10], "texture": "#cross"},
				"up": {"uv": [4, 9, 5, 10], "texture": "#cross"},
				"down": {"uv": [4, 9, 5, 10], "texture": "#cross"}
			}
		},
		{
			"from": [4.5, 12, 7.5],
			"to": [5.5, 13, 8.5],
			"rotation": {"angle": 0, "axis": "y", "origin": [8.07927, 9.5872, 7.91585]},
			"faces": {
				"north": {"uv": [10, 8, 11, 9], "texture": "#cross"},
				"east": {"uv": [9, 9, 10, 10], "texture": "#cross"},
				"south": {"uv": [10, 8, 11, 9], "texture": "#cross"},
				"west": {"uv": [10, 8, 11, 9], "texture": "#cross"},
				"up": {"uv": [10, 8, 11, 9], "texture": "#cross"},
				"down": {"uv": [10, 8, 11, 9], "texture": "#cross"}
			}
		},
		{
			"from": [4.5, 11, 7.5],
			"to": [5.5, 12, 8.5],
			"rotation": {"angle": 0, "axis": "y", "origin": [8.07927, 9.5872, 7.91585]},
			"faces": {
				"north": {"uv": [10, 9, 11, 10], "texture": "#cross"},
				"east": {"uv": [10, 9, 11, 10], "texture": "#cross"},
				"south": {"uv": [10, 9, 11, 10], "texture": "#cross"},
				"west": {"uv": [10, 9, 11, 10], "texture": "#cross"},
				"up": {"uv": [10, 9, 11, 10], "texture": "#cross"},
				"down": {"uv": [10, 9, 11, 10], "texture": "#cross"}
			}
		},
		{
			"from": [4.5, 12, 8.5],
			"to": [5.5, 13, 9.5],
			"rotation": {"angle": 0, "axis": "y", "origin": [8.07927, 9.5872, 7.91585]},
			"faces": {
				"north": {"uv": [10, 9, 11, 10], "texture": "#cross"},
				"east": {"uv": [10, 9, 11, 10], "texture": "#cross"},
				"south": {"uv": [10, 9, 11, 10], "texture": "#cross"},
				"west": {"uv": [10, 9, 11, 10], "texture": "#cross"},
				"up": {"uv": [10, 9, 11, 10], "texture": "#cross"},
				"down": {"uv": [10, 9, 11, 10], "texture": "#cross"}
			}
		},
		{
			"from": [4.5, 12, 6.5],
			"to": [5.5, 13, 7.5],
			"rotation": {"angle": 0, "axis": "y", "origin": [8.07927, 9.5872, 7.91585]},
			"faces": {
				"north": {"uv": [9, 8, 10, 9], "texture": "#cross"},
				"east": {"uv": [9, 8, 10, 9], "texture": "#cross"},
				"south": {"uv": [9, 8, 10, 9], "texture": "#cross"},
				"west": {"uv": [9, 8, 10, 9], "texture": "#cross"},
				"up": {"uv": [9, 8, 10, 9], "texture": "#cross"},
				"down": {"uv": [9, 8, 10, 9], "texture": "#cross"}
			}
		},
		{
			"from": [4.5, 13, 7.5],
			"to": [5.5, 14, 8.5],
			"rotation": {"angle": 0, "axis": "y", "origin": [8.07927, 9.5872, 7.91585]},
			"faces": {
				"north": {"uv": [9, 8, 10, 9], "texture": "#cross"},
				"east": {"uv": [9, 8, 10, 9], "texture": "#cross"},
				"south": {"uv": [9, 8, 10, 9], "texture": "#cross"},
				"west": {"uv": [9, 8, 10, 9], "texture": "#cross"},
				"up": {"uv": [9, 8, 10, 9], "texture": "#cross"},
				"down": {"uv": [9, 8, 10, 9], "texture": "#cross"}
			}
		},
		{
			"from": [7.5, 12, 7.5],
			"to": [8.5, 13, 8.5],
			"rotation": {"angle": 0, "axis": "y", "origin": [8.07927, 9.5872, 7.91585]},
			"faces": {
				"north": {"uv": [7, 8, 8, 9], "texture": "#cross"},
				"east": {"uv": [7, 8, 8, 9], "texture": "#cross"},
				"south": {"uv": [7, 8, 8, 9], "texture": "#cross"},
				"west": {"uv": [7, 8, 8, 9], "texture": "#cross"},
				"up": {"uv": [7, 8, 8, 9], "texture": "#cross"},
				"down": {"uv": [7, 8, 8, 9], "texture": "#cross"}
			}
		},
		{
			"from": [7.5, 13, 7.5],
			"to": [8.5, 14, 8.5],
			"rotation": {"angle": 0, "axis": "y", "origin": [8.07927, 9.5872, 7.91585]},
			"faces": {
				"north": {"uv": [7, 7, 8, 8], "texture": "#cross"},
				"east": {"uv": [7, 7, 8, 8], "texture": "#cross"},
				"south": {"uv": [7, 7, 8, 8], "texture": "#cross"},
				"west": {"uv": [7, 7, 8, 8], "texture": "#cross"},
				"up": {"uv": [7, 7, 8, 8], "texture": "#cross"},
				"down": {"uv": [7, 7, 8, 8], "texture": "#cross"}
			}
		},
		{
			"from": [7.5, 13, 8.5],
			"to": [8.5, 14, 9.5],
			"rotation": {"angle": 0, "axis": "y", "origin": [8.07927, 9.5872, 7.91585]},
			"faces": {
				"north": {"uv": [7, 6, 8, 7], "texture": "#cross"},
				"east": {"uv": [7, 6, 8, 7], "texture": "#cross"},
				"south": {"uv": [7, 6, 8, 7], "texture": "#cross"},
				"west": {"uv": [7, 6, 8, 7], "texture": "#cross"},
				"up": {"uv": [7, 6, 8, 7], "texture": "#cross"},
				"down": {"uv": [7, 6, 8, 7], "texture": "#cross"}
			}
		},
		{
			"from": [6.5, 13, 7.5],
			"to": [7.5, 14, 8.5],
			"rotation": {"angle": 0, "axis": "y", "origin": [8.07927, 9.5872, 7.91585]},
			"faces": {
				"north": {"uv": [7, 6, 8, 7], "texture": "#cross"},
				"east": {"uv": [7, 6, 8, 7], "texture": "#cross"},
				"south": {"uv": [7, 6, 8, 7], "texture": "#cross"},
				"west": {"uv": [7, 6, 8, 7], "texture": "#cross"},
				"up": {"uv": [7, 6, 8, 7], "texture": "#cross"},
				"down": {"uv": [7, 6, 8, 7], "texture": "#cross"}
			}
		},
		{
			"from": [8.5, 13, 7.5],
			"to": [9.5, 14, 8.5],
			"rotation": {"angle": 0, "axis": "y", "origin": [8.07927, 9.5872, 7.91585]},
			"faces": {
				"north": {"uv": [6, 7, 7, 8], "texture": "#cross"},
				"east": {"uv": [6, 7, 7, 8], "texture": "#cross"},
				"south": {"uv": [6, 7, 7, 8], "texture": "#cross"},
				"west": {"uv": [6, 7, 7, 8], "texture": "#cross"},
				"up": {"uv": [6, 7, 7, 8], "texture": "#cross"},
				"down": {"uv": [6, 7, 7, 8], "texture": "#cross"}
			}
		},
		{
			"from": [7.5, 13, 6.5],
			"to": [8.5, 14, 7.5],
			"rotation": {"angle": 0, "axis": "y", "origin": [8.07927, 9.5872, 7.91585]},
			"faces": {
				"north": {"uv": [6, 7, 7, 8], "texture": "#cross"},
				"east": {"uv": [6, 7, 7, 8], "texture": "#cross"},
				"south": {"uv": [6, 7, 7, 8], "texture": "#cross"},
				"west": {"uv": [6, 7, 7, 8], "texture": "#cross"},
				"up": {"uv": [6, 7, 7, 8], "texture": "#cross"},
				"down": {"uv": [6, 7, 7, 8], "texture": "#cross"}
			}
		},
		{
			"from": [8.5, 11, 7.5],
			"to": [9.5, 12, 8.5],
			"rotation": {"angle": 0, "axis": "y", "origin": [8.07927, 9.5872, 7.91585]},
			"faces": {
				"north": {"uv": [6, 8, 7, 9], "texture": "#cross"},
				"east": {"uv": [6, 8, 7, 9], "texture": "#cross"},
				"south": {"uv": [6, 8, 7, 9], "texture": "#cross"},
				"west": {"uv": [6, 8, 7, 9], "texture": "#cross"},
				"up": {"uv": [6, 8, 7, 9], "texture": "#cross"},
				"down": {"uv": [6, 8, 7, 9], "texture": "#cross"}
			}
		},
		{
			"from": [7.5, 8.25, 4.5],
			"to": [8.5, 9.25, 7.5],
			"rotation": {"angle": 0, "axis": "y", "origin": [8.07927, 9.5872, 7.91585]},
			"faces": {
				"north": {"uv": [4, 11, 5, 12], "texture": "#cross"},
				"east": {"uv": [4, 11, 7, 12], "texture": "#cross"},
				"south": {"uv": [6, 11, 7, 12], "texture": "#cross"},
				"west": {"uv": [4, 11, 7, 12], "texture": "#cross"},
				"up": {"uv": [4, 11, 7, 12], "rotation": 270, "texture": "#cross"},
				"down": {"uv": [4, 11, 7, 12], "rotation": 90, "texture": "#cross"}
			}
		},
		{
			"from": [7.5, 9.25, 4.5],
			"to": [8.5, 10.25, 5.5],
			"rotation": {"angle": 0, "axis": "y", "origin": [8.07927, 9.5872, 7.91585]},
			"faces": {
				"north": {"uv": [4, 10, 5, 11], "texture": "#cross"},
				"east": {"uv": [4, 10, 5, 11], "texture": "#cross"},
				"south": {"uv": [4, 10, 5, 11], "texture": "#cross"},
				"west": {"uv": [4, 10, 5, 11], "texture": "#cross"},
				"up": {"uv": [4, 10, 5, 11], "rotation": 270, "texture": "#cross"},
				"down": {"uv": [4, 10, 5, 11], "rotation": 90, "texture": "#cross"}
			}
		},
		{
			"from": [7.5, 9.25, 6.5],
			"to": [8.5, 10.25, 7.5],
			"rotation": {"angle": 0, "axis": "y", "origin": [8.07927, 9.5872, 7.91585]},
			"faces": {
				"north": {"uv": [6, 10, 7, 11], "texture": "#cross"},
				"east": {"uv": [6, 10, 7, 11], "texture": "#cross"},
				"south": {"uv": [6, 10, 7, 11], "texture": "#cross"},
				"west": {"uv": [6, 10, 7, 11], "texture": "#cross"},
				"up": {"uv": [6, 10, 7, 11], "rotation": 270, "texture": "#cross"},
				"down": {"uv": [6, 10, 7, 11], "rotation": 90, "texture": "#cross"}
			}
		},
		{
			"from": [7.5, 5, 8.5],
			"to": [8.5, 9, 9.5],
			"rotation": {"angle": 0, "axis": "y", "origin": [8.07927, 9.5872, 7.91585]},
			"faces": {
				"north": {"uv": [8, 11, 9, 15], "texture": "#cross"},
				"east": {"uv": [8, 11, 9, 15], "texture": "#cross"},
				"south": {"uv": [8, 11, 9, 15], "texture": "#cross"},
				"west": {"uv": [8, 11, 9, 15], "texture": "#cross"},
				"up": {"uv": [8, 11, 9, 12], "rotation": 270, "texture": "#cross"},
				"down": {"uv": [8, 14, 9, 15], "rotation": 90, "texture": "#cross"}
			}
		},
		{
			"from": [8.5, 5, 7.5],
			"to": [9.5, 6, 8.5],
			"rotation": {"angle": 0, "axis": "y", "origin": [8.07927, 9.5872, 7.91585]},
			"faces": {
				"north": {"uv": [9, 13, 10, 14], "texture": "#cross"},
				"east": {"uv": [9, 13, 10, 14], "texture": "#cross"},
				"south": {"uv": [9, 13, 10, 14], "texture": "#cross"},
				"west": {"uv": [9, 13, 10, 14], "texture": "#cross"},
				"up": {"uv": [9, 13, 10, 14], "rotation": 180, "texture": "#cross"},
				"down": {"uv": [9, 13, 10, 14], "rotation": 180, "texture": "#cross"}
			}
		},
		{
			"from": [8.71355, 6.5, 7.43001],
			"to": [9.71355, 7.5, 8.43001],
			"rotation": {"angle": -45, "axis": "y", "origin": [8.07927, 7.5872, 7.91585]},
			"faces": {
				"north": {"uv": [9, 13, 10, 14], "texture": "#cross"},
				"east": {"uv": [9, 13, 10, 14], "texture": "#cross"},
				"south": {"uv": [9, 13, 10, 14], "texture": "#cross"},
				"west": {"uv": [9, 13, 10, 14], "texture": "#cross"},
				"up": {"uv": [9, 13, 10, 14], "rotation": 180, "texture": "#cross"},
				"down": {"uv": [9, 13, 10, 14], "rotation": 180, "texture": "#cross"}
			}
		},
		{
			"from": [8.52384, 7.5, 7.38862],
			"to": [9.52384, 8.5, 8.38862],
			"rotation": {"angle": 45, "axis": "y", "origin": [8.07927, 9.5872, 7.91585]},
			"faces": {
				"north": {"uv": [9, 13, 10, 14], "texture": "#cross"},
				"east": {"uv": [9, 13, 10, 14], "texture": "#cross"},
				"south": {"uv": [9, 13, 10, 14], "texture": "#cross"},
				"west": {"uv": [9, 13, 10, 14], "texture": "#cross"},
				"up": {"uv": [9, 13, 10, 14], "rotation": 180, "texture": "#cross"},
				"down": {"uv": [9, 13, 10, 14], "rotation": 180, "texture": "#cross"}
			}
		},
		{
			"from": [7.46838, 5.1, 6.88951],
			"to": [8.46838, 6.1, 7.88951],
			"rotation": {"angle": 45, "axis": "y", "origin": [8.07927, 9.5872, 7.91585]},
			"faces": {
				"north": {"uv": [9, 13, 10, 14], "texture": "#cross"},
				"east": {"uv": [9, 13, 10, 14], "texture": "#cross"},
				"south": {"uv": [9, 13, 10, 14], "texture": "#cross"},
				"west": {"uv": [9, 13, 10, 14], "texture": "#cross"},
				"up": {"uv": [9, 13, 10, 14], "rotation": 90, "texture": "#cross"},
				"down": {"uv": [9, 13, 10, 14], "rotation": 270, "texture": "#cross"}
			}
		},
		{
			"from": [6.43895, 5.1, 7.41463],
			"to": [7.43895, 6.1, 8.41463],
			"rotation": {"angle": 45, "axis": "y", "origin": [8.07927, 9.5872, 7.91585]},
			"faces": {
				"north": {"uv": [9, 13, 10, 14], "texture": "#cross"},
				"east": {"uv": [9, 13, 10, 14], "texture": "#cross"},
				"south": {"uv": [9, 13, 10, 14], "texture": "#cross"},
				"west": {"uv": [9, 13, 10, 14], "texture": "#cross"},
				"up": {"uv": [9, 13, 10, 14], "texture": "#cross"},
				"down": {"uv": [9, 13, 10, 14], "texture": "#cross"}
			}
		},
		{
			"from": [9.5, 6, 7.5],
			"to": [10.5, 7, 8.5],
			"rotation": {"angle": 0, "axis": "y", "origin": [8.07927, 9.5872, 7.91585]},
			"faces": {
				"north": {"uv": [10, 12, 11, 13], "texture": "#cross"},
				"east": {"uv": [10, 12, 11, 13], "texture": "#cross"},
				"south": {"uv": [10, 12, 11, 13], "texture": "#cross"},
				"west": {"uv": [10, 12, 11, 13], "texture": "#cross"},
				"up": {"uv": [10, 12, 11, 13], "rotation": 180, "texture": "#cross"},
				"down": {"uv": [10, 12, 11, 13], "rotation": 180, "texture": "#cross"}
			}
		},
		{
			"from": [9.71355, 7.5, 7.43001],
			"to": [10.71355, 8.5, 8.43001],
			"rotation": {"angle": -45, "axis": "y", "origin": [8.07927, 7.5872, 7.91585]},
			"faces": {
				"north": {"uv": [10, 12, 11, 13], "texture": "#cross"},
				"east": {"uv": [10, 12, 11, 13], "texture": "#cross"},
				"south": {"uv": [10, 12, 11, 13], "texture": "#cross"},
				"west": {"uv": [10, 12, 11, 13], "texture": "#cross"},
				"up": {"uv": [10, 12, 11, 13], "rotation": 180, "texture": "#cross"},
				"down": {"uv": [10, 12, 11, 13], "rotation": 180, "texture": "#cross"}
			}
		},
		{
			"from": [9.52384, 8.5, 7.38862],
			"to": [10.52384, 9.5, 8.38862],
			"rotation": {"angle": 45, "axis": "y", "origin": [8.07927, 9.5872, 7.91585]},
			"faces": {
				"north": {"uv": [10, 12, 11, 13], "texture": "#cross"},
				"east": {"uv": [10, 12, 11, 13], "texture": "#cross"},
				"south": {"uv": [10, 12, 11, 13], "texture": "#cross"},
				"west": {"uv": [10, 12, 11, 13], "texture": "#cross"},
				"up": {"uv": [10, 12, 11, 13], "rotation": 180, "texture": "#cross"},
				"down": {"uv": [10, 12, 11, 13], "rotation": 180, "texture": "#cross"}
			}
		},
		{
			"from": [7.46838, 6.1, 5.88951],
			"to": [8.46838, 7.1, 6.88951],
			"rotation": {"angle": 45, "axis": "y", "origin": [8.07927, 9.5872, 7.91585]},
			"faces": {
				"north": {"uv": [10, 12, 11, 13], "texture": "#cross"},
				"east": {"uv": [10, 12, 11, 13], "texture": "#cross"},
				"south": {"uv": [10, 12, 11, 13], "texture": "#cross"},
				"west": {"uv": [10, 12, 11, 13], "texture": "#cross"},
				"up": {"uv": [10, 12, 11, 13], "rotation": 90, "texture": "#cross"},
				"down": {"uv": [10, 12, 11, 13], "rotation": 270, "texture": "#cross"}
			}
		},
		{
			"from": [5.43895, 6.1, 7.41463],
			"to": [6.43895, 7.1, 8.41463],
			"rotation": {"angle": 45, "axis": "y", "origin": [8.07927, 9.5872, 7.91585]},
			"faces": {
				"north": {"uv": [10, 12, 11, 13], "texture": "#cross"},
				"east": {"uv": [10, 12, 11, 13], "texture": "#cross"},
				"south": {"uv": [10, 12, 11, 13], "texture": "#cross"},
				"west": {"uv": [10, 12, 11, 13], "texture": "#cross"},
				"up": {"uv": [10, 12, 11, 13], "texture": "#cross"},
				"down": {"uv": [10, 12, 11, 13], "texture": "#cross"}
			}
		},
		{
			"from": [7.5, 8, 9.5],
			"to": [8.5, 10, 10.5],
			"rotation": {"angle": 0, "axis": "y", "origin": [8.07927, 10.5872, 7.91585]},
			"faces": {
				"north": {"uv": [9, 9, 10, 11], "texture": "#cross"},
				"east": {"uv": [9, 9, 10, 11], "texture": "#cross"},
				"south": {"uv": [9, 9, 10, 11], "texture": "#cross"},
				"west": {"uv": [9, 9, 10, 11], "texture": "#cross"},
				"up": {"uv": [9, 9, 10, 10], "rotation": 270, "texture": "#cross"},
				"down": {"uv": [9, 10, 10, 11], "rotation": 90, "texture": "#cross"}
			}
		},
		{
			"from": [10.5, 7, 7.5],
			"to": [11.5, 8, 8.5],
			"rotation": {"angle": 0, "axis": "y", "origin": [8.07927, 9.5872, 7.91585]},
			"faces": {
				"north": {"uv": [11, 11, 12, 12], "texture": "#cross"},
				"east": {"uv": [11, 11, 12, 12], "texture": "#cross"},
				"south": {"uv": [11, 11, 12, 12], "texture": "#cross"},
				"west": {"uv": [10, 12, 11, 13], "texture": "#cross"},
				"up": {"uv": [11, 11, 12, 12], "rotation": 180, "texture": "#cross"},
				"down": {"uv": [11, 11, 12, 12], "rotation": 180, "texture": "#cross"}
			}
		},
		{
			"from": [10.71355, 8.5, 7.43001],
			"to": [11.71355, 9.5, 8.43001],
			"rotation": {"angle": -45, "axis": "y", "origin": [8.07927, 7.5872, 7.91585]},
			"faces": {
				"north": {"uv": [11, 11, 12, 12], "texture": "#cross"},
				"east": {"uv": [11, 11, 12, 12], "texture": "#cross"},
				"south": {"uv": [11, 11, 12, 12], "texture": "#cross"},
				"west": {"uv": [10, 12, 11, 13], "texture": "#cross"},
				"up": {"uv": [11, 11, 12, 12], "rotation": 180, "texture": "#cross"},
				"down": {"uv": [11, 11, 12, 12], "rotation": 180, "texture": "#cross"}
			}
		},
		{
			"from": [10.52384, 9.5, 7.38862],
			"to": [11.52384, 10.5, 8.38862],
			"rotation": {"angle": 45, "axis": "y", "origin": [8.07927, 9.5872, 7.91585]},
			"faces": {
				"north": {"uv": [11, 11, 12, 12], "texture": "#cross"},
				"east": {"uv": [11, 11, 12, 12], "texture": "#cross"},
				"south": {"uv": [11, 11, 12, 12], "texture": "#cross"},
				"west": {"uv": [10, 12, 11, 13], "texture": "#cross"},
				"up": {"uv": [11, 11, 12, 12], "rotation": 180, "texture": "#cross"},
				"down": {"uv": [11, 11, 12, 12], "rotation": 180, "texture": "#cross"}
			}
		},
		{
			"from": [7.46838, 7.1, 4.88951],
			"to": [8.46838, 8.1, 5.88951],
			"rotation": {"angle": 45, "axis": "y", "origin": [8.07927, 9.5872, 7.91585]},
			"faces": {
				"north": {"uv": [11, 11, 12, 12], "texture": "#cross"},
				"east": {"uv": [11, 11, 12, 12], "texture": "#cross"},
				"south": {"uv": [10, 12, 11, 13], "texture": "#cross"},
				"west": {"uv": [11, 11, 12, 12], "texture": "#cross"},
				"up": {"uv": [11, 11, 12, 12], "rotation": 90, "texture": "#cross"},
				"down": {"uv": [11, 11, 12, 12], "rotation": 270, "texture": "#cross"}
			}
		},
		{
			"from": [4.43895, 7.1, 7.41463],
			"to": [5.43895, 8.1, 8.41463],
			"rotation": {"angle": 45, "axis": "y", "origin": [8.07927, 9.5872, 7.91585]},
			"faces": {
				"north": {"uv": [11, 11, 12, 12], "texture": "#cross"},
				"east": {"uv": [10, 12, 11, 13], "texture": "#cross"},
				"south": {"uv": [11, 11, 12, 12], "texture": "#cross"},
				"west": {"uv": [11, 11, 12, 12], "texture": "#cross"},
				"up": {"uv": [11, 11, 12, 12], "texture": "#cross"},
				"down": {"uv": [11, 11, 12, 12], "texture": "#cross"}
			}
		},
		{
			"from": [10.5, 6, 7.5],
			"to": [11.5, 7, 8.5],
			"rotation": {"angle": 0, "axis": "y", "origin": [8.07927, 9.5872, 7.91585]},
			"faces": {
				"north": {"uv": [11, 12, 12, 13], "texture": "#cross"},
				"east": {"uv": [11, 12, 12, 13], "texture": "#cross"},
				"south": {"uv": [11, 12, 12, 13], "texture": "#cross"},
				"west": {"uv": [11, 12, 12, 13], "texture": "#cross"},
				"up": {"uv": [11, 12, 12, 13], "rotation": 180, "texture": "#cross"},
				"down": {"uv": [11, 12, 12, 13], "rotation": 180, "texture": "#cross"}
			}
		},
		{
			"from": [10.71355, 7.5, 7.43001],
			"to": [11.71355, 8.5, 8.43001],
			"rotation": {"angle": -45, "axis": "y", "origin": [8.07927, 7.5872, 7.91585]},
			"faces": {
				"north": {"uv": [11, 12, 12, 13], "texture": "#cross"},
				"east": {"uv": [11, 12, 12, 13], "texture": "#cross"},
				"south": {"uv": [11, 12, 12, 13], "texture": "#cross"},
				"west": {"uv": [11, 12, 12, 13], "texture": "#cross"},
				"up": {"uv": [11, 12, 12, 13], "rotation": 180, "texture": "#cross"},
				"down": {"uv": [11, 12, 12, 13], "rotation": 180, "texture": "#cross"}
			}
		},
		{
			"from": [10.52384, 8.5, 7.38862],
			"to": [11.52384, 9.5, 8.38862],
			"rotation": {"angle": 45, "axis": "y", "origin": [8.07927, 9.5872, 7.91585]},
			"faces": {
				"north": {"uv": [11, 12, 12, 13], "texture": "#cross"},
				"east": {"uv": [11, 12, 12, 13], "texture": "#cross"},
				"south": {"uv": [11, 12, 12, 13], "texture": "#cross"},
				"west": {"uv": [11, 12, 12, 13], "texture": "#cross"},
				"up": {"uv": [11, 12, 12, 13], "rotation": 180, "texture": "#cross"},
				"down": {"uv": [11, 12, 12, 13], "rotation": 180, "texture": "#cross"}
			}
		},
		{
			"from": [7.46838, 6.1, 4.88951],
			"to": [8.46838, 7.1, 5.88951],
			"rotation": {"angle": 45, "axis": "y", "origin": [8.07927, 9.5872, 7.91585]},
			"faces": {
				"north": {"uv": [11, 12, 12, 13], "texture": "#cross"},
				"east": {"uv": [11, 12, 12, 13], "texture": "#cross"},
				"south": {"uv": [11, 12, 12, 13], "texture": "#cross"},
				"west": {"uv": [11, 12, 12, 13], "texture": "#cross"},
				"up": {"uv": [11, 12, 12, 13], "rotation": 90, "texture": "#cross"},
				"down": {"uv": [11, 12, 12, 13], "rotation": 270, "texture": "#cross"}
			}
		},
		{
			"from": [4.43895, 6.1, 7.41463],
			"to": [5.43895, 7.1, 8.41463],
			"rotation": {"angle": 45, "axis": "y", "origin": [8.07927, 9.5872, 7.91585]},
			"faces": {
				"north": {"uv": [11, 12, 12, 13], "texture": "#cross"},
				"east": {"uv": [11, 12, 12, 13], "texture": "#cross"},
				"south": {"uv": [11, 12, 12, 13], "texture": "#cross"},
				"west": {"uv": [11, 12, 12, 13], "texture": "#cross"},
				"up": {"uv": [11, 12, 12, 13], "texture": "#cross"},
				"down": {"uv": [11, 12, 12, 13], "texture": "#cross"}
			}
		},
		{
			"from": [10.5, 7, 8.5],
			"to": [11.5, 8, 9.5],
			"rotation": {"angle": 0, "axis": "y", "origin": [8.07927, 9.5872, 7.91585]},
			"faces": {
				"north": {"uv": [10, 11, 11, 12], "texture": "#cross"},
				"east": {"uv": [10, 11, 11, 12], "texture": "#cross"},
				"south": {"uv": [10, 11, 11, 12], "texture": "#cross"},
				"west": {"uv": [10, 11, 11, 12], "texture": "#cross"},
				"up": {"uv": [10, 11, 11, 12], "rotation": 180, "texture": "#cross"},
				"down": {"uv": [10, 11, 11, 12], "rotation": 180, "texture": "#cross"}
			}
		},
		{
			"from": [10.71355, 8.5, 8.43001],
			"to": [11.71355, 9.5, 9.43001],
			"rotation": {"angle": -45, "axis": "y", "origin": [8.07927, 7.5872, 7.91585]},
			"faces": {
				"north": {"uv": [10, 11, 11, 12], "texture": "#cross"},
				"east": {"uv": [10, 11, 11, 12], "texture": "#cross"},
				"south": {"uv": [10, 11, 11, 12], "texture": "#cross"},
				"west": {"uv": [10, 11, 11, 12], "texture": "#cross"},
				"up": {"uv": [10, 11, 11, 12], "rotation": 180, "texture": "#cross"},
				"down": {"uv": [10, 11, 11, 12], "rotation": 180, "texture": "#cross"}
			}
		},
		{
			"from": [10.52384, 9.5, 8.38862],
			"to": [11.52384, 10.5, 9.38862],
			"rotation": {"angle": 45, "axis": "y", "origin": [8.07927, 9.5872, 7.91585]},
			"faces": {
				"north": {"uv": [10, 11, 11, 12], "texture": "#cross"},
				"east": {"uv": [10, 11, 11, 12], "texture": "#cross"},
				"south": {"uv": [10, 11, 11, 12], "texture": "#cross"},
				"west": {"uv": [10, 11, 11, 12], "texture": "#cross"},
				"up": {"uv": [10, 11, 11, 12], "rotation": 180, "texture": "#cross"},
				"down": {"uv": [10, 11, 11, 12], "rotation": 180, "texture": "#cross"}
			}
		},
		{
			"from": [8.46838, 7.1, 4.88951],
			"to": [9.46838, 8.1, 5.88951],
			"rotation": {"angle": 45, "axis": "y", "origin": [8.07927, 9.5872, 7.91585]},
			"faces": {
				"north": {"uv": [10, 11, 11, 12], "texture": "#cross"},
				"east": {"uv": [10, 11, 11, 12], "texture": "#cross"},
				"south": {"uv": [10, 11, 11, 12], "texture": "#cross"},
				"west": {"uv": [10, 11, 11, 12], "texture": "#cross"},
				"up": {"uv": [10, 11, 11, 12], "rotation": 90, "texture": "#cross"},
				"down": {"uv": [10, 11, 11, 12], "rotation": 270, "texture": "#cross"}
			}
		},
		{
			"from": [4.43895, 7.1, 6.41463],
			"to": [5.43895, 8.1, 7.41463],
			"rotation": {"angle": 45, "axis": "y", "origin": [8.07927, 9.5872, 7.91585]},
			"faces": {
				"north": {"uv": [10, 11, 11, 12], "texture": "#cross"},
				"east": {"uv": [10, 11, 11, 12], "texture": "#cross"},
				"south": {"uv": [10, 11, 11, 12], "texture": "#cross"},
				"west": {"uv": [10, 11, 11, 12], "texture": "#cross"},
				"up": {"uv": [10, 11, 11, 12], "texture": "#cross"},
				"down": {"uv": [10, 11, 11, 12], "texture": "#cross"}
			}
		},
		{
			"from": [10.5, 8, 7.5],
			"to": [11.5, 9, 8.5],
			"rotation": {"angle": 0, "axis": "y", "origin": [8.07927, 9.5872, 7.91585]},
			"faces": {
				"north": {"uv": [10, 11, 11, 12], "texture": "#cross"},
				"east": {"uv": [10, 11, 11, 12], "texture": "#cross"},
				"south": {"uv": [10, 11, 11, 12], "texture": "#cross"},
				"west": {"uv": [10, 11, 11, 12], "texture": "#cross"},
				"up": {"uv": [10, 11, 11, 12], "rotation": 180, "texture": "#cross"},
				"down": {"uv": [10, 11, 11, 12], "rotation": 180, "texture": "#cross"}
			}
		},
		{
			"from": [10.71355, 9.5, 7.43001],
			"to": [11.71355, 10.5, 8.43001],
			"rotation": {"angle": -45, "axis": "y", "origin": [8.07927, 7.5872, 7.91585]},
			"faces": {
				"north": {"uv": [10, 11, 11, 12], "texture": "#cross"},
				"east": {"uv": [10, 11, 11, 12], "texture": "#cross"},
				"south": {"uv": [10, 11, 11, 12], "texture": "#cross"},
				"west": {"uv": [10, 11, 11, 12], "texture": "#cross"},
				"up": {"uv": [10, 11, 11, 12], "rotation": 180, "texture": "#cross"},
				"down": {"uv": [10, 11, 11, 12], "rotation": 180, "texture": "#cross"}
			}
		},
		{
			"from": [10.52384, 10.5, 7.38862],
			"to": [11.52384, 11.5, 8.38862],
			"rotation": {"angle": 45, "axis": "y", "origin": [8.07927, 9.5872, 7.91585]},
			"faces": {
				"north": {"uv": [10, 11, 11, 12], "texture": "#cross"},
				"east": {"uv": [10, 11, 11, 12], "texture": "#cross"},
				"south": {"uv": [10, 11, 11, 12], "texture": "#cross"},
				"west": {"uv": [10, 11, 11, 12], "texture": "#cross"},
				"up": {"uv": [10, 11, 11, 12], "rotation": 180, "texture": "#cross"},
				"down": {"uv": [10, 11, 11, 12], "rotation": 180, "texture": "#cross"}
			}
		},
		{
			"from": [7.46838, 8.1, 4.88951],
			"to": [8.46838, 9.1, 5.88951],
			"rotation": {"angle": 45, "axis": "y", "origin": [8.07927, 9.5872, 7.91585]},
			"faces": {
				"north": {"uv": [10, 11, 11, 12], "texture": "#cross"},
				"east": {"uv": [10, 11, 11, 12], "texture": "#cross"},
				"south": {"uv": [10, 11, 11, 12], "texture": "#cross"},
				"west": {"uv": [10, 11, 11, 12], "texture": "#cross"},
				"up": {"uv": [10, 11, 11, 12], "rotation": 90, "texture": "#cross"},
				"down": {"uv": [10, 11, 11, 12], "rotation": 270, "texture": "#cross"}
			}
		},
		{
			"from": [4.43895, 8.1, 7.41463],
			"to": [5.43895, 9.1, 8.41463],
			"rotation": {"angle": 45, "axis": "y", "origin": [8.07927, 9.5872, 7.91585]},
			"faces": {
				"north": {"uv": [10, 11, 11, 12], "texture": "#cross"},
				"east": {"uv": [10, 11, 11, 12], "texture": "#cross"},
				"south": {"uv": [10, 11, 11, 12], "texture": "#cross"},
				"west": {"uv": [10, 11, 11, 12], "texture": "#cross"},
				"up": {"uv": [10, 11, 11, 12], "texture": "#cross"},
				"down": {"uv": [10, 11, 11, 12], "texture": "#cross"}
			}
		},
		{
			"from": [10.5, 7, 6.5],
			"to": [11.5, 8, 7.5],
			"rotation": {"angle": 0, "axis": "y", "origin": [8.07927, 9.5872, 7.91585]},
			"faces": {
				"north": {"uv": [11, 12, 12, 13], "texture": "#cross"},
				"east": {"uv": [11, 12, 12, 13], "texture": "#cross"},
				"south": {"uv": [11, 12, 12, 13], "texture": "#cross"},
				"west": {"uv": [11, 12, 12, 13], "texture": "#cross"},
				"up": {"uv": [11, 12, 12, 13], "rotation": 180, "texture": "#cross"},
				"down": {"uv": [11, 12, 12, 13], "rotation": 180, "texture": "#cross"}
			}
		},
		{
			"from": [10.71355, 8.5, 6.43001],
			"to": [11.71355, 9.5, 7.43001],
			"rotation": {"angle": -45, "axis": "y", "origin": [8.07927, 7.5872, 7.91585]},
			"faces": {
				"north": {"uv": [11, 12, 12, 13], "texture": "#cross"},
				"east": {"uv": [11, 12, 12, 13], "texture": "#cross"},
				"south": {"uv": [11, 12, 12, 13], "texture": "#cross"},
				"west": {"uv": [11, 12, 12, 13], "texture": "#cross"},
				"up": {"uv": [11, 12, 12, 13], "rotation": 180, "texture": "#cross"},
				"down": {"uv": [11, 12, 12, 13], "rotation": 180, "texture": "#cross"}
			}
		},
		{
			"from": [10.52384, 9.5, 6.38862],
			"to": [11.52384, 10.5, 7.38862],
			"rotation": {"angle": 45, "axis": "y", "origin": [8.07927, 9.5872, 7.91585]},
			"faces": {
				"north": {"uv": [11, 12, 12, 13], "texture": "#cross"},
				"east": {"uv": [11, 12, 12, 13], "texture": "#cross"},
				"south": {"uv": [11, 12, 12, 13], "texture": "#cross"},
				"west": {"uv": [11, 12, 12, 13], "texture": "#cross"},
				"up": {"uv": [11, 12, 12, 13], "rotation": 180, "texture": "#cross"},
				"down": {"uv": [11, 12, 12, 13], "rotation": 180, "texture": "#cross"}
			}
		},
		{
			"from": [6.46838, 7.1, 4.88951],
			"to": [7.46838, 8.1, 5.88951],
			"rotation": {"angle": 45, "axis": "y", "origin": [8.07927, 9.5872, 7.91585]},
			"faces": {
				"north": {"uv": [11, 12, 12, 13], "texture": "#cross"},
				"east": {"uv": [11, 12, 12, 13], "texture": "#cross"},
				"south": {"uv": [11, 12, 12, 13], "texture": "#cross"},
				"west": {"uv": [11, 12, 12, 13], "texture": "#cross"},
				"up": {"uv": [11, 12, 12, 13], "rotation": 90, "texture": "#cross"},
				"down": {"uv": [11, 12, 12, 13], "rotation": 270, "texture": "#cross"}
			}
		},
		{
			"from": [4.43895, 7.1, 8.41463],
			"to": [5.43895, 8.1, 9.41463],
			"rotation": {"angle": 45, "axis": "y", "origin": [8.07927, 9.5872, 7.91585]},
			"faces": {
				"north": {"uv": [11, 12, 12, 13], "texture": "#cross"},
				"east": {"uv": [11, 12, 12, 13], "texture": "#cross"},
				"south": {"uv": [11, 12, 12, 13], "texture": "#cross"},
				"west": {"uv": [11, 12, 12, 13], "texture": "#cross"},
				"up": {"uv": [11, 12, 12, 13], "texture": "#cross"},
				"down": {"uv": [11, 12, 12, 13], "texture": "#cross"}
			}
		},
		{
			"from": [7.5, 10.25, 3.5],
			"to": [8.5, 11.25, 4.5],
			"rotation": {"angle": 0, "axis": "y", "origin": [8.07927, 9.5872, 7.91585]},
			"faces": {
				"north": {"uv": [3, 9, 4, 10], "texture": "#cross"},
				"east": {"uv": [3, 9, 4, 10], "texture": "#cross"},
				"south": {"uv": [4, 10, 5, 11], "texture": "#cross"},
				"west": {"uv": [3, 9, 4, 10], "texture": "#cross"},
				"up": {"uv": [3, 9, 4, 10], "rotation": 270, "texture": "#cross"},
				"down": {"uv": [3, 9, 4, 10], "rotation": 90, "texture": "#cross"}
			}
		},
		{
			"from": [7.5, 9.25, 3.5],
			"to": [8.5, 10.25, 4.5],
			"rotation": {"angle": 0, "axis": "y", "origin": [8.07927, 9.5872, 7.91585]},
			"faces": {
				"north": {"uv": [3, 10, 4, 11], "texture": "#cross"},
				"east": {"uv": [3, 10, 4, 11], "texture": "#cross"},
				"south": {"uv": [3, 10, 4, 11], "texture": "#cross"},
				"west": {"uv": [3, 10, 4, 11], "texture": "#cross"},
				"up": {"uv": [3, 10, 4, 11], "rotation": 270, "texture": "#cross"},
				"down": {"uv": [3, 10, 4, 11], "rotation": 90, "texture": "#cross"}
			}
		},
		{
			"from": [7.5, 11.25, 3.5],
			"to": [8.5, 12.25, 4.5],
			"rotation": {"angle": 0, "axis": "y", "origin": [8.07927, 9.5872, 7.91585]},
			"faces": {
				"north": {"uv": [3, 10, 4, 11], "texture": "#cross"},
				"east": {"uv": [3, 10, 4, 11], "texture": "#cross"},
				"south": {"uv": [3, 10, 4, 11], "texture": "#cross"},
				"west": {"uv": [3, 10, 4, 11], "texture": "#cross"},
				"up": {"uv": [3, 10, 4, 11], "rotation": 270, "texture": "#cross"},
				"down": {"uv": [3, 10, 4, 11], "rotation": 90, "texture": "#cross"}
			}
		},
		{
			"from": [6.5, 10.25, 3.5],
			"to": [7.5, 11.25, 4.5],
			"rotation": {"angle": 0, "axis": "y", "origin": [8.07927, 9.5872, 7.91585]},
			"faces": {
				"north": {"uv": [4, 9, 5, 10], "texture": "#cross"},
				"east": {"uv": [4, 9, 5, 10], "texture": "#cross"},
				"south": {"uv": [4, 9, 5, 10], "texture": "#cross"},
				"west": {"uv": [4, 9, 5, 10], "texture": "#cross"},
				"up": {"uv": [4, 9, 5, 10], "rotation": 270, "texture": "#cross"},
				"down": {"uv": [4, 9, 5, 10], "rotation": 90, "texture": "#cross"}
			}
		},
		{
			"from": [8.5, 10.25, 3.5],
			"to": [9.5, 11.25, 4.5],
			"rotation": {"angle": 0, "axis": "y", "origin": [8.07927, 9.5872, 7.91585]},
			"faces": {
				"north": {"uv": [4, 9, 5, 10], "texture": "#cross"},
				"east": {"uv": [4, 9, 5, 10], "texture": "#cross"},
				"south": {"uv": [4, 9, 5, 10], "texture": "#cross"},
				"west": {"uv": [4, 9, 5, 10], "texture": "#cross"},
				"up": {"uv": [4, 9, 5, 10], "rotation": 270, "texture": "#cross"},
				"down": {"uv": [4, 9, 5, 10], "rotation": 90, "texture": "#cross"}
			}
		},
		{
			"from": [7.5, 10, 10.5],
			"to": [8.5, 11, 11.5],
			"rotation": {"angle": 0, "axis": "y", "origin": [8.07927, 10.5872, 7.91585]},
			"faces": {
				"north": {"uv": [9, 9, 10, 10], "texture": "#cross"},
				"east": {"uv": [10, 8, 11, 9], "texture": "#cross"},
				"south": {"uv": [10, 8, 11, 9], "texture": "#cross"},
				"west": {"uv": [10, 8, 11, 9], "texture": "#cross"},
				"up": {"uv": [10, 8, 11, 9], "rotation": 270, "texture": "#cross"},
				"down": {"uv": [10, 8, 11, 9], "rotation": 90, "texture": "#cross"}
			}
		},
		{
			"from": [7.5, 9, 10.5],
			"to": [8.5, 10, 11.5],
			"rotation": {"angle": 0, "axis": "y", "origin": [8.07927, 10.5872, 7.91585]},
			"faces": {
				"north": {"uv": [10, 9, 11, 10], "texture": "#cross"},
				"east": {"uv": [10, 9, 11, 10], "texture": "#cross"},
				"south": {"uv": [10, 9, 11, 10], "texture": "#cross"},
				"west": {"uv": [10, 9, 11, 10], "texture": "#cross"},
				"up": {"uv": [10, 9, 11, 10], "rotation": 270, "texture": "#cross"},
				"down": {"uv": [10, 9, 11, 10], "rotation": 90, "texture": "#cross"}
			}
		},
		{
			"from": [8.5, 10, 10.5],
			"to": [9.5, 11, 11.5],
			"rotation": {"angle": 0, "axis": "y", "origin": [8.07927, 10.5872, 7.91585]},
			"faces": {
				"north": {"uv": [10, 9, 11, 10], "texture": "#cross"},
				"east": {"uv": [10, 9, 11, 10], "texture": "#cross"},
				"south": {"uv": [10, 9, 11, 10], "texture": "#cross"},
				"west": {"uv": [10, 9, 11, 10], "texture": "#cross"},
				"up": {"uv": [10, 9, 11, 10], "rotation": 270, "texture": "#cross"},
				"down": {"uv": [10, 9, 11, 10], "rotation": 90, "texture": "#cross"}
			}
		},
		{
			"from": [6.5, 10, 10.5],
			"to": [7.5, 11, 11.5],
			"rotation": {"angle": 0, "axis": "y", "origin": [8.07927, 10.5872, 7.91585]},
			"faces": {
				"north": {"uv": [9, 8, 10, 9], "texture": "#cross"},
				"east": {"uv": [9, 8, 10, 9], "texture": "#cross"},
				"south": {"uv": [9, 8, 10, 9], "texture": "#cross"},
				"west": {"uv": [9, 8, 10, 9], "texture": "#cross"},
				"up": {"uv": [9, 8, 10, 9], "rotation": 270, "texture": "#cross"},
				"down": {"uv": [9, 8, 10, 9], "rotation": 90, "texture": "#cross"}
			}
		},
		{
			"from": [7.5, 11, 10.5],
			"to": [8.5, 12, 11.5],
			"rotation": {"angle": 0, "axis": "y", "origin": [8.07927, 10.5872, 7.91585]},
			"faces": {
				"north": {"uv": [9, 8, 10, 9], "texture": "#cross"},
				"east": {"uv": [9, 8, 10, 9], "texture": "#cross"},
				"south": {"uv": [9, 8, 10, 9], "texture": "#cross"},
				"west": {"uv": [9, 8, 10, 9], "texture": "#cross"},
				"up": {"uv": [9, 8, 10, 9], "rotation": 270, "texture": "#cross"},
				"down": {"uv": [9, 8, 10, 9], "rotation": 90, "texture": "#cross"}
			}
		},
		{
			"from": [7.5, 10.25, 6.5],
			"to": [8.5, 11.25, 7.5],
			"rotation": {"angle": 0, "axis": "y", "origin": [8.07927, 9.5872, 7.91585]},
			"faces": {
				"north": {"uv": [6, 8, 7, 9], "texture": "#cross"},
				"east": {"uv": [6, 8, 7, 9], "texture": "#cross"},
				"south": {"uv": [6, 8, 7, 9], "texture": "#cross"},
				"west": {"uv": [6, 8, 7, 9], "texture": "#cross"},
				"up": {"uv": [6, 8, 7, 9], "rotation": 270, "texture": "#cross"},
				"down": {"uv": [6, 8, 7, 9], "rotation": 90, "texture": "#cross"}
			}
		}
	],
	"groups": [
		{
			"name": "flower_pot_cross",
			"origin": [8, 8, 8],
			"color": 0,
			"children": [0, 1, 2, 3, 4]
		},
		{
			"name": "azure_bluet",
			"origin": [8, 8, 8],
			"color": 0,
			"children": [
				{
					"name": "group",
					"origin": [14, 14, 10],
					"color": 0,
					"children": [5, 6, 7, 8, 9, 10, 11, 12, 13, 14, 15, 16, 17, 18, 19, 20, 21, 22, 23, 24, 25, 26, 27, 28, 29, 30, 31, 32, 33, 34, 35]
				},
				{
					"name": "group",
					"origin": [14, 14, 10],
					"color": 0,
					"children": [36, 37, 38, 39, 40, 41, 42, 43, 44, 45, 46, 47, 48, 49, 50, 51, 52, 53, 54, 55, 56, 57, 58, 59, 60, 61, 62, 63, 64, 65, 66, 67, 68, 69, 70, 71, 72, 73, 74, 75, 76, 77, 78, 79, 80, 81, 82, 83, 84, 85, 86]
				}
			]
		}
	]
}