{
	"credit": "Made with Blockbench",
	"parent": "minecraft:block/cross",
	"ambientocclusion": false,
	"textures": {
		"flowerpot": "block/flower_pot",
		"dirt": "block/dirt",
		"cross": "block/wither_rose"
	},
	"elements": [
		{
			"from": [5, 0, 5],
			"to": [6, 6, 11],
			"faces": {
				"north": {"uv": [10, 10, 11, 16], "texture": "#flowerpot"},
				"east": {"uv": [5, 10, 11, 16], "texture": "#flowerpot"},
				"south": {"uv": [5, 10, 6, 16], "texture": "#flowerpot"},
				"west": {"uv": [5, 10, 11, 16], "texture": "#flowerpot"},
				"up": {"uv": [5, 5, 6, 11], "texture": "#flowerpot"},
				"down": {"uv": [5, 5, 6, 11], "texture": "#flowerpot", "cullface": "down"}
			}
		},
		{
			"from": [10, 0, 5],
			"to": [11, 6, 11],
			"faces": {
				"north": {"uv": [5, 10, 6, 16], "texture": "#flowerpot"},
				"east": {"uv": [5, 10, 11, 16], "texture": "#flowerpot"},
				"south": {"uv": [10, 10, 11, 16], "texture": "#flowerpot"},
				"west": {"uv": [5, 10, 11, 16], "texture": "#flowerpot"},
				"up": {"uv": [10, 5, 11, 11], "texture": "#flowerpot"},
				"down": {"uv": [10, 5, 11, 11], "texture": "#flowerpot", "cullface": "down"}
			}
		},
		{
			"from": [6, 0, 5],
			"to": [10, 6, 6],
			"faces": {
				"north": {"uv": [6, 10, 10, 16], "texture": "#flowerpot"},
				"south": {"uv": [6, 10, 10, 16], "texture": "#flowerpot"},
				"up": {"uv": [6, 5, 10, 6], "texture": "#flowerpot"},
				"down": {"uv": [6, 10, 10, 11], "texture": "#flowerpot", "cullface": "down"}
			}
		},
		{
			"from": [6, 0, 10],
			"to": [10, 6, 11],
			"faces": {
				"north": {"uv": [6, 10, 10, 16], "texture": "#flowerpot"},
				"south": {"uv": [6, 10, 10, 16], "texture": "#flowerpot"},
				"up": {"uv": [6, 10, 10, 11], "texture": "#flowerpot"},
				"down": {"uv": [6, 5, 10, 6], "texture": "#flowerpot", "cullface": "down"}
			}
		},
		{
			"from": [6, 0, 6],
			"to": [10, 4, 10],
			"faces": {
				"up": {"uv": [6, 6, 10, 10], "texture": "#dirt"},
				"down": {"uv": [6, 12, 10, 16], "texture": "#flowerpot", "cullface": "down"}
			}
		},
		{
			"from": [6.38302, 10, 6.40865],
			"to": [9.38302, 11, 9.40865],
			"rotation": {"angle": 0, "axis": "y", "origin": [7.88302, 12.5, 7.90865]},
			"faces": {
				"north": {"uv": [7, 8, 10, 9], "texture": "#cross"},
				"east": {"uv": [7, 8, 10, 9], "texture": "#cross"},
				"south": {"uv": [7, 8, 10, 9], "texture": "#cross"},
				"west": {"uv": [7, 8, 10, 9], "texture": "#cross"},
				"up": {"uv": [7, 6, 10, 9], "texture": "#cross"},
				"down": {"uv": [7, 6, 10, 9], "texture": "#cross"}
			}
		},
		{
			"from": [5.38302, 11, 5.40865],
			"to": [10.38302, 13, 6.40865],
			"rotation": {"angle": 0, "axis": "y", "origin": [7.88302, 12.5, 7.90865]},
			"faces": {
				"north": {"uv": [6, 6, 11, 8], "texture": "#cross"},
				"east": {"uv": [10, 6, 11, 8], "texture": "#cross"},
				"south": {"uv": [6, 6, 11, 8], "texture": "#cross"},
				"west": {"uv": [6, 6, 7, 8], "texture": "#cross"},
				"up": {"uv": [6, 6, 11, 7], "texture": "#cross"},
				"down": {"uv": [6, 7, 11, 8], "texture": "#cross"}
			}
		},
		{
			"from": [5.38302, 11, 9.40865],
			"to": [10.38302, 13, 10.40865],
			"rotation": {"angle": 0, "axis": "y", "origin": [7.88302, 12.5, 7.90865]},
			"faces": {
				"north": {"uv": [6, 6, 11, 8], "texture": "#cross"},
				"east": {"uv": [6, 6, 7, 8], "texture": "#cross"},
				"south": {"uv": [6, 6, 11, 8], "texture": "#cross"},
				"west": {"uv": [10, 6, 11, 8], "texture": "#cross"},
				"up": {"uv": [6, 6, 11, 7], "rotation": 180, "texture": "#cross"},
				"down": {"uv": [6, 7, 11, 8], "rotation": 180, "texture": "#cross"}
			}
		},
		{
			"from": [9.38302, 11, 6.40865],
			"to": [10.38302, 13, 9.40865],
			"rotation": {"angle": 0, "axis": "y", "origin": [7.88302, 12.5, 7.90865]},
			"faces": {
				"north": {"uv": [0, 0, 1, 2], "texture": "#missing"},
				"east": {"uv": [7, 6, 10, 8], "texture": "#cross"},
				"south": {"uv": [0, 0, 1, 2], "texture": "#missing"},
				"west": {"uv": [7, 6, 10, 8], "texture": "#cross"},
				"up": {"uv": [7, 6, 10, 7], "rotation": 90, "texture": "#cross"},
				"down": {"uv": [7, 8, 10, 9], "rotation": 90, "texture": "#cross"}
			}
		},
		{
			"from": [5.38302, 11, 6.40865],
			"to": [6.38302, 13, 9.40865],
			"rotation": {"angle": 0, "axis": "y", "origin": [7.88302, 12.5, 7.90865]},
			"faces": {
				"north": {"uv": [0, 0, 1, 2], "texture": "#missing"},
				"east": {"uv": [7, 6, 10, 8], "texture": "#cross"},
				"south": {"uv": [0, 0, 1, 2], "texture": "#missing"},
				"west": {"uv": [7, 6, 10, 8], "texture": "#cross"},
				"up": {"uv": [7, 6, 10, 7], "rotation": 270, "texture": "#cross"},
				"down": {"uv": [7, 8, 10, 9], "rotation": 270, "texture": "#cross"}
			}
		},
		{
			"from": [6.38302, 13, 6.40865],
			"to": [9.38302, 14, 7.40865],
			"rotation": {"angle": 0, "axis": "y", "origin": [7.88302, 12.5, 7.90865]},
			"faces": {
				"north": {"uv": [7, 5, 10, 6], "texture": "#cross"},
				"east": {"uv": [7, 5, 8, 6], "texture": "#cross"},
				"south": {"uv": [7, 5, 10, 6], "texture": "#cross"},
				"west": {"uv": [9, 5, 10, 6], "texture": "#cross"},
				"up": {"uv": [10, 5, 7, 6], "texture": "#cross"},
				"down": {"uv": [10, 5, 7, 6], "texture": "#cross"}
			}
		},
		{
			"from": [6.38302, 13, 8.40865],
			"to": [9.38302, 14, 9.40865],
			"rotation": {"angle": 0, "axis": "y", "origin": [7.88302, 12.5, 7.90865]},
			"faces": {
				"north": {"uv": [7, 5, 10, 6], "texture": "#cross"},
				"east": {"uv": [9, 5, 10, 6], "texture": "#cross"},
				"south": {"uv": [7, 5, 10, 6], "texture": "#cross"},
				"west": {"uv": [7, 5, 8, 6], "texture": "#cross"},
				"up": {"uv": [10, 5, 7, 6], "rotation": 180, "texture": "#cross"},
				"down": {"uv": [10, 5, 7, 6], "rotation": 180, "texture": "#cross"}
			}
		},
		{
			"from": [6.38302, 13, 7.40865],
			"to": [7.38302, 14, 8.40865],
			"rotation": {"angle": 0, "axis": "y", "origin": [7.88302, 12.5, 7.90865]},
			"faces": {
				"north": {"uv": [8, 5, 9, 6], "texture": "#cross"},
				"east": {"uv": [8, 5, 9, 6], "texture": "#cross"},
				"south": {"uv": [8, 5, 9, 6], "texture": "#cross"},
				"west": {"uv": [8, 5, 9, 6], "texture": "#cross"},
				"up": {"uv": [8, 5, 9, 6], "texture": "#cross"},
				"down": {"uv": [8, 5, 9, 6], "texture": "#cross"}
			}
		},
		{
			"from": [8.38302, 13, 7.40865],
			"to": [9.38302, 14, 8.40865],
			"rotation": {"angle": 0, "axis": "y", "origin": [7.88302, 12.5, 7.90865]},
			"faces": {
				"north": {"uv": [8, 5, 9, 6], "texture": "#cross"},
				"east": {"uv": [8, 5, 9, 6], "texture": "#cross"},
				"south": {"uv": [8, 5, 9, 6], "texture": "#cross"},
				"west": {"uv": [8, 5, 9, 6], "texture": "#cross"},
				"up": {"uv": [8, 5, 9, 6], "texture": "#cross"},
				"down": {"uv": [8, 5, 9, 6], "texture": "#cross"}
			}
		},
		{
			"from": [7.75, 3, 7.5],
			"to": [8.75, 10, 8.5],
			"rotation": {"angle": -45, "axis": "y", "origin": [8.25, 5.75, 7.54167]},
			"faces": {
				"north": {"uv": [8, 9, 9, 16], "texture": "#cross"},
				"east": {"uv": [8, 9, 9, 16], "texture": "#cross"},
				"south": {"uv": [8, 9, 9, 16], "texture": "#cross"},
				"west": {"uv": [8, 9, 9, 16], "texture": "#cross"},
				"up": {"uv": [8, 9, 9, 10], "texture": "#cross"},
				"down": {"uv": [8, 15, 9, 16], "texture": "#cross"}
			}
		},
		{
			"from": [6.75, 3, 7.5],
			"to": [7.75, 3.5, 8.5],
			"rotation": {"angle": -45, "axis": "y", "origin": [8.25, 5.75, 7.54167]},
			"faces": {
				"north": {"uv": [9, 15, 10, 16], "texture": "#cross"},
				"east": {"uv": [9, 15, 10, 16], "texture": "#cross"},
				"south": {"uv": [9, 15, 10, 16], "texture": "#cross"},
				"west": {"uv": [9, 15, 10, 16], "texture": "#cross"},
				"up": {"uv": [9, 15, 10, 16], "texture": "#cross"},
				"down": {"uv": [9, 15, 10, 16], "texture": "#cross"}
			}
		},
		{
			"from": [8.75, 3, 7.5],
			"to": [9.75, 3.5, 8.5],
			"rotation": {"angle": -45, "axis": "y", "origin": [8.25, 5.75, 7.54167]},
			"faces": {
				"north": {"uv": [9, 15, 10, 16], "texture": "#cross"},
				"east": {"uv": [9, 15, 10, 16], "texture": "#cross"},
				"south": {"uv": [9, 15, 10, 16], "texture": "#cross"},
				"west": {"uv": [9, 15, 10, 16], "texture": "#cross"},
				"up": {"uv": [9, 15, 10, 16], "texture": "#cross"},
				"down": {"uv": [9, 15, 10, 16], "texture": "#cross"}
			}
		},
		{
			"from": [7.75, 3, 6.5],
			"to": [8.75, 3.5, 7.5],
			"rotation": {"angle": -45, "axis": "y", "origin": [8.25, 5.75, 7.54167]},
			"faces": {
				"north": {"uv": [9, 15, 10, 16], "texture": "#cross"},
				"east": {"uv": [9, 15, 10, 16], "texture": "#cross"},
				"south": {"uv": [9, 15, 10, 16], "texture": "#cross"},
				"west": {"uv": [9, 15, 10, 16], "texture": "#cross"},
				"up": {"uv": [9, 15, 10, 16], "texture": "#cross"},
				"down": {"uv": [9, 15, 10, 16], "texture": "#cross"}
			}
		},
		{
			"from": [7.75, 3, 8.5],
			"to": [8.75, 3.5, 9.5],
			"rotation": {"angle": -45, "axis": "y", "origin": [8.25, 5.75, 7.54167]},
			"faces": {
				"north": {"uv": [9, 15, 10, 16], "texture": "#cross"},
				"east": {"uv": [9, 15, 10, 16], "texture": "#cross"},
				"south": {"uv": [9, 15, 10, 16], "texture": "#cross"},
				"west": {"uv": [9, 15, 10, 16], "texture": "#cross"},
				"up": {"uv": [9, 15, 10, 16], "texture": "#cross"},
				"down": {"uv": [9, 15, 10, 16], "texture": "#cross"}
			}
		},
		{
			"from": [8.75, 6, 7.75],
			"to": [10.75, 8, 8.25],
			"rotation": {"angle": -45, "axis": "y", "origin": [8.25, 5.75, 7.54167]},
			"faces": {
				"north": {"uv": [6, 11, 8, 13], "texture": "#cross"},
				"east": {"uv": [6, 11, 7, 13], "texture": "#cross"},
				"south": {"uv": [6, 11, 8, 13], "texture": "#cross"},
				"west": {"uv": [7, 11, 8, 13], "texture": "#cross"},
				"up": {"uv": [8, 11, 6, 12], "texture": "#cross"},
				"down": {"uv": [8, 12, 6, 13], "texture": "#cross"}
			}
		},
		{
			"from": [8, 6, 5.5],
			"to": [8.5, 8, 7.5],
			"rotation": {"angle": -45, "axis": "y", "origin": [8.25, 5.75, 7.54167]},
			"faces": {
				"north": {"uv": [6, 11, 7, 13], "texture": "#cross"},
				"east": {"uv": [6, 11, 8, 13], "texture": "#cross"},
				"south": {"uv": [7, 11, 8, 13], "texture": "#cross"},
				"west": {"uv": [6, 11, 8, 13], "texture": "#cross"},
				"up": {"uv": [8, 11, 6, 12], "rotation": 270, "texture": "#cross"},
				"down": {"uv": [8, 12, 6, 13], "rotation": 90, "texture": "#cross"}
			}
		},
		{
			"from": [10.75, 5, 7.75],
			"to": [11.75, 7, 8.25],
			"rotation": {"angle": -45, "axis": "y", "origin": [8.25, 5.75, 7.54167]},
			"faces": {
				"north": {"uv": [5, 12, 6, 14], "texture": "#cross"},
				"east": {"uv": [5, 12, 6, 14], "texture": "#cross"},
				"south": {"uv": [5, 12, 6, 14], "texture": "#cross"},
				"west": {"uv": [5, 12, 6, 14], "texture": "#cross"},
				"up": {"uv": [5, 13, 6, 14], "texture": "#cross"},
				"down": {"uv": [5, 13, 6, 14], "texture": "#cross"}
			}
		},
		{
			"from": [8, 5, 4.5],
			"to": [8.5, 7, 5.5],
			"rotation": {"angle": -45, "axis": "y", "origin": [8.25, 5.75, 7.54167]},
			"faces": {
				"north": {"uv": [5, 12, 6, 14], "texture": "#cross"},
				"east": {"uv": [5, 12, 6, 14], "texture": "#cross"},
				"south": {"uv": [5, 12, 6, 14], "texture": "#cross"},
				"west": {"uv": [5, 12, 6, 14], "texture": "#cross"},
				"up": {"uv": [5, 13, 6, 14], "rotation": 270, "texture": "#cross"},
				"down": {"uv": [5, 13, 6, 14], "rotation": 90, "texture": "#cross"}
			}
		},
		{
			"from": [4.75, 6, 7.75],
			"to": [5.75, 8, 8.25],
			"rotation": {"angle": -45, "axis": "y", "origin": [8.25, 5.75, 7.54167]},
			"faces": {
				"north": {"uv": [11, 11, 12, 13], "texture": "#cross"},
				"east": {"uv": [11, 11, 12, 13], "texture": "#cross"},
				"south": {"uv": [11, 11, 12, 13], "texture": "#cross"},
				"west": {"uv": [11, 11, 12, 13], "texture": "#cross"},
				"up": {"uv": [11, 11, 12, 13], "texture": "#cross"},
				"down": {"uv": [11, 11, 12, 13], "texture": "#cross"}
			}
		},
		{
			"from": [8, 6, 10.5],
			"to": [8.5, 8, 11.5],
			"rotation": {"angle": -45, "axis": "y", "origin": [8.25, 5.75, 7.54167]},
			"faces": {
				"north": {"uv": [11, 11, 12, 13], "texture": "#cross"},
				"east": {"uv": [11, 11, 12, 13], "texture": "#cross"},
				"south": {"uv": [11, 11, 12, 13], "texture": "#cross"},
				"west": {"uv": [11, 11, 12, 13], "texture": "#cross"},
				"up": {"uv": [11, 11, 12, 13], "rotation": 270, "texture": "#cross"},
				"down": {"uv": [11, 11, 12, 13], "rotation": 90, "texture": "#cross"}
			}
		},
		{
			"from": [5.75, 7, 7.75],
			"to": [7.75, 9, 8.25],
			"rotation": {"angle": -45, "axis": "y", "origin": [8.25, 5.75, 7.54167]},
			"faces": {
				"north": {"uv": [9, 10, 11, 12], "texture": "#cross"},
				"east": {"uv": [9, 10, 10, 12], "texture": "#cross"},
				"south": {"uv": [9, 10, 11, 12], "texture": "#cross"},
				"west": {"uv": [10, 10, 11, 12], "texture": "#cross"},
				"up": {"uv": [11, 10, 9, 11], "texture": "#cross"},
				"down": {"uv": [11, 11, 9, 12], "texture": "#cross"}
			}
		},
		{
			"from": [8, 7, 8.5],
			"to": [8.5, 9, 10.5],
			"rotation": {"angle": -45, "axis": "y", "origin": [8.25, 5.75, 7.54167]},
			"faces": {
				"north": {"uv": [9, 10, 10, 12], "texture": "#cross"},
				"east": {"uv": [9, 10, 11, 12], "texture": "#cross"},
				"south": {"uv": [10, 10, 11, 12], "texture": "#cross"},
				"west": {"uv": [9, 10, 11, 12], "texture": "#cross"},
				"up": {"uv": [11, 10, 9, 11], "rotation": 270, "texture": "#cross"},
				"down": {"uv": [11, 11, 9, 12], "rotation": 90, "texture": "#cross"}
			}
		}
	],
	"groups": [
		{
			"name": "flower_pot_cross",
			"origin": [8, 8, 8],
			"color": 0,
			"children": [0, 1, 2, 3, 4]
		},
		{
			"name": "wither_rose",
			"origin": [8, 8, 8],
			"color": 0,
			"children": [
				{
					"name": "group",
					"origin": [1.5, 3.5, 2.5],
					"color": 0,
					"children": [5, 6, 7, 8, 9, 10, 11, 12, 13]
				}, 14, 15, 16, 17, 18, 19, 20, 21, 22, 23, 24, 25, 26]
		}
	]
}