{
	"credit": "Made with Blockbench",
	"parent": "block/cross",
	"ambientocclusion": false,
	"textures": {
		"flowerpot": "block/flower_pot",
		"dirt": "block/dirt",
		"cross": "block/lily_of_the_valley"
	},
	"elements": [
		{
			"from": [5, 0, 5],
			"to": [6, 6, 11],
			"faces": {
				"north": {"uv": [10, 10, 11, 16], "texture": "#flowerpot"},
				"east": {"uv": [5, 10, 11, 16], "texture": "#flowerpot"},
				"south": {"uv": [5, 10, 6, 16], "texture": "#flowerpot"},
				"west": {"uv": [5, 10, 11, 16], "texture": "#flowerpot"},
				"up": {"uv": [5, 5, 6, 11], "texture": "#flowerpot"},
				"down": {"uv": [5, 5, 6, 11], "texture": "#flowerpot", "cullface": "down"}
			}
		},
		{
			"from": [10, 0, 5],
			"to": [11, 6, 11],
			"faces": {
				"north": {"uv": [5, 10, 6, 16], "texture": "#flowerpot"},
				"east": {"uv": [5, 10, 11, 16], "texture": "#flowerpot"},
				"south": {"uv": [10, 10, 11, 16], "texture": "#flowerpot"},
				"west": {"uv": [5, 10, 11, 16], "texture": "#flowerpot"},
				"up": {"uv": [10, 5, 11, 11], "texture": "#flowerpot"},
				"down": {"uv": [10, 5, 11, 11], "texture": "#flowerpot", "cullface": "down"}
			}
		},
		{
			"from": [6, 0, 5],
			"to": [10, 6, 6],
			"faces": {
				"north": {"uv": [6, 10, 10, 16], "texture": "#flowerpot"},
				"south": {"uv": [6, 10, 10, 16], "texture": "#flowerpot"},
				"up": {"uv": [6, 5, 10, 6], "texture": "#flowerpot"},
				"down": {"uv": [6, 10, 10, 11], "texture": "#flowerpot", "cullface": "down"}
			}
		},
		{
			"from": [6, 0, 10],
			"to": [10, 6, 11],
			"faces": {
				"north": {"uv": [6, 10, 10, 16], "texture": "#flowerpot"},
				"south": {"uv": [6, 10, 10, 16], "texture": "#flowerpot"},
				"up": {"uv": [6, 10, 10, 11], "texture": "#flowerpot"},
				"down": {"uv": [6, 5, 10, 6], "texture": "#flowerpot", "cullface": "down"}
			}
		},
		{
			"from": [6, 0, 6],
			"to": [10, 4, 10],
			"faces": {
				"up": {"uv": [6, 6, 10, 10], "texture": "#dirt"},
				"down": {"uv": [6, 12, 10, 16], "texture": "#flowerpot", "cullface": "down"}
			}
		},
		{
			"from": [7.75, 4.15, 7],
			"to": [8.75, 14.15, 8],
			"rotation": {"angle": 45, "axis": "y", "origin": [8.79877, 11.32241, 8.04365]},
			"faces": {
				"north": {"uv": [8, 6, 9, 16], "texture": "#cross"},
				"east": {"uv": [8, 6, 9, 16], "texture": "#cross"},
				"south": {"uv": [8, 6, 9, 16], "texture": "#cross"},
				"west": {"uv": [8, 6, 9, 16], "texture": "#cross"},
				"up": {"uv": [8, 6, 9, 7], "texture": "#cross"},
				"down": {"uv": [8, 15, 9, 16], "texture": "#cross"}
			}
		},
		{
			"from": [8.75, 14.15, 7],
			"to": [9.75, 15.15, 8],
			"rotation": {"angle": 45, "axis": "y", "origin": [8.79877, 11.32241, 8.04365]},
			"faces": {
				"north": {"uv": [7, 5, 8, 6], "texture": "#cross"},
				"east": {"uv": [7, 5, 8, 6], "texture": "#cross"},
				"south": {"uv": [7, 5, 8, 6], "texture": "#cross"},
				"west": {"uv": [7, 5, 8, 6], "texture": "#cross"},
				"up": {"uv": [7, 5, 8, 6], "texture": "#cross"},
				"down": {"uv": [7, 5, 8, 6], "texture": "#cross"}
			}
		},
		{
			"from": [8.44609, 12.15, 7.51228],
			"to": [9.44609, 13.15, 8.51228],
			"rotation": {"angle": 0, "axis": "y", "origin": [8.79877, 12.32241, 8.04365]},
			"faces": {
				"north": {"uv": [7, 5, 8, 6], "texture": "#cross"},
				"east": {"uv": [7, 5, 8, 6], "texture": "#cross"},
				"south": {"uv": [7, 5, 8, 6], "texture": "#cross"},
				"west": {"uv": [7, 5, 8, 6], "texture": "#cross"},
				"up": {"uv": [7, 5, 8, 6], "texture": "#cross"},
				"down": {"uv": [7, 5, 8, 6], "texture": "#cross"}
			}
		},
		{
			"from": [9.75, 15.15, 7],
			"to": [12.75, 16.15, 8],
			"rotation": {"angle": 45, "axis": "y", "origin": [8.79877, 11.32241, 8.04365]},
			"faces": {
				"north": {"uv": [4, 4, 7, 5], "texture": "#cross"},
				"east": {"uv": [4, 4, 5, 5], "texture": "#cross"},
				"south": {"uv": [7, 4, 4, 5], "texture": "#cross"},
				"west": {"uv": [6, 4, 7, 5], "texture": "#cross"},
				"up": {"uv": [7, 4, 4, 5], "texture": "#cross"},
				"down": {"uv": [7, 4, 4, 5], "texture": "#cross"}
			}
		},
		{
			"from": [9.44609, 13.15, 7.51228],
			"to": [12.44609, 14.15, 8.51228],
			"rotation": {"angle": 0, "axis": "y", "origin": [8.79877, 12.32241, 8.04365]},
			"faces": {
				"north": {"uv": [4, 4, 7, 5], "texture": "#cross"},
				"east": {"uv": [4, 4, 5, 5], "texture": "#cross"},
				"south": {"uv": [7, 4, 4, 5], "texture": "#cross"},
				"west": {"uv": [6, 4, 7, 5], "texture": "#cross"},
				"up": {"uv": [7, 4, 4, 5], "texture": "#cross"},
				"down": {"uv": [7, 4, 4, 5], "texture": "#cross"}
			}
		},
		{
			"from": [11.75, 13.15, 6.5],
			"to": [13.75, 15.15, 8.5],
			"rotation": {"angle": 45, "axis": "y", "origin": [8.79877, 11.32241, 8.04365]},
			"faces": {
				"north": {"uv": [3, 5, 5, 7], "texture": "#cross"},
				"east": {"uv": [3, 5, 5, 7], "texture": "#cross"},
				"south": {"uv": [3, 5, 5, 7], "texture": "#cross"},
				"west": {"uv": [3, 5, 5, 7], "texture": "#cross"},
				"up": {"uv": [3, 5, 5, 7], "texture": "#cross"},
				"down": {"uv": [3, 5, 5, 7], "rotation": 180, "texture": "#cross"}
			}
		},
		{
			"from": [11.44609, 11.15, 7.01228],
			"to": [13.44609, 13.15, 9.01228],
			"rotation": {"angle": 0, "axis": "y", "origin": [8.79877, 12.32241, 8.04365]},
			"faces": {
				"north": {"uv": [3, 5, 5, 7], "texture": "#cross"},
				"east": {"uv": [3, 5, 5, 7], "texture": "#cross"},
				"south": {"uv": [3, 5, 5, 7], "texture": "#cross"},
				"west": {"uv": [3, 5, 5, 7], "texture": "#cross"},
				"up": {"uv": [3, 5, 5, 7], "texture": "#cross"},
				"down": {"uv": [3, 5, 5, 7], "rotation": 180, "texture": "#cross"}
			}
		},
		{
			"from": [9.75, 13.15, 6],
			"to": [10.75, 14.15, 7],
			"rotation": {"angle": 45, "axis": "y", "origin": [8.79877, 11.32241, 8.04365]},
			"faces": {
				"north": {"uv": [6, 6, 7, 7], "texture": "#cross"},
				"east": {"uv": [6, 6, 7, 7], "texture": "#cross"},
				"south": {"uv": [6, 6, 7, 7], "texture": "#cross"},
				"west": {"uv": [6, 6, 7, 7], "texture": "#cross"},
				"up": {"uv": [6, 6, 7, 7], "texture": "#cross"},
				"down": {"uv": [6, 6, 7, 7], "texture": "#cross"}
			}
		},
		{
			"from": [9.75, 11.15, 5.5],
			"to": [11.75, 13.15, 7.5],
			"rotation": {"angle": 45, "axis": "y", "origin": [8.79877, 11.32241, 8.04365]},
			"faces": {
				"north": {"uv": [3, 5, 5, 7], "texture": "#cross"},
				"east": {"uv": [3, 5, 5, 7], "texture": "#cross"},
				"south": {"uv": [3, 5, 5, 7], "texture": "#cross"},
				"west": {"uv": [3, 5, 5, 7], "texture": "#cross"},
				"up": {"uv": [3, 5, 5, 7], "texture": "#cross"},
				"down": {"uv": [3, 5, 5, 7], "rotation": 180, "texture": "#cross"}
			}
		},
		{
			"from": [8.75, 6.15, 8],
			"to": [9.75, 8.15, 9],
			"rotation": {"angle": 45, "axis": "y", "origin": [8.79877, 11.32241, 8.04365]},
			"faces": {
				"north": {"uv": [7, 10, 8, 12], "texture": "#cross"},
				"east": {"uv": [7, 10, 8, 12], "texture": "#cross"},
				"south": {"uv": [7, 10, 8, 12], "texture": "#cross"},
				"west": {"uv": [7, 10, 8, 12], "texture": "#cross"},
				"up": {"uv": [7, 10, 8, 11], "texture": "#cross"},
				"down": {"uv": [7, 11, 8, 12], "texture": "#cross"}
			}
		},
		{
			"from": [8.75, 11.15, 7],
			"to": [9.75, 12.15, 8],
			"rotation": {"angle": 45, "axis": "y", "origin": [8.79877, 11.32241, 8.04365]},
			"faces": {
				"north": {"uv": [7, 8, 8, 9], "texture": "#cross"},
				"east": {"uv": [7, 8, 8, 9], "texture": "#cross"},
				"south": {"uv": [7, 8, 8, 9], "texture": "#cross"},
				"west": {"uv": [7, 8, 8, 9], "texture": "#cross"},
				"up": {"uv": [7, 8, 8, 9], "texture": "#cross"},
				"down": {"uv": [7, 8, 8, 9], "texture": "#cross"}
			}
		},
		{
			"from": [9.75, 10.15, 7],
			"to": [11.75, 11.15, 8],
			"rotation": {"angle": 45, "axis": "y", "origin": [8.79877, 11.32241, 8.04365]},
			"faces": {
				"north": {"uv": [5, 4, 7, 5], "texture": "#cross"},
				"east": {"uv": [5, 4, 7, 5], "texture": "#cross"},
				"south": {"uv": [7, 4, 5, 5], "texture": "#cross"},
				"west": {"uv": [5, 4, 7, 5], "texture": "#cross"},
				"up": {"uv": [7, 4, 5, 5], "texture": "#cross"},
				"down": {"uv": [7, 4, 5, 5], "texture": "#cross"}
			}
		},
		{
			"from": [11.75, 9.15, 6.5],
			"to": [13.75, 11.15, 8.5],
			"rotation": {"angle": 45, "axis": "y", "origin": [8.79877, 11.32241, 8.04365]},
			"faces": {
				"north": {"uv": [3, 8, 5, 10], "texture": "#cross"},
				"east": {"uv": [3, 8, 5, 10], "texture": "#cross"},
				"south": {"uv": [3, 8, 5, 10], "texture": "#cross"},
				"west": {"uv": [3, 8, 5, 10], "texture": "#cross"},
				"up": {"uv": [3, 8, 5, 10], "texture": "#cross"},
				"down": {"uv": [3, 8, 5, 10], "texture": "#cross"}
			}
		},
		{
			"from": [6.75, 5.15, 7.25],
			"to": [7.75, 11.15, 7.75],
			"rotation": {"angle": 45, "axis": "y", "origin": [8.79877, 11.32241, 8.04365]},
			"faces": {
				"north": {"uv": [9, 9, 10, 15], "texture": "#cross"},
				"east": {"uv": [9, 9, 10, 15], "texture": "#cross"},
				"south": {"uv": [9, 9, 10, 15], "texture": "#cross"},
				"west": {"uv": [9, 9, 10, 15], "texture": "#cross"},
				"up": {"uv": [9, 9, 10, 10], "texture": "#cross"},
				"down": {"uv": [9, 14, 10, 15], "texture": "#cross"}
			}
		},
		{
			"from": [5.75, 5.15, 7.25],
			"to": [6.75, 10.15, 7.75],
			"rotation": {"angle": 45, "axis": "y", "origin": [8.79877, 11.32241, 8.04365]},
			"faces": {
				"north": {"uv": [10, 10, 11, 15], "texture": "#cross"},
				"east": {"uv": [10, 10, 11, 15], "texture": "#cross"},
				"south": {"uv": [10, 10, 11, 15], "texture": "#cross"},
				"west": {"uv": [10, 10, 11, 15], "texture": "#cross"},
				"up": {"uv": [10, 10, 11, 11], "texture": "#cross"},
				"down": {"uv": [10, 14, 11, 15], "texture": "#cross"}
			}
		},
		{
			"from": [4.75, 6.15, 7.25],
			"to": [5.75, 12.15, 7.75],
			"rotation": {"angle": 45, "axis": "y", "origin": [8.79877, 11.32241, 8.04365]},
			"faces": {
				"north": {"uv": [11, 8, 12, 14], "texture": "#cross"},
				"east": {"uv": [11, 8, 12, 14], "texture": "#cross"},
				"south": {"uv": [11, 8, 12, 14], "texture": "#cross"},
				"west": {"uv": [11, 8, 12, 14], "texture": "#cross"},
				"up": {"uv": [11, 8, 12, 9], "texture": "#cross"},
				"down": {"uv": [11, 13, 12, 14], "texture": "#cross"}
			}
		},
		{
			"from": [3.75, 8.15, 7.25],
			"to": [4.75, 13.15, 7.75],
			"rotation": {"angle": 45, "axis": "y", "origin": [8.79877, 11.32241, 8.04365]},
			"faces": {
				"north": {"uv": [12, 7, 13, 12], "texture": "#cross"},
				"east": {"uv": [12, 7, 13, 12], "texture": "#cross"},
				"south": {"uv": [12, 7, 13, 12], "texture": "#cross"},
				"west": {"uv": [12, 7, 13, 12], "texture": "#cross"},
				"up": {"uv": [12, 7, 13, 8], "texture": "#cross"},
				"down": {"uv": [12, 11, 13, 12], "texture": "#cross"}
			}
		},
		{
			"from": [7.75, 14.15, 8],
			"to": [8.75, 15.15, 9],
			"rotation": {"angle": 45, "axis": "y", "origin": [8.79877, 11.32241, 8.04365]},
			"faces": {
				"north": {"uv": [7, 5, 8, 6], "texture": "#cross"},
				"east": {"uv": [7, 5, 8, 6], "texture": "#cross"},
				"south": {"uv": [7, 5, 8, 6], "texture": "#cross"},
				"west": {"uv": [7, 5, 8, 6], "texture": "#cross"},
				"up": {"uv": [7, 5, 8, 6], "rotation": 90, "texture": "#cross"},
				"down": {"uv": [7, 5, 8, 6], "rotation": 270, "texture": "#cross"}
			}
		},
		{
			"from": [7.75, 15.15, 9],
			"to": [8.75, 16.15, 12],
			"rotation": {"angle": 45, "axis": "y", "origin": [8.79877, 11.32241, 8.04365]},
			"faces": {
				"north": {"uv": [6, 4, 7, 5], "texture": "#cross"},
				"east": {"uv": [4, 4, 7, 5], "texture": "#cross"},
				"south": {"uv": [4, 4, 5, 5], "texture": "#cross"},
				"west": {"uv": [7, 4, 4, 5], "texture": "#cross"},
				"up": {"uv": [7, 4, 4, 5], "rotation": 90, "texture": "#cross"},
				"down": {"uv": [7, 4, 4, 5], "rotation": 270, "texture": "#cross"}
			}
		},
		{
			"from": [7.25, 13.15, 11],
			"to": [9.25, 15.15, 13],
			"rotation": {"angle": 45, "axis": "y", "origin": [8.79877, 11.32241, 8.04365]},
			"faces": {
				"north": {"uv": [3, 5, 5, 7], "texture": "#cross"},
				"east": {"uv": [3, 5, 5, 7], "texture": "#cross"},
				"south": {"uv": [3, 5, 5, 7], "texture": "#cross"},
				"west": {"uv": [3, 5, 5, 7], "texture": "#cross"},
				"up": {"uv": [3, 5, 5, 7], "rotation": 90, "texture": "#cross"},
				"down": {"uv": [3, 5, 5, 7], "rotation": 90, "texture": "#cross"}
			}
		},
		{
			"from": [6.75, 13.15, 9],
			"to": [7.75, 14.15, 10],
			"rotation": {"angle": 45, "axis": "y", "origin": [8.79877, 11.32241, 8.04365]},
			"faces": {
				"north": {"uv": [6, 6, 7, 7], "texture": "#cross"},
				"east": {"uv": [6, 6, 7, 7], "texture": "#cross"},
				"south": {"uv": [6, 6, 7, 7], "texture": "#cross"},
				"west": {"uv": [6, 6, 7, 7], "texture": "#cross"},
				"up": {"uv": [6, 6, 7, 7], "rotation": 90, "texture": "#cross"},
				"down": {"uv": [6, 6, 7, 7], "rotation": 270, "texture": "#cross"}
			}
		},
		{
			"from": [6.25, 11.15, 9],
			"to": [8.25, 13.15, 11],
			"rotation": {"angle": 45, "axis": "y", "origin": [8.79877, 11.32241, 8.04365]},
			"faces": {
				"north": {"uv": [3, 5, 5, 7], "texture": "#cross"},
				"east": {"uv": [3, 5, 5, 7], "texture": "#cross"},
				"south": {"uv": [3, 5, 5, 7], "texture": "#cross"},
				"west": {"uv": [3, 5, 5, 7], "texture": "#cross"},
				"up": {"uv": [3, 5, 5, 7], "rotation": 90, "texture": "#cross"},
				"down": {"uv": [3, 5, 5, 7], "rotation": 90, "texture": "#cross"}
			}
		},
		{
			"from": [7.75, 11.15, 8],
			"to": [8.75, 12.15, 9],
			"rotation": {"angle": 45, "axis": "y", "origin": [8.79877, 11.32241, 8.04365]},
			"faces": {
				"north": {"uv": [7, 8, 8, 9], "texture": "#cross"},
				"east": {"uv": [7, 8, 8, 9], "texture": "#cross"},
				"south": {"uv": [7, 8, 8, 9], "texture": "#cross"},
				"west": {"uv": [7, 8, 8, 9], "texture": "#cross"},
				"up": {"uv": [7, 8, 8, 9], "rotation": 90, "texture": "#cross"},
				"down": {"uv": [7, 8, 8, 9], "rotation": 270, "texture": "#cross"}
			}
		},
		{
			"from": [7.75, 10.15, 9],
			"to": [8.75, 11.15, 11],
			"rotation": {"angle": 45, "axis": "y", "origin": [8.79877, 11.32241, 8.04365]},
			"faces": {
				"north": {"uv": [5, 4, 7, 5], "texture": "#cross"},
				"east": {"uv": [5, 4, 7, 5], "texture": "#cross"},
				"south": {"uv": [5, 4, 7, 5], "texture": "#cross"},
				"west": {"uv": [7, 4, 5, 5], "texture": "#cross"},
				"up": {"uv": [7, 4, 5, 5], "rotation": 90, "texture": "#cross"},
				"down": {"uv": [7, 4, 5, 5], "rotation": 270, "texture": "#cross"}
			}
		},
		{
			"from": [7.25, 9.15, 11],
			"to": [9.25, 11.15, 13],
			"rotation": {"angle": 45, "axis": "y", "origin": [8.79877, 11.32241, 8.04365]},
			"faces": {
				"north": {"uv": [3, 8, 5, 10], "texture": "#cross"},
				"east": {"uv": [3, 8, 5, 10], "texture": "#cross"},
				"south": {"uv": [3, 8, 5, 10], "texture": "#cross"},
				"west": {"uv": [3, 8, 5, 10], "texture": "#cross"},
				"up": {"uv": [3, 8, 5, 10], "rotation": 90, "texture": "#cross"},
				"down": {"uv": [3, 8, 5, 10], "rotation": 270, "texture": "#cross"}
			}
		},
		{
			"from": [8, 5.15, 6],
			"to": [8.5, 11.15, 7],
			"rotation": {"angle": 45, "axis": "y", "origin": [8.79877, 11.32241, 8.04365]},
			"faces": {
				"north": {"uv": [9, 9, 10, 15], "texture": "#cross"},
				"east": {"uv": [9, 9, 10, 15], "texture": "#cross"},
				"south": {"uv": [9, 9, 10, 15], "texture": "#cross"},
				"west": {"uv": [9, 9, 10, 15], "texture": "#cross"},
				"up": {"uv": [9, 9, 10, 10], "rotation": 90, "texture": "#cross"},
				"down": {"uv": [9, 14, 10, 15], "rotation": 270, "texture": "#cross"}
			}
		},
		{
			"from": [8, 5.15, 5],
			"to": [8.5, 10.15, 6],
			"rotation": {"angle": 45, "axis": "y", "origin": [8.79877, 11.32241, 8.04365]},
			"faces": {
				"north": {"uv": [10, 10, 11, 15], "texture": "#cross"},
				"east": {"uv": [10, 10, 11, 15], "texture": "#cross"},
				"south": {"uv": [10, 10, 11, 15], "texture": "#cross"},
				"west": {"uv": [10, 10, 11, 15], "texture": "#cross"},
				"up": {"uv": [10, 10, 11, 11], "rotation": 90, "texture": "#cross"},
				"down": {"uv": [10, 14, 11, 15], "rotation": 270, "texture": "#cross"}
			}
		},
		{
			"from": [8, 6.15, 4],
			"to": [8.5, 12.15, 5],
			"rotation": {"angle": 45, "axis": "y", "origin": [8.79877, 11.32241, 8.04365]},
			"faces": {
				"north": {"uv": [11, 8, 12, 14], "texture": "#cross"},
				"east": {"uv": [11, 8, 12, 14], "texture": "#cross"},
				"south": {"uv": [11, 8, 12, 14], "texture": "#cross"},
				"west": {"uv": [11, 8, 12, 14], "texture": "#cross"},
				"up": {"uv": [11, 8, 12, 9], "rotation": 90, "texture": "#cross"},
				"down": {"uv": [11, 13, 12, 14], "rotation": 270, "texture": "#cross"}
			}
		},
		{
			"from": [8, 8.15, 3],
			"to": [8.5, 13.15, 4],
			"rotation": {"angle": 45, "axis": "y", "origin": [8.79877, 11.32241, 8.04365]},
			"faces": {
				"north": {"uv": [12, 7, 13, 12], "texture": "#cross"},
				"east": {"uv": [12, 7, 13, 12], "texture": "#cross"},
				"south": {"uv": [12, 7, 13, 12], "texture": "#cross"},
				"west": {"uv": [12, 7, 13, 12], "texture": "#cross"},
				"up": {"uv": [12, 7, 13, 8], "rotation": 90, "texture": "#cross"},
				"down": {"uv": [12, 11, 13, 12], "rotation": 270, "texture": "#cross"}
			}
		}
	],
	"groups": [
		{
			"name": "flower_pot_cross",
			"origin": [8, 8, 8],
			"color": 0,
			"children": [0, 1, 2, 3, 4]
		},
		{
			"name": "lily_of_the_valley",
			"origin": [8, 8, 8],
			"color": 0,
			"children": [
				{
					"name": "group",
					"origin": [12, 16, 8],
					"color": 0,
					"children": [5, 6, 7, 8, 9, 10, 11, 12, 13, 14, 15, 16, 17, 18, 19, 20, 21]
				},
				{
					"name": "group",
					"origin": [12, 16, 8],
					"color": 0,
					"children": [22, 23, 24, 25, 26, 27, 28, 29, 30, 31, 32, 33]
				}
			]
		}
	]
}