{
	"credit": "Made with Blockbench",
	"parent": "block/cross",
	"ambientocclusion": false,
	"textures": {
		"flowerpot": "block/flower_pot",
		"dirt": "block/dirt",
		"cross": "block/oxeye_daisy"
	},
	"elements": [
		{
			"from": [5, 0, 5],
			"to": [6, 6, 11],
			"faces": {
				"north": {"uv": [10, 10, 11, 16], "texture": "#flowerpot"},
				"east": {"uv": [5, 10, 11, 16], "texture": "#flowerpot"},
				"south": {"uv": [5, 10, 6, 16], "texture": "#flowerpot"},
				"west": {"uv": [5, 10, 11, 16], "texture": "#flowerpot"},
				"up": {"uv": [5, 5, 6, 11], "texture": "#flowerpot"},
				"down": {"uv": [5, 5, 6, 11], "texture": "#flowerpot", "cullface": "down"}
			}
		},
		{
			"from": [10, 0, 5],
			"to": [11, 6, 11],
			"faces": {
				"north": {"uv": [5, 10, 6, 16], "texture": "#flowerpot"},
				"east": {"uv": [5, 10, 11, 16], "texture": "#flowerpot"},
				"south": {"uv": [10, 10, 11, 16], "texture": "#flowerpot"},
				"west": {"uv": [5, 10, 11, 16], "texture": "#flowerpot"},
				"up": {"uv": [10, 5, 11, 11], "texture": "#flowerpot"},
				"down": {"uv": [10, 5, 11, 11], "texture": "#flowerpot", "cullface": "down"}
			}
		},
		{
			"from": [6, 0, 5],
			"to": [10, 6, 6],
			"faces": {
				"north": {"uv": [6, 10, 10, 16], "texture": "#flowerpot"},
				"south": {"uv": [6, 10, 10, 16], "texture": "#flowerpot"},
				"up": {"uv": [6, 5, 10, 6], "texture": "#flowerpot"},
				"down": {"uv": [6, 10, 10, 11], "texture": "#flowerpot", "cullface": "down"}
			}
		},
		{
			"from": [6, 0, 10],
			"to": [10, 6, 11],
			"faces": {
				"north": {"uv": [6, 10, 10, 16], "texture": "#flowerpot"},
				"south": {"uv": [6, 10, 10, 16], "texture": "#flowerpot"},
				"up": {"uv": [6, 10, 10, 11], "texture": "#flowerpot"},
				"down": {"uv": [6, 5, 10, 6], "texture": "#flowerpot", "cullface": "down"}
			}
		},
		{
			"from": [6, 0, 6],
			"to": [10, 4, 10],
			"faces": {
				"up": {"uv": [6, 6, 10, 10], "texture": "#dirt"},
				"down": {"uv": [6, 12, 10, 16], "texture": "#flowerpot", "cullface": "down"}
			}
		},
		{
			"from": [8.1, 3.3, 1.95],
			"to": [9.1, 10.3, 2.95],
			"rotation": {"angle": 45, "axis": "y", "origin": [15, 8, 6]},
			"faces": {
				"north": {"uv": [7, 9, 8, 16], "texture": "#cross"},
				"east": {"uv": [7, 9, 8, 16], "texture": "#cross"},
				"south": {"uv": [7, 9, 8, 16], "texture": "#cross"},
				"west": {"uv": [7, 9, 8, 16], "texture": "#cross"},
				"up": {"uv": [7, 9, 8, 10], "texture": "#cross"},
				"down": {"uv": [7, 15, 8, 16], "texture": "#cross"}
			}
		},
		{
			"from": [7.1, 11.55, 0.95],
			"to": [10.1, 12.55, 3.95],
			"rotation": {"angle": 45, "axis": "y", "origin": [15, 8.25, 6]},
			"faces": {
				"north": {"uv": [6, 6, 9, 7], "texture": "#cross"},
				"east": {"uv": [6, 4, 7, 7], "rotation": 90, "texture": "#cross"},
				"south": {"uv": [6, 4, 9, 5], "texture": "#cross"},
				"west": {"uv": [8, 4, 9, 7], "rotation": 90, "texture": "#cross"},
				"up": {"uv": [6, 4, 9, 7], "texture": "#cross"},
				"down": {"uv": [7, 13, 8, 16], "texture": "#cross"}
			}
		},
		{
			"from": [7.1, 10.3, 0.95],
			"to": [10.1, 11.3, 3.95],
			"rotation": {"angle": 45, "axis": "y", "origin": [15, 8, 6]},
			"faces": {
				"north": {"uv": [5, 11, 8, 12], "texture": "#cross"},
				"east": {"uv": [7, 13, 8, 16], "rotation": 90, "texture": "#cross"},
				"south": {"uv": [5, 11, 8, 12], "texture": "#cross"},
				"west": {"uv": [7, 13, 8, 16], "rotation": 90, "texture": "#cross"},
				"up": {"uv": [6, 4, 9, 7], "texture": "#cross"},
				"down": {"uv": [8, 13, 9, 15], "texture": "#cross"}
			}
		},
		{
			"from": [10.1, 11.05, 0.95],
			"to": [11.1, 12.05, 3.95],
			"rotation": {"angle": 45, "axis": "y", "origin": [15, 8, 6]},
			"faces": {
				"north": {"uv": [5, 6, 6, 7], "texture": "#cross"},
				"east": {"uv": [5, 4, 6, 7], "rotation": 270, "texture": "#cross"},
				"south": {"uv": [5, 4, 6, 5], "texture": "#cross"},
				"west": {"uv": [5, 4, 6, 7], "rotation": 90, "texture": "#cross"},
				"up": {"uv": [5, 7, 6, 4], "texture": "#cross"},
				"down": {"uv": [5, 7, 6, 4], "texture": "#cross"}
			}
		},
		{
			"from": [11.1, 11.8, 0.95],
			"to": [12.1, 12.8, 3.95],
			"rotation": {"angle": 45, "axis": "y", "origin": [15, 8, 6]},
			"faces": {
				"north": {"uv": [4, 6, 5, 7], "texture": "#cross"},
				"east": {"uv": [4, 4, 5, 7], "rotation": 270, "texture": "#cross"},
				"south": {"uv": [4, 4, 5, 5], "texture": "#cross"},
				"west": {"uv": [4, 4, 5, 7], "rotation": 90, "texture": "#cross"},
				"up": {"uv": [4, 7, 5, 4], "texture": "#cross"},
				"down": {"uv": [4, 7, 5, 4], "texture": "#cross"}
			}
		},
		{
			"from": [5.1, 11.8, 0.95],
			"to": [6.1, 12.8, 3.95],
			"rotation": {"angle": 45, "axis": "y", "origin": [15, 8, 6]},
			"faces": {
				"north": {"uv": [10, 6, 11, 7], "texture": "#cross"},
				"east": {"uv": [10, 4, 11, 7], "rotation": 270, "texture": "#cross"},
				"south": {"uv": [10, 4, 11, 5], "texture": "#cross"},
				"west": {"uv": [10, 4, 11, 7], "rotation": 90, "texture": "#cross"},
				"up": {"uv": [10, 7, 11, 4], "texture": "#cross"},
				"down": {"uv": [10, 7, 11, 4], "texture": "#cross"}
			}
		},
		{
			"from": [6.1, 11.05, 0.95],
			"to": [7.1, 12.05, 3.95],
			"rotation": {"angle": 45, "axis": "y", "origin": [15, 8, 6]},
			"faces": {
				"north": {"uv": [5, 6, 6, 7], "texture": "#cross"},
				"east": {"uv": [9, 4, 10, 7], "rotation": 270, "texture": "#cross"},
				"south": {"uv": [5, 4, 6, 5], "texture": "#cross"},
				"west": {"uv": [9, 4, 10, 7], "rotation": 90, "texture": "#cross"},
				"up": {"uv": [9, 7, 10, 4], "texture": "#cross"},
				"down": {"uv": [9, 7, 10, 4], "texture": "#cross"}
			}
		},
		{
			"from": [7.1, 11.05, -0.05],
			"to": [10.1, 12.05, 0.95],
			"rotation": {"angle": 45, "axis": "y", "origin": [15, 8, 6]},
			"faces": {
				"north": {"uv": [6, 7, 9, 8], "texture": "#cross"},
				"east": {"uv": [5, 7, 6, 8], "texture": "#cross"},
				"south": {"uv": [9, 7, 6, 8], "texture": "#cross"},
				"west": {"uv": [9, 7, 10, 8], "texture": "#cross"},
				"up": {"uv": [9, 7, 6, 8], "texture": "#cross"},
				"down": {"uv": [9, 7, 6, 8], "texture": "#cross"}
			}
		},
		{
			"from": [7.1, 11.05, 3.95],
			"to": [10.1, 12.05, 4.95],
			"rotation": {"angle": 45, "axis": "y", "origin": [15, 8, 6]},
			"faces": {
				"north": {"uv": [6, 3, 9, 4], "texture": "#cross"},
				"east": {"uv": [5, 3, 6, 4], "texture": "#cross"},
				"south": {"uv": [9, 3, 6, 4], "texture": "#cross"},
				"west": {"uv": [9, 3, 10, 4], "texture": "#cross"},
				"up": {"uv": [9, 3, 6, 4], "texture": "#cross"},
				"down": {"uv": [9, 3, 6, 4], "texture": "#cross"}
			}
		},
		{
			"from": [7.1, 11.8, 4.95],
			"to": [10.1, 12.8, 5.95],
			"rotation": {"angle": 45, "axis": "y", "origin": [15, 8, 6]},
			"faces": {
				"north": {"uv": [6, 2, 9, 3], "texture": "#cross"},
				"east": {"uv": [6, 2, 7, 3], "texture": "#cross"},
				"south": {"uv": [9, 2, 6, 3], "texture": "#cross"},
				"west": {"uv": [8, 2, 9, 3], "texture": "#cross"},
				"up": {"uv": [9, 2, 6, 3], "texture": "#cross"},
				"down": {"uv": [9, 2, 6, 3], "texture": "#cross"}
			}
		},
		{
			"from": [7.1, 11.8, -1.05],
			"to": [10.1, 12.8, -0.05],
			"rotation": {"angle": 45, "axis": "y", "origin": [15, 8, 6]},
			"faces": {
				"north": {"uv": [6, 8, 9, 9], "texture": "#cross"},
				"east": {"uv": [6, 8, 7, 9], "texture": "#cross"},
				"south": {"uv": [9, 8, 6, 9], "texture": "#cross"},
				"west": {"uv": [8, 8, 9, 9], "texture": "#cross"},
				"up": {"uv": [9, 8, 6, 9], "texture": "#cross"},
				"down": {"uv": [9, 8, 6, 9], "texture": "#cross"}
			}
		},
		{
			"from": [6.1, 11.8, -0.05],
			"to": [7.1, 12.8, 0.95],
			"rotation": {"angle": 45, "axis": "y", "origin": [15, 8, 6]},
			"faces": {
				"north": {"uv": [9, 7, 10, 8], "texture": "#cross"},
				"east": {"uv": [9, 7, 10, 8], "texture": "#cross"},
				"south": {"uv": [9, 7, 10, 8], "texture": "#cross"},
				"west": {"uv": [9, 7, 10, 8], "texture": "#cross"},
				"up": {"uv": [9, 7, 10, 8], "texture": "#cross"},
				"down": {"uv": [9, 7, 10, 8], "texture": "#cross"}
			}
		},
		{
			"from": [6.1, 11.8, 3.95],
			"to": [7.1, 12.8, 4.95],
			"rotation": {"angle": 45, "axis": "y", "origin": [15, 8, 6]},
			"faces": {
				"north": {"uv": [9, 3, 10, 4], "texture": "#cross"},
				"east": {"uv": [9, 3, 10, 4], "texture": "#cross"},
				"south": {"uv": [9, 3, 10, 4], "texture": "#cross"},
				"west": {"uv": [9, 3, 10, 4], "texture": "#cross"},
				"up": {"uv": [9, 3, 10, 4], "texture": "#cross"},
				"down": {"uv": [9, 3, 10, 4], "texture": "#cross"}
			}
		},
		{
			"from": [10.1, 11.8, 3.95],
			"to": [11.1, 12.8, 4.95],
			"rotation": {"angle": 45, "axis": "y", "origin": [15, 8, 6]},
			"faces": {
				"north": {"uv": [5, 3, 6, 4], "texture": "#cross"},
				"east": {"uv": [5, 3, 6, 4], "texture": "#cross"},
				"south": {"uv": [5, 3, 6, 4], "texture": "#cross"},
				"west": {"uv": [5, 3, 6, 4], "texture": "#cross"},
				"up": {"uv": [5, 3, 6, 4], "texture": "#cross"},
				"down": {"uv": [5, 3, 6, 4], "texture": "#cross"}
			}
		},
		{
			"from": [10.1, 11.8, -0.05],
			"to": [11.1, 12.8, 0.95],
			"rotation": {"angle": 45, "axis": "y", "origin": [15, 8, 6]},
			"faces": {
				"north": {"uv": [5, 7, 6, 8], "texture": "#cross"},
				"east": {"uv": [5, 7, 6, 8], "texture": "#cross"},
				"south": {"uv": [5, 7, 6, 8], "texture": "#cross"},
				"west": {"uv": [5, 7, 6, 8], "texture": "#cross"},
				"up": {"uv": [5, 7, 6, 8], "texture": "#cross"},
				"down": {"uv": [5, 7, 6, 8], "texture": "#cross"}
			}
		},
		{
			"from": [7.1, 4.3, 1.95],
			"to": [8.1, 6.3, 2.95],
			"rotation": {"angle": 45, "axis": "y", "origin": [15, 8, 6]},
			"faces": {
				"north": {"uv": [8, 13, 9, 15], "texture": "#cross"},
				"east": {"uv": [8, 13, 9, 15], "texture": "#cross"},
				"south": {"uv": [8, 13, 9, 15], "texture": "#cross"},
				"west": {"uv": [8, 13, 9, 15], "texture": "#cross"},
				"up": {"uv": [8, 13, 9, 14], "texture": "#cross"},
				"down": {"uv": [8, 14, 9, 15], "texture": "#cross"}
			}
		},
		{
			"from": [7.1, 9.3, 1.95],
			"to": [8.1, 10.3, 2.95],
			"rotation": {"angle": 45, "axis": "y", "origin": [15, 8, 6]},
			"faces": {
				"north": {"uv": [8, 9, 9, 10], "texture": "#cross"},
				"east": {"uv": [8, 9, 9, 10], "texture": "#cross"},
				"south": {"uv": [8, 9, 9, 10], "texture": "#cross"},
				"west": {"uv": [8, 9, 9, 10], "texture": "#cross"},
				"up": {"uv": [8, 9, 9, 10], "texture": "#cross"},
				"down": {"uv": [8, 9, 9, 10], "texture": "#cross"}
			}
		},
		{
			"from": [6.1, 6.3, 1.95],
			"to": [7.1, 7.3, 2.95],
			"rotation": {"angle": 45, "axis": "y", "origin": [15, 8, 6]},
			"faces": {
				"north": {"uv": [9, 12, 10, 13], "texture": "#cross"},
				"east": {"uv": [9, 12, 10, 13], "texture": "#cross"},
				"south": {"uv": [9, 12, 10, 13], "texture": "#cross"},
				"west": {"uv": [9, 12, 10, 13], "texture": "#cross"},
				"up": {"uv": [9, 12, 10, 13], "texture": "#cross"},
				"down": {"uv": [9, 12, 10, 13], "texture": "#cross"}
			}
		},
		{
			"from": [9.1, 6.3, 1.95],
			"to": [10.1, 7.3, 2.95],
			"rotation": {"angle": 45, "axis": "y", "origin": [15, 8, 6]},
			"faces": {
				"north": {"uv": [6, 12, 7, 13], "texture": "#cross"},
				"east": {"uv": [6, 12, 7, 13], "texture": "#cross"},
				"south": {"uv": [6, 12, 7, 13], "texture": "#cross"},
				"west": {"uv": [6, 12, 7, 13], "texture": "#cross"},
				"up": {"uv": [6, 12, 7, 13], "texture": "#cross"},
				"down": {"uv": [6, 12, 7, 13], "texture": "#cross"}
			}
		},
		{
			"from": [9.1, 7.3, 1.95],
			"to": [11.1, 8.3, 2.95],
			"rotation": {"angle": 45, "axis": "y", "origin": [15, 8, 6]},
			"faces": {
				"north": {"uv": [5, 11, 7, 12], "texture": "#cross"},
				"east": {"uv": [5, 11, 6, 12], "texture": "#cross"},
				"south": {"uv": [5, 11, 7, 12], "texture": "#cross"},
				"west": {"uv": [6, 11, 7, 12], "texture": "#cross"},
				"up": {"uv": [7, 11, 5, 12], "texture": "#cross"},
				"down": {"uv": [7, 11, 5, 12], "texture": "#cross"}
			}
		}
	],
	"groups": [
		{
			"name": "flower_pot_cross",
			"origin": [8, 8, 8],
			"color": 0,
			"children": [0, 1, 2, 3, 4]
		},
		{
			"name": "oxeye_daisy5",
			"origin": [8, 8, 8],
			"color": 0,
			"children": [5, 6, 7, 8, 9, 10, 11, 12, 13, 14, 15, 16, 17, 18, 19, 20, 21, 22, 23, 24]
		}
	]
}