{
	"credit": "Made with Blockbench",
	"parent": "block/block",
	"textures": {
		"5": "block/small_dripleaf_stem_bottom"
	},
	"elements": [
		{
			"name": "small_dripleaf_stem_bottom_0",
			"from": [-0.28, 15, 13.6],
			"to": [0.22, 16, 14.6],
			"rotation": {"angle": 45, "axis": "y", "origin": [0, 0, 0]},
			"faces": {
				"north": {"uv": [5, 0, 6, 1], "texture": "#5"},
				"east": {"uv": [5, 0, 6, 1], "texture": "#5"},
				"south": {"uv": [5, 0, 6, 1], "texture": "#5"},
				"west": {"uv": [5, 1, 6, 0], "rotation": 180, "texture": "#5"},
				"up": {"uv": [6, 0, 5, 1], "rotation": 90, "texture": "#5"},
				"down": {"uv": [5, 0, 6, 1], "rotation": 90, "texture": "#5"}
			}
		},
		{
			"name": "small_dripleaf_stem_bottom_1",
			"from": [-0.28, 15, 11.6],
			"to": [0.22, 16, 12.6],
			"rotation": {"angle": 45, "axis": "y", "origin": [0, 0, 0]},
			"faces": {
				"north": {"uv": [7, 0, 8, 1], "texture": "#5"},
				"east": {"uv": [7, 0, 8, 1], "texture": "#5"},
				"south": {"uv": [7, 0, 8, 1], "texture": "#5"},
				"west": {"uv": [7, 1, 8, 0], "rotation": 180, "texture": "#5"},
				"up": {"uv": [8, 0, 7, 1], "rotation": 90, "texture": "#5"},
				"down": {"uv": [7, 0, 8, 1], "rotation": 90, "texture": "#5"}
			}
		},
		{
			"name": "small_dripleaf_stem_bottom_2",
			"from": [-0.28, 15, 8.6],
			"to": [0.22, 16, 9.6],
			"rotation": {"angle": 45, "axis": "y", "origin": [0, 0, 0]},
			"faces": {
				"north": {"uv": [10, 0, 11, 1], "texture": "#5"},
				"east": {"uv": [10, 0, 11, 1], "texture": "#5"},
				"south": {"uv": [10, 0, 11, 1], "texture": "#5"},
				"west": {"uv": [10, 1, 11, 0], "rotation": 180, "texture": "#5"},
				"up": {"uv": [11, 0, 10, 1], "rotation": 90, "texture": "#5"},
				"down": {"uv": [10, 0, 11, 1], "rotation": 90, "texture": "#5"}
			}
		},
		{
			"name": "small_dripleaf_stem_bottom_3",
			"from": [-0.28, 14, 13.6],
			"to": [0.22, 15, 14.6],
			"rotation": {"angle": 45, "axis": "y", "origin": [0, 0, 0]},
			"faces": {
				"north": {"uv": [5, 1, 6, 2], "texture": "#5"},
				"east": {"uv": [5, 1, 6, 2], "texture": "#5"},
				"south": {"uv": [5, 1, 6, 2], "texture": "#5"},
				"west": {"uv": [5, 2, 6, 1], "rotation": 180, "texture": "#5"},
				"up": {"uv": [6, 1, 5, 2], "rotation": 90, "texture": "#5"},
				"down": {"uv": [5, 1, 6, 2], "rotation": 90, "texture": "#5"}
			}
		},
		{
			"name": "small_dripleaf_stem_bottom_4",
			"from": [-0.28, 14, 10.6],
			"to": [0.22, 15, 11.6],
			"rotation": {"angle": 45, "axis": "y", "origin": [0, 0, 0]},
			"faces": {
				"north": {"uv": [8, 1, 9, 2], "texture": "#5"},
				"east": {"uv": [8, 1, 9, 2], "texture": "#5"},
				"south": {"uv": [8, 1, 9, 2], "texture": "#5"},
				"west": {"uv": [8, 2, 9, 1], "rotation": 180, "texture": "#5"},
				"up": {"uv": [9, 1, 8, 2], "rotation": 90, "texture": "#5"},
				"down": {"uv": [8, 1, 9, 2], "rotation": 90, "texture": "#5"}
			}
		},
		{
			"name": "small_dripleaf_stem_bottom_5",
			"from": [-0.28, 14, 8.6],
			"to": [0.22, 15, 9.6],
			"rotation": {"angle": 45, "axis": "y", "origin": [0, 0, 0]},
			"faces": {
				"north": {"uv": [10, 1, 11, 2], "texture": "#5"},
				"east": {"uv": [10, 1, 11, 2], "texture": "#5"},
				"south": {"uv": [10, 1, 11, 2], "texture": "#5"},
				"west": {"uv": [10, 2, 11, 1], "rotation": 180, "texture": "#5"},
				"up": {"uv": [11, 1, 10, 2], "rotation": 90, "texture": "#5"},
				"down": {"uv": [10, 1, 11, 2], "rotation": 90, "texture": "#5"}
			}
		},
		{
			"name": "small_dripleaf_stem_bottom_6",
			"from": [-0.28, 13, 13.6],
			"to": [0.22, 14, 14.6],
			"rotation": {"angle": 45, "axis": "y", "origin": [0, 0, 0]},
			"faces": {
				"north": {"uv": [5, 2, 6, 3], "texture": "#5"},
				"east": {"uv": [5, 2, 6, 3], "texture": "#5"},
				"south": {"uv": [5, 2, 6, 3], "texture": "#5"},
				"west": {"uv": [5, 3, 6, 2], "rotation": 180, "texture": "#5"},
				"up": {"uv": [6, 2, 5, 3], "rotation": 90, "texture": "#5"},
				"down": {"uv": [5, 2, 6, 3], "rotation": 90, "texture": "#5"}
			}
		},
		{
			"name": "small_dripleaf_stem_bottom_7",
			"from": [-0.28, 13, 9.6],
			"to": [0.22, 14, 10.6],
			"rotation": {"angle": 45, "axis": "y", "origin": [0, 0, 0]},
			"faces": {
				"north": {"uv": [9, 2, 10, 3], "texture": "#5"},
				"east": {"uv": [9, 2, 10, 3], "texture": "#5"},
				"south": {"uv": [9, 2, 10, 3], "texture": "#5"},
				"west": {"uv": [9, 3, 10, 2], "rotation": 180, "texture": "#5"},
				"up": {"uv": [10, 2, 9, 3], "rotation": 90, "texture": "#5"},
				"down": {"uv": [9, 2, 10, 3], "rotation": 90, "texture": "#5"}
			}
		},
		{
			"name": "small_dripleaf_stem_bottom_8",
			"from": [-0.28, 12, 12.6],
			"to": [0.22, 13, 13.6],
			"rotation": {"angle": 45, "axis": "y", "origin": [0, 0, 0]},
			"faces": {
				"north": {"uv": [6, 3, 7, 4], "texture": "#5"},
				"east": {"uv": [6, 3, 7, 4], "texture": "#5"},
				"south": {"uv": [6, 3, 7, 4], "texture": "#5"},
				"west": {"uv": [6, 4, 7, 3], "rotation": 180, "texture": "#5"},
				"up": {"uv": [7, 3, 6, 4], "rotation": 90, "texture": "#5"},
				"down": {"uv": [6, 3, 7, 4], "rotation": 90, "texture": "#5"}
			}
		},
		{
			"name": "small_dripleaf_stem_bottom_9",
			"from": [-0.28, 12, 10.6],
			"to": [0.22, 13, 11.6],
			"rotation": {"angle": 45, "axis": "y", "origin": [0, 0, 0]},
			"faces": {
				"north": {"uv": [8, 3, 9, 4], "texture": "#5"},
				"east": {"uv": [8, 3, 9, 4], "texture": "#5"},
				"south": {"uv": [8, 3, 9, 4], "texture": "#5"},
				"west": {"uv": [8, 4, 9, 3], "rotation": 180, "texture": "#5"},
				"up": {"uv": [9, 3, 8, 4], "rotation": 90, "texture": "#5"},
				"down": {"uv": [8, 3, 9, 4], "rotation": 90, "texture": "#5"}
			}
		},
		{
			"name": "small_dripleaf_stem_bottom_10",
			"from": [-0.28, 12, 8.6],
			"to": [0.22, 13, 9.6],
			"rotation": {"angle": 45, "axis": "y", "origin": [0, 0, 0]},
			"faces": {
				"north": {"uv": [10, 3, 11, 4], "texture": "#5"},
				"east": {"uv": [10, 3, 11, 4], "texture": "#5"},
				"south": {"uv": [10, 3, 11, 4], "texture": "#5"},
				"west": {"uv": [10, 4, 11, 3], "rotation": 180, "texture": "#5"},
				"up": {"uv": [11, 3, 10, 4], "rotation": 90, "texture": "#5"},
				"down": {"uv": [10, 3, 11, 4], "rotation": 90, "texture": "#5"}
			}
		},
		{
			"name": "small_dripleaf_stem_bottom_11",
			"from": [-0.28, 11, 11.6],
			"to": [0.22, 12, 12.6],
			"rotation": {"angle": 45, "axis": "y", "origin": [0, 0, 0]},
			"faces": {
				"north": {"uv": [7, 4, 8, 5], "texture": "#5"},
				"east": {"uv": [7, 4, 8, 5], "texture": "#5"},
				"south": {"uv": [7, 4, 8, 5], "texture": "#5"},
				"west": {"uv": [7, 5, 8, 4], "rotation": 180, "texture": "#5"},
				"up": {"uv": [8, 4, 7, 5], "rotation": 90, "texture": "#5"},
				"down": {"uv": [7, 4, 8, 5], "rotation": 90, "texture": "#5"}
			}
		},
		{
			"name": "small_dripleaf_stem_bottom_12",
			"from": [-0.28, 11, 7.6],
			"to": [0.22, 12, 8.6],
			"rotation": {"angle": 45, "axis": "y", "origin": [0, 0, 0]},
			"faces": {
				"north": {"uv": [11, 4, 12, 5], "texture": "#5"},
				"east": {"uv": [11, 4, 12, 5], "texture": "#5"},
				"south": {"uv": [11, 4, 12, 5], "texture": "#5"},
				"west": {"uv": [11, 5, 12, 4], "rotation": 180, "texture": "#5"},
				"up": {"uv": [12, 4, 11, 5], "rotation": 90, "texture": "#5"},
				"down": {"uv": [11, 4, 12, 5], "rotation": 90, "texture": "#5"}
			}
		},
		{
			"name": "small_dripleaf_stem_bottom_13",
			"from": [-0.28, 10, 12.6],
			"to": [0.22, 11, 13.6],
			"rotation": {"angle": 45, "axis": "y", "origin": [0, 0, 0]},
			"faces": {
				"north": {"uv": [6, 5, 7, 6], "texture": "#5"},
				"east": {"uv": [6, 5, 7, 6], "texture": "#5"},
				"south": {"uv": [6, 5, 7, 6], "texture": "#5"},
				"west": {"uv": [6, 6, 7, 5], "rotation": 180, "texture": "#5"},
				"up": {"uv": [7, 5, 6, 6], "rotation": 90, "texture": "#5"},
				"down": {"uv": [6, 5, 7, 6], "rotation": 90, "texture": "#5"}
			}
		},
		{
			"name": "small_dripleaf_stem_bottom_14",
			"from": [-0.28, 10, 11.6],
			"to": [0.22, 11, 12.6],
			"rotation": {"angle": 45, "axis": "y", "origin": [0, 0, 0]},
			"faces": {
				"north": {"uv": [7, 5, 8, 6], "texture": "#5"},
				"east": {"uv": [7, 5, 8, 6], "texture": "#5"},
				"south": {"uv": [7, 5, 8, 6], "texture": "#5"},
				"west": {"uv": [7, 6, 8, 5], "rotation": 180, "texture": "#5"},
				"up": {"uv": [8, 5, 7, 6], "rotation": 90, "texture": "#5"},
				"down": {"uv": [7, 5, 8, 6], "rotation": 90, "texture": "#5"}
			}
		},
		{
			"name": "small_dripleaf_stem_bottom_15",
			"from": [-0.28, 10, 7.6],
			"to": [0.22, 11, 8.6],
			"rotation": {"angle": 45, "axis": "y", "origin": [0, 0, 0]},
			"faces": {
				"north": {"uv": [11, 5, 12, 6], "texture": "#5"},
				"east": {"uv": [11, 5, 12, 6], "texture": "#5"},
				"south": {"uv": [11, 5, 12, 6], "texture": "#5"},
				"west": {"uv": [11, 6, 12, 5], "rotation": 180, "texture": "#5"},
				"up": {"uv": [12, 5, 11, 6], "rotation": 90, "texture": "#5"},
				"down": {"uv": [11, 5, 12, 6], "rotation": 90, "texture": "#5"}
			}
		},
		{
			"name": "small_dripleaf_stem_bottom_16",
			"from": [-0.28, 9, 12.6],
			"to": [0.22, 10, 13.6],
			"rotation": {"angle": 45, "axis": "y", "origin": [0, 0, 0]},
			"faces": {
				"north": {"uv": [6, 6, 7, 7], "texture": "#5"},
				"east": {"uv": [6, 6, 7, 7], "texture": "#5"},
				"south": {"uv": [6, 6, 7, 7], "texture": "#5"},
				"west": {"uv": [6, 7, 7, 6], "rotation": 180, "texture": "#5"},
				"up": {"uv": [7, 6, 6, 7], "rotation": 90, "texture": "#5"},
				"down": {"uv": [6, 6, 7, 7], "rotation": 90, "texture": "#5"}
			}
		},
		{
			"name": "small_dripleaf_stem_bottom_17",
			"from": [-0.28, 9, 10.6],
			"to": [0.22, 10, 11.6],
			"rotation": {"angle": 45, "axis": "y", "origin": [0, 0, 0]},
			"faces": {
				"north": {"uv": [8, 6, 9, 7], "texture": "#5"},
				"east": {"uv": [8, 6, 9, 7], "texture": "#5"},
				"south": {"uv": [8, 6, 9, 7], "texture": "#5"},
				"west": {"uv": [8, 7, 9, 6], "rotation": 180, "texture": "#5"},
				"up": {"uv": [9, 6, 8, 7], "rotation": 90, "texture": "#5"},
				"down": {"uv": [8, 6, 9, 7], "rotation": 90, "texture": "#5"}
			}
		},
		{
			"name": "small_dripleaf_stem_bottom_18",
			"from": [-0.28, 9, 7.6],
			"to": [0.22, 10, 8.6],
			"rotation": {"angle": 45, "axis": "y", "origin": [0, 0, 0]},
			"faces": {
				"north": {"uv": [11, 6, 12, 7], "texture": "#5"},
				"east": {"uv": [11, 6, 12, 7], "texture": "#5"},
				"south": {"uv": [11, 6, 12, 7], "texture": "#5"},
				"west": {"uv": [11, 7, 12, 6], "rotation": 180, "texture": "#5"},
				"up": {"uv": [12, 6, 11, 7], "rotation": 90, "texture": "#5"},
				"down": {"uv": [11, 6, 12, 7], "rotation": 90, "texture": "#5"}
			}
		},
		{
			"name": "small_dripleaf_stem_bottom_19",
			"from": [-0.28, 8, 11.6],
			"to": [0.22, 9, 12.6],
			"rotation": {"angle": 45, "axis": "y", "origin": [0, 0, 0]},
			"faces": {
				"north": {"uv": [7, 7, 8, 8], "texture": "#5"},
				"east": {"uv": [7, 7, 8, 8], "texture": "#5"},
				"south": {"uv": [7, 7, 8, 8], "texture": "#5"},
				"west": {"uv": [7, 8, 8, 7], "rotation": 180, "texture": "#5"},
				"up": {"uv": [8, 7, 7, 8], "rotation": 90, "texture": "#5"},
				"down": {"uv": [7, 7, 8, 8], "rotation": 90, "texture": "#5"}
			}
		},
		{
			"name": "small_dripleaf_stem_bottom_20",
			"from": [-0.28, 8, 10.6],
			"to": [0.22, 9, 11.6],
			"rotation": {"angle": 45, "axis": "y", "origin": [0, 0, 0]},
			"faces": {
				"north": {"uv": [8, 7, 9, 8], "texture": "#5"},
				"east": {"uv": [8, 7, 9, 8], "texture": "#5"},
				"south": {"uv": [8, 7, 9, 8], "texture": "#5"},
				"west": {"uv": [8, 8, 9, 7], "rotation": 180, "texture": "#5"},
				"up": {"uv": [9, 7, 8, 8], "rotation": 90, "texture": "#5"},
				"down": {"uv": [8, 7, 9, 8], "rotation": 90, "texture": "#5"}
			}
		},
		{
			"name": "small_dripleaf_stem_bottom_21",
			"from": [-0.28, 8, 7.6],
			"to": [0.22, 9, 8.6],
			"rotation": {"angle": 45, "axis": "y", "origin": [0, 0, 0]},
			"faces": {
				"north": {"uv": [11, 7, 12, 8], "texture": "#5"},
				"east": {"uv": [11, 7, 12, 8], "texture": "#5"},
				"south": {"uv": [11, 7, 12, 8], "texture": "#5"},
				"west": {"uv": [11, 8, 12, 7], "rotation": 180, "texture": "#5"},
				"up": {"uv": [12, 7, 11, 8], "rotation": 90, "texture": "#5"},
				"down": {"uv": [11, 7, 12, 8], "rotation": 90, "texture": "#5"}
			}
		},
		{
			"name": "small_dripleaf_stem_bottom_22",
			"from": [-0.28, 7, 10.6],
			"to": [0.22, 8, 11.6],
			"rotation": {"angle": 45, "axis": "y", "origin": [0, 0, 0]},
			"faces": {
				"north": {"uv": [8, 8, 9, 9], "texture": "#5"},
				"east": {"uv": [8, 8, 9, 9], "texture": "#5"},
				"south": {"uv": [8, 8, 9, 9], "texture": "#5"},
				"west": {"uv": [8, 9, 9, 8], "rotation": 180, "texture": "#5"},
				"up": {"uv": [9, 8, 8, 9], "rotation": 90, "texture": "#5"},
				"down": {"uv": [8, 8, 9, 9], "rotation": 90, "texture": "#5"}
			}
		},
		{
			"name": "small_dripleaf_stem_bottom_23",
			"from": [-0.28, 7, 8.6],
			"to": [0.22, 8, 9.6],
			"rotation": {"angle": 45, "axis": "y", "origin": [0, 0, 0]},
			"faces": {
				"north": {"uv": [10, 8, 11, 9], "texture": "#5"},
				"east": {"uv": [10, 8, 11, 9], "texture": "#5"},
				"south": {"uv": [10, 8, 11, 9], "texture": "#5"},
				"west": {"uv": [10, 9, 11, 8], "rotation": 180, "texture": "#5"},
				"up": {"uv": [11, 8, 10, 9], "rotation": 90, "texture": "#5"},
				"down": {"uv": [10, 8, 11, 9], "rotation": 90, "texture": "#5"}
			}
		},
		{
			"name": "small_dripleaf_stem_bottom_24",
			"from": [-0.28, 6, 10.6],
			"to": [0.22, 7, 11.6],
			"rotation": {"angle": 45, "axis": "y", "origin": [0, 0, 0]},
			"faces": {
				"north": {"uv": [8, 9, 9, 10], "texture": "#5"},
				"east": {"uv": [8, 9, 9, 10], "texture": "#5"},
				"south": {"uv": [8, 9, 9, 10], "texture": "#5"},
				"west": {"uv": [8, 10, 9, 9], "rotation": 180, "texture": "#5"},
				"up": {"uv": [9, 9, 8, 10], "rotation": 90, "texture": "#5"},
				"down": {"uv": [8, 9, 9, 10], "rotation": 90, "texture": "#5"}
			}
		},
		{
			"name": "small_dripleaf_stem_bottom_25",
			"from": [-0.28, 6, 9.6],
			"to": [0.22, 7, 10.6],
			"rotation": {"angle": 45, "axis": "y", "origin": [0, 0, 0]},
			"faces": {
				"north": {"uv": [9, 9, 10, 10], "texture": "#5"},
				"east": {"uv": [9, 9, 10, 10], "texture": "#5"},
				"south": {"uv": [9, 9, 10, 10], "texture": "#5"},
				"west": {"uv": [9, 10, 10, 9], "rotation": 180, "texture": "#5"},
				"up": {"uv": [10, 9, 9, 10], "rotation": 90, "texture": "#5"},
				"down": {"uv": [9, 9, 10, 10], "rotation": 90, "texture": "#5"}
			}
		},
		{
			"name": "small_dripleaf_stem_bottom_26",
			"from": [-0.28, 6, 8.6],
			"to": [0.22, 7, 9.6],
			"rotation": {"angle": 45, "axis": "y", "origin": [0, 0, 0]},
			"faces": {
				"north": {"uv": [10, 9, 11, 10], "texture": "#5"},
				"east": {"uv": [10, 9, 11, 10], "texture": "#5"},
				"south": {"uv": [10, 9, 11, 10], "texture": "#5"},
				"west": {"uv": [10, 10, 11, 9], "rotation": 180, "texture": "#5"},
				"up": {"uv": [11, 9, 10, 10], "rotation": 90, "texture": "#5"},
				"down": {"uv": [10, 9, 11, 10], "rotation": 90, "texture": "#5"}
			}
		},
		{
			"name": "small_dripleaf_stem_bottom_27",
			"from": [-0.28, 5, 11.6],
			"to": [0.22, 6, 12.6],
			"rotation": {"angle": 45, "axis": "y", "origin": [0, 0, 0]},
			"faces": {
				"north": {"uv": [7, 10, 8, 11], "texture": "#5"},
				"east": {"uv": [7, 10, 8, 11], "texture": "#5"},
				"south": {"uv": [7, 10, 8, 11], "texture": "#5"},
				"west": {"uv": [7, 11, 8, 10], "rotation": 180, "texture": "#5"},
				"up": {"uv": [8, 10, 7, 11], "rotation": 90, "texture": "#5"},
				"down": {"uv": [7, 10, 8, 11], "rotation": 90, "texture": "#5"}
			}
		},
		{
			"name": "small_dripleaf_stem_bottom_28",
			"from": [-0.28, 5, 9.6],
			"to": [0.22, 6, 10.6],
			"rotation": {"angle": 45, "axis": "y", "origin": [0, 0, 0]},
			"faces": {
				"north": {"uv": [9, 10, 10, 11], "texture": "#5"},
				"east": {"uv": [9, 10, 10, 11], "texture": "#5"},
				"south": {"uv": [9, 10, 10, 11], "texture": "#5"},
				"west": {"uv": [9, 11, 10, 10], "rotation": 180, "texture": "#5"},
				"up": {"uv": [10, 10, 9, 11], "rotation": 90, "texture": "#5"},
				"down": {"uv": [9, 10, 10, 11], "rotation": 90, "texture": "#5"}
			}
		},
		{
			"name": "small_dripleaf_stem_bottom_29",
			"from": [-0.28, 4, 12.6],
			"to": [0.22, 5, 13.6],
			"rotation": {"angle": 45, "axis": "y", "origin": [0, 0, 0]},
			"faces": {
				"north": {"uv": [6, 11, 7, 12], "texture": "#5"},
				"east": {"uv": [6, 11, 7, 12], "texture": "#5"},
				"south": {"uv": [6, 11, 7, 12], "texture": "#5"},
				"west": {"uv": [6, 12, 7, 11], "rotation": 180, "texture": "#5"},
				"up": {"uv": [7, 11, 6, 12], "rotation": 90, "texture": "#5"},
				"down": {"uv": [6, 11, 7, 12], "rotation": 90, "texture": "#5"}
			}
		},
		{
			"name": "small_dripleaf_stem_bottom_30",
			"from": [-0.28, 4, 9.6],
			"to": [0.22, 5, 10.6],
			"rotation": {"angle": 45, "axis": "y", "origin": [0, 0, 0]},
			"faces": {
				"north": {"uv": [9, 11, 10, 12], "texture": "#5"},
				"east": {"uv": [9, 11, 10, 12], "texture": "#5"},
				"south": {"uv": [9, 11, 10, 12], "texture": "#5"},
				"west": {"uv": [9, 12, 10, 11], "rotation": 180, "texture": "#5"},
				"up": {"uv": [10, 11, 9, 12], "rotation": 90, "texture": "#5"},
				"down": {"uv": [9, 11, 10, 12], "rotation": 90, "texture": "#5"}
			}
		},
		{
			"name": "small_dripleaf_stem_bottom_31",
			"from": [-0.28, 3, 12.6],
			"to": [0.22, 4, 13.6],
			"rotation": {"angle": 45, "axis": "y", "origin": [0, 0, 0]},
			"faces": {
				"north": {"uv": [6, 12, 7, 13], "texture": "#5"},
				"east": {"uv": [6, 12, 7, 13], "texture": "#5"},
				"south": {"uv": [6, 12, 7, 13], "texture": "#5"},
				"west": {"uv": [6, 13, 7, 12], "rotation": 180, "texture": "#5"},
				"up": {"uv": [7, 12, 6, 13], "rotation": 90, "texture": "#5"},
				"down": {"uv": [6, 12, 7, 13], "rotation": 90, "texture": "#5"}
			}
		},
		{
			"name": "small_dripleaf_stem_bottom_32",
			"from": [-0.28, 3, 10.6],
			"to": [0.22, 4, 11.6],
			"rotation": {"angle": 45, "axis": "y", "origin": [0, 0, 0]},
			"faces": {
				"north": {"uv": [8, 12, 9, 13], "texture": "#5"},
				"east": {"uv": [8, 12, 9, 13], "texture": "#5"},
				"south": {"uv": [8, 12, 9, 13], "texture": "#5"},
				"west": {"uv": [8, 13, 9, 12], "rotation": 180, "texture": "#5"},
				"up": {"uv": [9, 12, 8, 13], "rotation": 90, "texture": "#5"},
				"down": {"uv": [8, 12, 9, 13], "rotation": 90, "texture": "#5"}
			}
		},
		{
			"name": "small_dripleaf_stem_bottom_33",
			"from": [-0.28, 3, 8.6],
			"to": [0.22, 4, 9.6],
			"rotation": {"angle": 45, "axis": "y", "origin": [0, 0, 0]},
			"faces": {
				"north": {"uv": [10, 12, 11, 13], "texture": "#5"},
				"east": {"uv": [10, 12, 11, 13], "texture": "#5"},
				"south": {"uv": [10, 12, 11, 13], "texture": "#5"},
				"west": {"uv": [10, 13, 11, 12], "rotation": 180, "texture": "#5"},
				"up": {"uv": [11, 12, 10, 13], "rotation": 90, "texture": "#5"},
				"down": {"uv": [10, 12, 11, 13], "rotation": 90, "texture": "#5"}
			}
		},
		{
			"name": "small_dripleaf_stem_bottom_34",
			"from": [-0.28, 2, 12.6],
			"to": [0.22, 3, 13.6],
			"rotation": {"angle": 45, "axis": "y", "origin": [0, 0, 0]},
			"faces": {
				"north": {"uv": [6, 13, 7, 14], "texture": "#5"},
				"east": {"uv": [6, 13, 7, 14], "texture": "#5"},
				"south": {"uv": [6, 13, 7, 14], "texture": "#5"},
				"west": {"uv": [6, 14, 7, 13], "rotation": 180, "texture": "#5"},
				"up": {"uv": [7, 13, 6, 14], "rotation": 90, "texture": "#5"},
				"down": {"uv": [6, 13, 7, 14], "rotation": 90, "texture": "#5"}
			}
		},
		{
			"name": "small_dripleaf_stem_bottom_35",
			"from": [-0.28, 2, 10.6],
			"to": [0.22, 3, 11.6],
			"rotation": {"angle": 45, "axis": "y", "origin": [0, 0, 0]},
			"faces": {
				"north": {"uv": [8, 13, 9, 14], "texture": "#5"},
				"east": {"uv": [8, 13, 9, 14], "texture": "#5"},
				"south": {"uv": [8, 13, 9, 14], "texture": "#5"},
				"west": {"uv": [8, 14, 9, 13], "rotation": 180, "texture": "#5"},
				"up": {"uv": [9, 13, 8, 14], "rotation": 90, "texture": "#5"},
				"down": {"uv": [8, 13, 9, 14], "rotation": 90, "texture": "#5"}
			}
		},
		{
			"name": "small_dripleaf_stem_bottom_36",
			"from": [-0.28, 2, 8.6],
			"to": [0.22, 3, 9.6],
			"rotation": {"angle": 45, "axis": "y", "origin": [0, 0, 0]},
			"faces": {
				"north": {"uv": [10, 13, 11, 14], "texture": "#5"},
				"east": {"uv": [10, 13, 11, 14], "texture": "#5"},
				"south": {"uv": [10, 13, 11, 14], "texture": "#5"},
				"west": {"uv": [10, 14, 11, 13], "rotation": 180, "texture": "#5"},
				"up": {"uv": [11, 13, 10, 14], "rotation": 90, "texture": "#5"},
				"down": {"uv": [10, 13, 11, 14], "rotation": 90, "texture": "#5"}
			}
		},
		{
			"name": "small_dripleaf_stem_bottom_37",
			"from": [-0.28, 1, 12.6],
			"to": [0.22, 2, 13.6],
			"rotation": {"angle": 45, "axis": "y", "origin": [0, 0, 0]},
			"faces": {
				"north": {"uv": [6, 14, 7, 15], "texture": "#5"},
				"east": {"uv": [6, 14, 7, 15], "texture": "#5"},
				"south": {"uv": [6, 14, 7, 15], "texture": "#5"},
				"west": {"uv": [6, 15, 7, 14], "rotation": 180, "texture": "#5"},
				"up": {"uv": [7, 14, 6, 15], "rotation": 90, "texture": "#5"},
				"down": {"uv": [6, 14, 7, 15], "rotation": 90, "texture": "#5"}
			}
		},
		{
			"name": "small_dripleaf_stem_bottom_38",
			"from": [-0.28, 1, 10.6],
			"to": [0.22, 2, 11.6],
			"rotation": {"angle": 45, "axis": "y", "origin": [0, 0, 0]},
			"faces": {
				"north": {"uv": [8, 14, 9, 15], "texture": "#5"},
				"east": {"uv": [8, 14, 9, 15], "texture": "#5"},
				"south": {"uv": [8, 14, 9, 15], "texture": "#5"},
				"west": {"uv": [8, 15, 9, 14], "rotation": 180, "texture": "#5"},
				"up": {"uv": [9, 14, 8, 15], "rotation": 90, "texture": "#5"},
				"down": {"uv": [8, 14, 9, 15], "rotation": 90, "texture": "#5"}
			}
		},
		{
			"name": "small_dripleaf_stem_bottom_39",
			"from": [-0.28, 1, 8.6],
			"to": [0.22, 2, 9.6],
			"rotation": {"angle": 45, "axis": "y", "origin": [0, 0, 0]},
			"faces": {
				"north": {"uv": [10, 14, 11, 15], "texture": "#5"},
				"east": {"uv": [10, 14, 11, 15], "texture": "#5"},
				"south": {"uv": [10, 14, 11, 15], "texture": "#5"},
				"west": {"uv": [10, 15, 11, 14], "rotation": 180, "texture": "#5"},
				"up": {"uv": [11, 14, 10, 15], "rotation": 90, "texture": "#5"},
				"down": {"uv": [10, 14, 11, 15], "rotation": 90, "texture": "#5"}
			}
		},
		{
			"name": "small_dripleaf_stem_bottom_40",
			"from": [-0.28, 0, 12.6],
			"to": [0.22, 1, 13.6],
			"rotation": {"angle": 45, "axis": "y", "origin": [0, 0, 0]},
			"faces": {
				"north": {"uv": [6, 15, 7, 16], "texture": "#5"},
				"east": {"uv": [6, 15, 7, 16], "texture": "#5"},
				"south": {"uv": [6, 15, 7, 16], "texture": "#5"},
				"west": {"uv": [6, 16, 7, 15], "rotation": 180, "texture": "#5"},
				"up": {"uv": [7, 15, 6, 16], "rotation": 90, "texture": "#5"},
				"down": {"uv": [6, 15, 7, 16], "rotation": 90, "texture": "#5"}
			}
		},
		{
			"name": "small_dripleaf_stem_bottom_41",
			"from": [-0.28, 0, 10.6],
			"to": [0.22, 1, 11.6],
			"rotation": {"angle": 45, "axis": "y", "origin": [0, 0, 0]},
			"faces": {
				"north": {"uv": [8, 15, 9, 16], "texture": "#5"},
				"east": {"uv": [8, 15, 9, 16], "texture": "#5"},
				"south": {"uv": [8, 15, 9, 16], "texture": "#5"},
				"west": {"uv": [8, 16, 9, 15], "rotation": 180, "texture": "#5"},
				"up": {"uv": [9, 15, 8, 16], "rotation": 90, "texture": "#5"},
				"down": {"uv": [8, 15, 9, 16], "rotation": 90, "texture": "#5"}
			}
		},
		{
			"name": "small_dripleaf_stem_bottom_42",
			"from": [-0.28, 0, 8.6],
			"to": [0.22, 1, 9.6],
			"rotation": {"angle": 45, "axis": "y", "origin": [0, 0, 0]},
			"faces": {
				"north": {"uv": [10, 15, 11, 16], "texture": "#5"},
				"east": {"uv": [10, 15, 11, 16], "texture": "#5"},
				"south": {"uv": [10, 15, 11, 16], "texture": "#5"},
				"west": {"uv": [10, 16, 11, 15], "rotation": 180, "texture": "#5"},
				"up": {"uv": [11, 15, 10, 16], "rotation": 90, "texture": "#5"},
				"down": {"uv": [10, 15, 11, 16], "rotation": 90, "texture": "#5"}
			}
		},
		{
			"name": "small_dripleaf_stem_bottom_1",
			"from": [2.2, 15, 11.12],
			"to": [3.2, 16, 11.62],
			"rotation": {"angle": 45, "axis": "y", "origin": [0, 0, 0]},
			"faces": {
				"north": {"uv": [5, 0, 6, 1], "texture": "#5"},
				"east": {"uv": [5, 0, 6, 1], "texture": "#5"},
				"south": {"uv": [5, 1, 6, 0], "rotation": 180, "texture": "#5"},
				"west": {"uv": [5, 0, 6, 1], "texture": "#5"},
				"up": {"uv": [6, 0, 5, 1], "texture": "#5"},
				"down": {"uv": [5, 0, 6, 1], "rotation": 180, "texture": "#5"}
			}
		},
		{
			"name": "small_dripleaf_stem_bottom_2",
			"from": [0.2, 15, 11.12],
			"to": [1.2, 16, 11.62],
			"rotation": {"angle": 45, "axis": "y", "origin": [0, 0, 0]},
			"faces": {
				"north": {"uv": [7, 0, 8, 1], "texture": "#5"},
				"east": {"uv": [7, 0, 8, 1], "texture": "#5"},
				"south": {"uv": [7, 1, 8, 0], "rotation": 180, "texture": "#5"},
				"west": {"uv": [7, 0, 8, 1], "texture": "#5"},
				"up": {"uv": [8, 0, 7, 1], "texture": "#5"},
				"down": {"uv": [7, 0, 8, 1], "rotation": 180, "texture": "#5"}
			}
		},
		{
			"name": "small_dripleaf_stem_bottom_3",
			"from": [-2.8, 15, 11.12],
			"to": [-1.8, 16, 11.62],
			"rotation": {"angle": 45, "axis": "y", "origin": [0, 0, 0]},
			"faces": {
				"north": {"uv": [10, 0, 11, 1], "texture": "#5"},
				"east": {"uv": [10, 0, 11, 1], "texture": "#5"},
				"south": {"uv": [10, 1, 11, 0], "rotation": 180, "texture": "#5"},
				"west": {"uv": [10, 0, 11, 1], "texture": "#5"},
				"up": {"uv": [11, 0, 10, 1], "texture": "#5"},
				"down": {"uv": [10, 0, 11, 1], "rotation": 180, "texture": "#5"}
			}
		},
		{
			"name": "small_dripleaf_stem_bottom_4",
			"from": [2.2, 14, 11.12],
			"to": [3.2, 15, 11.62],
			"rotation": {"angle": 45, "axis": "y", "origin": [0, 0, 0]},
			"faces": {
				"north": {"uv": [5, 1, 6, 2], "texture": "#5"},
				"east": {"uv": [5, 1, 6, 2], "texture": "#5"},
				"south": {"uv": [5, 2, 6, 1], "rotation": 180, "texture": "#5"},
				"west": {"uv": [5, 1, 6, 2], "texture": "#5"},
				"up": {"uv": [6, 1, 5, 2], "texture": "#5"},
				"down": {"uv": [5, 1, 6, 2], "rotation": 180, "texture": "#5"}
			}
		},
		{
			"name": "small_dripleaf_stem_bottom_5",
			"from": [-0.8, 14, 11.12],
			"to": [0.2, 15, 11.62],
			"rotation": {"angle": 45, "axis": "y", "origin": [0, 0, 0]},
			"faces": {
				"north": {"uv": [8, 1, 9, 2], "texture": "#5"},
				"east": {"uv": [8, 1, 9, 2], "texture": "#5"},
				"south": {"uv": [8, 2, 9, 1], "rotation": 180, "texture": "#5"},
				"west": {"uv": [8, 1, 9, 2], "texture": "#5"},
				"up": {"uv": [9, 1, 8, 2], "texture": "#5"},
				"down": {"uv": [8, 1, 9, 2], "rotation": 180, "texture": "#5"}
			}
		},
		{
			"name": "small_dripleaf_stem_bottom_6",
			"from": [-2.8, 14, 11.12],
			"to": [-1.8, 15, 11.62],
			"rotation": {"angle": 45, "axis": "y", "origin": [0, 0, 0]},
			"faces": {
				"north": {"uv": [10, 1, 11, 2], "texture": "#5"},
				"east": {"uv": [10, 1, 11, 2], "texture": "#5"},
				"south": {"uv": [10, 2, 11, 1], "rotation": 180, "texture": "#5"},
				"west": {"uv": [10, 1, 11, 2], "texture": "#5"},
				"up": {"uv": [11, 1, 10, 2], "texture": "#5"},
				"down": {"uv": [10, 1, 11, 2], "rotation": 180, "texture": "#5"}
			}
		},
		{
			"name": "small_dripleaf_stem_bottom_7",
			"from": [2.2, 13, 11.12],
			"to": [3.2, 14, 11.62],
			"rotation": {"angle": 45, "axis": "y", "origin": [0, 0, 0]},
			"faces": {
				"north": {"uv": [5, 2, 6, 3], "texture": "#5"},
				"east": {"uv": [5, 2, 6, 3], "texture": "#5"},
				"south": {"uv": [5, 3, 6, 2], "rotation": 180, "texture": "#5"},
				"west": {"uv": [5, 2, 6, 3], "texture": "#5"},
				"up": {"uv": [6, 2, 5, 3], "texture": "#5"},
				"down": {"uv": [5, 2, 6, 3], "rotation": 180, "texture": "#5"}
			}
		},
		{
			"name": "small_dripleaf_stem_bottom_8",
			"from": [-1.8, 13, 11.12],
			"to": [-0.8, 14, 11.62],
			"rotation": {"angle": 45, "axis": "y", "origin": [0, 0, 0]},
			"faces": {
				"north": {"uv": [9, 2, 10, 3], "texture": "#5"},
				"east": {"uv": [9, 2, 10, 3], "texture": "#5"},
				"south": {"uv": [9, 3, 10, 2], "rotation": 180, "texture": "#5"},
				"west": {"uv": [9, 2, 10, 3], "texture": "#5"},
				"up": {"uv": [10, 2, 9, 3], "texture": "#5"},
				"down": {"uv": [9, 2, 10, 3], "rotation": 180, "texture": "#5"}
			}
		},
		{
			"name": "small_dripleaf_stem_bottom_9",
			"from": [1.2, 12, 11.12],
			"to": [2.2, 13, 11.62],
			"rotation": {"angle": 45, "axis": "y", "origin": [0, 0, 0]},
			"faces": {
				"north": {"uv": [6, 3, 7, 4], "texture": "#5"},
				"east": {"uv": [6, 3, 7, 4], "texture": "#5"},
				"south": {"uv": [6, 4, 7, 3], "rotation": 180, "texture": "#5"},
				"west": {"uv": [6, 3, 7, 4], "texture": "#5"},
				"up": {"uv": [7, 3, 6, 4], "texture": "#5"},
				"down": {"uv": [6, 3, 7, 4], "rotation": 180, "texture": "#5"}
			}
		},
		{
			"name": "small_dripleaf_stem_bottom_10",
			"from": [-0.8, 12, 11.12],
			"to": [0.2, 13, 11.62],
			"rotation": {"angle": 45, "axis": "y", "origin": [0, 0, 0]},
			"faces": {
				"north": {"uv": [8, 3, 9, 4], "texture": "#5"},
				"east": {"uv": [8, 3, 9, 4], "texture": "#5"},
				"south": {"uv": [8, 4, 9, 3], "rotation": 180, "texture": "#5"},
				"west": {"uv": [8, 3, 9, 4], "texture": "#5"},
				"up": {"uv": [9, 3, 8, 4], "texture": "#5"},
				"down": {"uv": [8, 3, 9, 4], "rotation": 180, "texture": "#5"}
			}
		},
		{
			"name": "small_dripleaf_stem_bottom_11",
			"from": [-2.8, 12, 11.12],
			"to": [-1.8, 13, 11.62],
			"rotation": {"angle": 45, "axis": "y", "origin": [0, 0, 0]},
			"faces": {
				"north": {"uv": [10, 3, 11, 4], "texture": "#5"},
				"east": {"uv": [10, 3, 11, 4], "texture": "#5"},
				"south": {"uv": [10, 4, 11, 3], "rotation": 180, "texture": "#5"},
				"west": {"uv": [10, 3, 11, 4], "texture": "#5"},
				"up": {"uv": [11, 3, 10, 4], "texture": "#5"},
				"down": {"uv": [10, 3, 11, 4], "rotation": 180, "texture": "#5"}
			}
		},
		{
			"name": "small_dripleaf_stem_bottom_12",
			"from": [0.2, 11, 11.12],
			"to": [1.2, 12, 11.62],
			"rotation": {"angle": 45, "axis": "y", "origin": [0, 0, 0]},
			"faces": {
				"north": {"uv": [7, 4, 8, 5], "texture": "#5"},
				"east": {"uv": [7, 4, 8, 5], "texture": "#5"},
				"south": {"uv": [7, 5, 8, 4], "rotation": 180, "texture": "#5"},
				"west": {"uv": [7, 4, 8, 5], "texture": "#5"},
				"up": {"uv": [8, 4, 7, 5], "texture": "#5"},
				"down": {"uv": [7, 4, 8, 5], "rotation": 180, "texture": "#5"}
			}
		},
		{
			"name": "small_dripleaf_stem_bottom_13",
			"from": [-3.8, 11, 11.12],
			"to": [-2.8, 12, 11.62],
			"rotation": {"angle": 45, "axis": "y", "origin": [0, 0, 0]},
			"faces": {
				"north": {"uv": [11, 4, 12, 5], "texture": "#5"},
				"east": {"uv": [11, 4, 12, 5], "texture": "#5"},
				"south": {"uv": [11, 5, 12, 4], "rotation": 180, "texture": "#5"},
				"west": {"uv": [11, 4, 12, 5], "texture": "#5"},
				"up": {"uv": [12, 4, 11, 5], "texture": "#5"},
				"down": {"uv": [11, 4, 12, 5], "rotation": 180, "texture": "#5"}
			}
		},
		{
			"name": "small_dripleaf_stem_bottom_14",
			"from": [1.2, 10, 11.12],
			"to": [2.2, 11, 11.62],
			"rotation": {"angle": 45, "axis": "y", "origin": [0, 0, 0]},
			"faces": {
				"north": {"uv": [6, 5, 7, 6], "texture": "#5"},
				"east": {"uv": [6, 5, 7, 6], "texture": "#5"},
				"south": {"uv": [6, 6, 7, 5], "rotation": 180, "texture": "#5"},
				"west": {"uv": [6, 5, 7, 6], "texture": "#5"},
				"up": {"uv": [7, 5, 6, 6], "texture": "#5"},
				"down": {"uv": [6, 5, 7, 6], "rotation": 180, "texture": "#5"}
			}
		},
		{
			"name": "small_dripleaf_stem_bottom_15",
			"from": [0.2, 10, 11.12],
			"to": [1.2, 11, 11.62],
			"rotation": {"angle": 45, "axis": "y", "origin": [0, 0, 0]},
			"faces": {
				"north": {"uv": [7, 5, 8, 6], "texture": "#5"},
				"east": {"uv": [7, 5, 8, 6], "texture": "#5"},
				"south": {"uv": [7, 6, 8, 5], "rotation": 180, "texture": "#5"},
				"west": {"uv": [7, 5, 8, 6], "texture": "#5"},
				"up": {"uv": [8, 5, 7, 6], "texture": "#5"},
				"down": {"uv": [7, 5, 8, 6], "rotation": 180, "texture": "#5"}
			}
		},
		{
			"name": "small_dripleaf_stem_bottom_16",
			"from": [-3.8, 10, 11.12],
			"to": [-2.8, 11, 11.62],
			"rotation": {"angle": 45, "axis": "y", "origin": [0, 0, 0]},
			"faces": {
				"north": {"uv": [11, 5, 12, 6], "texture": "#5"},
				"east": {"uv": [11, 5, 12, 6], "texture": "#5"},
				"south": {"uv": [11, 6, 12, 5], "rotation": 180, "texture": "#5"},
				"west": {"uv": [11, 5, 12, 6], "texture": "#5"},
				"up": {"uv": [12, 5, 11, 6], "texture": "#5"},
				"down": {"uv": [11, 5, 12, 6], "rotation": 180, "texture": "#5"}
			}
		},
		{
			"name": "small_dripleaf_stem_bottom_17",
			"from": [1.2, 9, 11.12],
			"to": [2.2, 10, 11.62],
			"rotation": {"angle": 45, "axis": "y", "origin": [0, 0, 0]},
			"faces": {
				"north": {"uv": [6, 6, 7, 7], "texture": "#5"},
				"east": {"uv": [6, 6, 7, 7], "texture": "#5"},
				"south": {"uv": [6, 7, 7, 6], "rotation": 180, "texture": "#5"},
				"west": {"uv": [6, 6, 7, 7], "texture": "#5"},
				"up": {"uv": [7, 6, 6, 7], "texture": "#5"},
				"down": {"uv": [6, 6, 7, 7], "rotation": 180, "texture": "#5"}
			}
		},
		{
			"name": "small_dripleaf_stem_bottom_18",
			"from": [-0.8, 9, 11.12],
			"to": [0.2, 10, 11.62],
			"rotation": {"angle": 45, "axis": "y", "origin": [0, 0, 0]},
			"faces": {
				"north": {"uv": [8, 6, 9, 7], "texture": "#5"},
				"east": {"uv": [8, 6, 9, 7], "texture": "#5"},
				"south": {"uv": [8, 7, 9, 6], "rotation": 180, "texture": "#5"},
				"west": {"uv": [8, 6, 9, 7], "texture": "#5"},
				"up": {"uv": [9, 6, 8, 7], "texture": "#5"},
				"down": {"uv": [8, 6, 9, 7], "rotation": 180, "texture": "#5"}
			}
		},
		{
			"name": "small_dripleaf_stem_bottom_19",
			"from": [-3.8, 9, 11.12],
			"to": [-2.8, 10, 11.62],
			"rotation": {"angle": 45, "axis": "y", "origin": [0, 0, 0]},
			"faces": {
				"north": {"uv": [11, 6, 12, 7], "texture": "#5"},
				"east": {"uv": [11, 6, 12, 7], "texture": "#5"},
				"south": {"uv": [11, 7, 12, 6], "rotation": 180, "texture": "#5"},
				"west": {"uv": [11, 6, 12, 7], "texture": "#5"},
				"up": {"uv": [12, 6, 11, 7], "texture": "#5"},
				"down": {"uv": [11, 6, 12, 7], "rotation": 180, "texture": "#5"}
			}
		},
		{
			"name": "small_dripleaf_stem_bottom_20",
			"from": [0.2, 8, 11.12],
			"to": [1.2, 9, 11.62],
			"rotation": {"angle": 45, "axis": "y", "origin": [0, 0, 0]},
			"faces": {
				"north": {"uv": [7, 7, 8, 8], "texture": "#5"},
				"east": {"uv": [7, 7, 8, 8], "texture": "#5"},
				"south": {"uv": [7, 8, 8, 7], "rotation": 180, "texture": "#5"},
				"west": {"uv": [7, 7, 8, 8], "texture": "#5"},
				"up": {"uv": [8, 7, 7, 8], "texture": "#5"},
				"down": {"uv": [7, 7, 8, 8], "rotation": 180, "texture": "#5"}
			}
		},
		{
			"name": "small_dripleaf_stem_bottom_21",
			"from": [-0.8, 8, 11.12],
			"to": [0.2, 9, 11.62],
			"rotation": {"angle": 45, "axis": "y", "origin": [0, 0, 0]},
			"faces": {
				"north": {"uv": [8, 7, 9, 8], "texture": "#5"},
				"east": {"uv": [8, 7, 9, 8], "texture": "#5"},
				"south": {"uv": [8, 8, 9, 7], "rotation": 180, "texture": "#5"},
				"west": {"uv": [8, 7, 9, 8], "texture": "#5"},
				"up": {"uv": [9, 7, 8, 8], "texture": "#5"},
				"down": {"uv": [8, 7, 9, 8], "rotation": 180, "texture": "#5"}
			}
		},
		{
			"name": "small_dripleaf_stem_bottom_22",
			"from": [-3.8, 8, 11.12],
			"to": [-2.8, 9, 11.62],
			"rotation": {"angle": 45, "axis": "y", "origin": [0, 0, 0]},
			"faces": {
				"north": {"uv": [11, 7, 12, 8], "texture": "#5"},
				"east": {"uv": [11, 7, 12, 8], "texture": "#5"},
				"south": {"uv": [11, 8, 12, 7], "rotation": 180, "texture": "#5"},
				"west": {"uv": [11, 7, 12, 8], "texture": "#5"},
				"up": {"uv": [12, 7, 11, 8], "texture": "#5"},
				"down": {"uv": [11, 7, 12, 8], "rotation": 180, "texture": "#5"}
			}
		},
		{
			"name": "small_dripleaf_stem_bottom_23",
			"from": [-0.8, 7, 11.12],
			"to": [0.2, 8, 11.62],
			"rotation": {"angle": 45, "axis": "y", "origin": [0, 0, 0]},
			"faces": {
				"north": {"uv": [8, 8, 9, 9], "texture": "#5"},
				"east": {"uv": [8, 8, 9, 9], "texture": "#5"},
				"south": {"uv": [8, 9, 9, 8], "rotation": 180, "texture": "#5"},
				"west": {"uv": [8, 8, 9, 9], "texture": "#5"},
				"up": {"uv": [9, 8, 8, 9], "texture": "#5"},
				"down": {"uv": [8, 8, 9, 9], "rotation": 180, "texture": "#5"}
			}
		},
		{
			"name": "small_dripleaf_stem_bottom_24",
			"from": [-2.8, 7, 11.12],
			"to": [-1.8, 8, 11.62],
			"rotation": {"angle": 45, "axis": "y", "origin": [0, 0, 0]},
			"faces": {
				"north": {"uv": [10, 8, 11, 9], "texture": "#5"},
				"east": {"uv": [10, 8, 11, 9], "texture": "#5"},
				"south": {"uv": [10, 9, 11, 8], "rotation": 180, "texture": "#5"},
				"west": {"uv": [10, 8, 11, 9], "texture": "#5"},
				"up": {"uv": [11, 8, 10, 9], "texture": "#5"},
				"down": {"uv": [10, 8, 11, 9], "rotation": 180, "texture": "#5"}
			}
		},
		{
			"name": "small_dripleaf_stem_bottom_25",
			"from": [-0.8, 6, 11.12],
			"to": [0.2, 7, 11.62],
			"rotation": {"angle": 45, "axis": "y", "origin": [0, 0, 0]},
			"faces": {
				"north": {"uv": [8, 9, 9, 10], "texture": "#5"},
				"east": {"uv": [8, 9, 9, 10], "texture": "#5"},
				"south": {"uv": [8, 10, 9, 9], "rotation": 180, "texture": "#5"},
				"west": {"uv": [8, 9, 9, 10], "texture": "#5"},
				"up": {"uv": [9, 9, 8, 10], "texture": "#5"},
				"down": {"uv": [8, 9, 9, 10], "rotation": 180, "texture": "#5"}
			}
		},
		{
			"name": "small_dripleaf_stem_bottom_26",
			"from": [-1.8, 6, 11.12],
			"to": [-0.8, 7, 11.62],
			"rotation": {"angle": 45, "axis": "y", "origin": [0, 0, 0]},
			"faces": {
				"north": {"uv": [9, 9, 10, 10], "texture": "#5"},
				"east": {"uv": [9, 9, 10, 10], "texture": "#5"},
				"south": {"uv": [9, 10, 10, 9], "rotation": 180, "texture": "#5"},
				"west": {"uv": [9, 9, 10, 10], "texture": "#5"},
				"up": {"uv": [10, 9, 9, 10], "texture": "#5"},
				"down": {"uv": [9, 9, 10, 10], "rotation": 180, "texture": "#5"}
			}
		},
		{
			"name": "small_dripleaf_stem_bottom_27",
			"from": [-2.8, 6, 11.12],
			"to": [-1.8, 7, 11.62],
			"rotation": {"angle": 45, "axis": "y", "origin": [0, 0, 0]},
			"faces": {
				"north": {"uv": [10, 9, 11, 10], "texture": "#5"},
				"east": {"uv": [10, 9, 11, 10], "texture": "#5"},
				"south": {"uv": [10, 10, 11, 9], "rotation": 180, "texture": "#5"},
				"west": {"uv": [10, 9, 11, 10], "texture": "#5"},
				"up": {"uv": [11, 9, 10, 10], "texture": "#5"},
				"down": {"uv": [10, 9, 11, 10], "rotation": 180, "texture": "#5"}
			}
		},
		{
			"name": "small_dripleaf_stem_bottom_28",
			"from": [0.2, 5, 11.12],
			"to": [1.2, 6, 11.62],
			"rotation": {"angle": 45, "axis": "y", "origin": [0, 0, 0]},
			"faces": {
				"north": {"uv": [7, 10, 8, 11], "texture": "#5"},
				"east": {"uv": [7, 10, 8, 11], "texture": "#5"},
				"south": {"uv": [7, 11, 8, 10], "rotation": 180, "texture": "#5"},
				"west": {"uv": [7, 10, 8, 11], "texture": "#5"},
				"up": {"uv": [8, 10, 7, 11], "texture": "#5"},
				"down": {"uv": [7, 10, 8, 11], "rotation": 180, "texture": "#5"}
			}
		},
		{
			"name": "small_dripleaf_stem_bottom_29",
			"from": [-1.8, 5, 11.12],
			"to": [-0.8, 6, 11.62],
			"rotation": {"angle": 45, "axis": "y", "origin": [0, 0, 0]},
			"faces": {
				"north": {"uv": [9, 10, 10, 11], "texture": "#5"},
				"east": {"uv": [9, 10, 10, 11], "texture": "#5"},
				"south": {"uv": [9, 11, 10, 10], "rotation": 180, "texture": "#5"},
				"west": {"uv": [9, 10, 10, 11], "texture": "#5"},
				"up": {"uv": [10, 10, 9, 11], "texture": "#5"},
				"down": {"uv": [9, 10, 10, 11], "rotation": 180, "texture": "#5"}
			}
		},
		{
			"name": "small_dripleaf_stem_bottom_30",
			"from": [1.2, 4, 11.12],
			"to": [2.2, 5, 11.62],
			"rotation": {"angle": 45, "axis": "y", "origin": [0, 0, 0]},
			"faces": {
				"north": {"uv": [6, 11, 7, 12], "texture": "#5"},
				"east": {"uv": [6, 11, 7, 12], "texture": "#5"},
				"south": {"uv": [6, 12, 7, 11], "rotation": 180, "texture": "#5"},
				"west": {"uv": [6, 11, 7, 12], "texture": "#5"},
				"up": {"uv": [7, 11, 6, 12], "texture": "#5"},
				"down": {"uv": [6, 11, 7, 12], "rotation": 180, "texture": "#5"}
			}
		},
		{
			"name": "small_dripleaf_stem_bottom_31",
			"from": [-1.8, 4, 11.12],
			"to": [-0.8, 5, 11.62],
			"rotation": {"angle": 45, "axis": "y", "origin": [0, 0, 0]},
			"faces": {
				"north": {"uv": [9, 11, 10, 12], "texture": "#5"},
				"east": {"uv": [9, 11, 10, 12], "texture": "#5"},
				"south": {"uv": [9, 12, 10, 11], "rotation": 180, "texture": "#5"},
				"west": {"uv": [9, 11, 10, 12], "texture": "#5"},
				"up": {"uv": [10, 11, 9, 12], "texture": "#5"},
				"down": {"uv": [9, 11, 10, 12], "rotation": 180, "texture": "#5"}
			}
		},
		{
			"name": "small_dripleaf_stem_bottom_32",
			"from": [1.2, 3, 11.12],
			"to": [2.2, 4, 11.62],
			"rotation": {"angle": 45, "axis": "y", "origin": [0, 0, 0]},
			"faces": {
				"north": {"uv": [6, 12, 7, 13], "texture": "#5"},
				"east": {"uv": [6, 12, 7, 13], "texture": "#5"},
				"south": {"uv": [6, 13, 7, 12], "rotation": 180, "texture": "#5"},
				"west": {"uv": [6, 12, 7, 13], "texture": "#5"},
				"up": {"uv": [7, 12, 6, 13], "texture": "#5"},
				"down": {"uv": [6, 12, 7, 13], "rotation": 180, "texture": "#5"}
			}
		},
		{
			"name": "small_dripleaf_stem_bottom_33",
			"from": [-0.8, 3, 11.12],
			"to": [0.2, 4, 11.62],
			"rotation": {"angle": 45, "axis": "y", "origin": [0, 0, 0]},
			"faces": {
				"north": {"uv": [8, 12, 9, 13], "texture": "#5"},
				"east": {"uv": [8, 12, 9, 13], "texture": "#5"},
				"south": {"uv": [8, 13, 9, 12], "rotation": 180, "texture": "#5"},
				"west": {"uv": [8, 12, 9, 13], "texture": "#5"},
				"up": {"uv": [9, 12, 8, 13], "texture": "#5"},
				"down": {"uv": [8, 12, 9, 13], "rotation": 180, "texture": "#5"}
			}
		},
		{
			"name": "small_dripleaf_stem_bottom_34",
			"from": [-2.8, 3, 11.12],
			"to": [-1.8, 4, 11.62],
			"rotation": {"angle": 45, "axis": "y", "origin": [0, 0, 0]},
			"faces": {
				"north": {"uv": [10, 12, 11, 13], "texture": "#5"},
				"east": {"uv": [10, 12, 11, 13], "texture": "#5"},
				"south": {"uv": [10, 13, 11, 12], "rotation": 180, "texture": "#5"},
				"west": {"uv": [10, 12, 11, 13], "texture": "#5"},
				"up": {"uv": [11, 12, 10, 13], "texture": "#5"},
				"down": {"uv": [10, 12, 11, 13], "rotation": 180, "texture": "#5"}
			}
		},
		{
			"name": "small_dripleaf_stem_bottom_35",
			"from": [1.2, 2, 11.12],
			"to": [2.2, 3, 11.62],
			"rotation": {"angle": 45, "axis": "y", "origin": [0, 0, 0]},
			"faces": {
				"north": {"uv": [6, 13, 7, 14], "texture": "#5"},
				"east": {"uv": [6, 13, 7, 14], "texture": "#5"},
				"south": {"uv": [6, 14, 7, 13], "rotation": 180, "texture": "#5"},
				"west": {"uv": [6, 13, 7, 14], "texture": "#5"},
				"up": {"uv": [7, 13, 6, 14], "texture": "#5"},
				"down": {"uv": [6, 13, 7, 14], "rotation": 180, "texture": "#5"}
			}
		},
		{
			"name": "small_dripleaf_stem_bottom_36",
			"from": [-0.8, 2, 11.12],
			"to": [0.2, 3, 11.62],
			"rotation": {"angle": 45, "axis": "y", "origin": [0, 0, 0]},
			"faces": {
				"north": {"uv": [8, 13, 9, 14], "texture": "#5"},
				"east": {"uv": [8, 13, 9, 14], "texture": "#5"},
				"south": {"uv": [8, 14, 9, 13], "rotation": 180, "texture": "#5"},
				"west": {"uv": [8, 13, 9, 14], "texture": "#5"},
				"up": {"uv": [9, 13, 8, 14], "texture": "#5"},
				"down": {"uv": [8, 13, 9, 14], "rotation": 180, "texture": "#5"}
			}
		},
		{
			"name": "small_dripleaf_stem_bottom_37",
			"from": [-2.8, 2, 11.12],
			"to": [-1.8, 3, 11.62],
			"rotation": {"angle": 45, "axis": "y", "origin": [0, 0, 0]},
			"faces": {
				"north": {"uv": [10, 13, 11, 14], "texture": "#5"},
				"east": {"uv": [10, 13, 11, 14], "texture": "#5"},
				"south": {"uv": [10, 14, 11, 13], "rotation": 180, "texture": "#5"},
				"west": {"uv": [10, 13, 11, 14], "texture": "#5"},
				"up": {"uv": [11, 13, 10, 14], "texture": "#5"},
				"down": {"uv": [10, 13, 11, 14], "rotation": 180, "texture": "#5"}
			}
		},
		{
			"name": "small_dripleaf_stem_bottom_38",
			"from": [1.2, 1, 11.12],
			"to": [2.2, 2, 11.62],
			"rotation": {"angle": 45, "axis": "y", "origin": [0, 0, 0]},
			"faces": {
				"north": {"uv": [6, 14, 7, 15], "texture": "#5"},
				"east": {"uv": [6, 14, 7, 15], "texture": "#5"},
				"south": {"uv": [6, 15, 7, 14], "rotation": 180, "texture": "#5"},
				"west": {"uv": [6, 14, 7, 15], "texture": "#5"},
				"up": {"uv": [7, 14, 6, 15], "texture": "#5"},
				"down": {"uv": [6, 14, 7, 15], "rotation": 180, "texture": "#5"}
			}
		},
		{
			"name": "small_dripleaf_stem_bottom_39",
			"from": [-0.8, 1, 11.12],
			"to": [0.2, 2, 11.62],
			"rotation": {"angle": 45, "axis": "y", "origin": [0, 0, 0]},
			"faces": {
				"north": {"uv": [8, 14, 9, 15], "texture": "#5"},
				"east": {"uv": [8, 14, 9, 15], "texture": "#5"},
				"south": {"uv": [8, 15, 9, 14], "rotation": 180, "texture": "#5"},
				"west": {"uv": [8, 14, 9, 15], "texture": "#5"},
				"up": {"uv": [9, 14, 8, 15], "texture": "#5"},
				"down": {"uv": [8, 14, 9, 15], "rotation": 180, "texture": "#5"}
			}
		},
		{
			"name": "small_dripleaf_stem_bottom_40",
			"from": [-2.8, 1, 11.12],
			"to": [-1.8, 2, 11.62],
			"rotation": {"angle": 45, "axis": "y", "origin": [0, 0, 0]},
			"faces": {
				"north": {"uv": [10, 14, 11, 15], "texture": "#5"},
				"east": {"uv": [10, 14, 11, 15], "texture": "#5"},
				"south": {"uv": [10, 15, 11, 14], "rotation": 180, "texture": "#5"},
				"west": {"uv": [10, 14, 11, 15], "texture": "#5"},
				"up": {"uv": [11, 14, 10, 15], "texture": "#5"},
				"down": {"uv": [10, 14, 11, 15], "rotation": 180, "texture": "#5"}
			}
		},
		{
			"name": "small_dripleaf_stem_bottom_41",
			"from": [1.2, 0, 11.12],
			"to": [2.2, 1, 11.62],
			"rotation": {"angle": 45, "axis": "y", "origin": [0, 0, 0]},
			"faces": {
				"north": {"uv": [6, 15, 7, 16], "texture": "#5"},
				"east": {"uv": [6, 15, 7, 16], "texture": "#5"},
				"south": {"uv": [6, 16, 7, 15], "rotation": 180, "texture": "#5"},
				"west": {"uv": [6, 15, 7, 16], "texture": "#5"},
				"up": {"uv": [7, 15, 6, 16], "texture": "#5"},
				"down": {"uv": [6, 15, 7, 16], "rotation": 180, "texture": "#5"}
			}
		},
		{
			"name": "small_dripleaf_stem_bottom_42",
			"from": [-0.8, 0, 11.12],
			"to": [0.2, 1, 11.62],
			"rotation": {"angle": 45, "axis": "y", "origin": [0, 0, 0]},
			"faces": {
				"north": {"uv": [8, 15, 9, 16], "texture": "#5"},
				"east": {"uv": [8, 15, 9, 16], "texture": "#5"},
				"south": {"uv": [8, 16, 9, 15], "rotation": 180, "texture": "#5"},
				"west": {"uv": [8, 15, 9, 16], "texture": "#5"},
				"up": {"uv": [9, 15, 8, 16], "texture": "#5"},
				"down": {"uv": [8, 15, 9, 16], "rotation": 180, "texture": "#5"}
			}
		},
		{
			"name": "small_dripleaf_stem_bottom_43",
			"from": [-2.8, 0, 11.12],
			"to": [-1.8, 1, 11.62],
			"rotation": {"angle": 45, "axis": "y", "origin": [0, 0, 0]},
			"faces": {
				"north": {"uv": [10, 15, 11, 16], "texture": "#5"},
				"east": {"uv": [10, 15, 11, 16], "texture": "#5"},
				"south": {"uv": [10, 16, 11, 15], "rotation": 180, "texture": "#5"},
				"west": {"uv": [10, 15, 11, 16], "texture": "#5"},
				"up": {"uv": [11, 15, 10, 16], "texture": "#5"},
				"down": {"uv": [10, 15, 11, 16], "rotation": 180, "texture": "#5"}
			}
		}
	],
	"groups": [
		{
			"name": "small_dripleaf_stem_bottom",
			"origin": [8, 8, 8],
			"children": [0, 1, 2, 3, 4, 5, 6, 7, 8, 9, 10, 11, 12, 13, 14, 15, 16, 17, 18, 19, 20, 21, 22, 23, 24, 25, 26, 27, 28, 29, 30, 31, 32, 33, 34, 35, 36, 37, 38, 39, 40, 41, 42]
		},
		{
			"name": "small_dripleaf_stem_bottom",
			"origin": [8, 8, 8],
			"children": [43, 44, 45, 46, 47, 48, 49, 50, 51, 52, 53, 54, 55, 56, 57, 58, 59, 60, 61, 62, 63, 64, 65, 66, 67, 68, 69, 70, 71, 72, 73, 74, 75, 76, 77, 78, 79, 80, 81, 82, 83, 84, 85]
		}
	]
}