{
	"credit": "Made with Blockbench",
	"ambientocclusion": false,
	"textures": {
		"particle": "block/vine",
		"1_vine": "block/vine"
	},
	"elements": [
		{
			"from": [2, 0, 0],
			"to": [5, 5, 0.75],
			"faces": {
				"north": {"uv": [2, 11, 5, 16], "texture": "#1_vine", "tintindex": 0},
				"east": {"uv": [4, 11, 5, 16], "texture": "#1_vine", "tintindex": 0},
				"south": {"uv": [2, 11, 5, 16], "texture": "#1_vine", "tintindex": 0},
				"west": {"uv": [2, 11, 3, 16], "texture": "#1_vine", "tintindex": 0},
				"up": {"uv": [2, 11, 5, 12], "rotation": 180, "texture": "#1_vine", "tintindex": 0},
				"down": {"uv": [2, 15, 5, 16], "rotation": 180, "texture": "#1_vine", "tintindex": 0}
			}
		},
		{
			"from": [5, 0, 0],
			"to": [7, 1, 0.75],
			"faces": {
				"north": {"uv": [5, 15, 7, 16], "texture": "#1_vine", "tintindex": 0},
				"east": {"uv": [6, 15, 7, 16], "texture": "#1_vine", "tintindex": 0},
				"south": {"uv": [5, 15, 7, 16], "texture": "#1_vine", "tintindex": 0},
				"west": {"uv": [5, 15, 6, 16], "texture": "#1_vine", "tintindex": 0},
				"up": {"uv": [5, 15, 7, 16], "rotation": 180, "texture": "#1_vine", "tintindex": 0},
				"down": {"uv": [5, 15, 7, 16], "rotation": 180, "texture": "#1_vine", "tintindex": 0}
			}
		},
		{
			"from": [1, 1, 0],
			"to": [2, 4, 0.75],
			"faces": {
				"north": {"uv": [1, 12, 2, 15], "texture": "#1_vine", "tintindex": 0},
				"east": {"uv": [1, 12, 2, 15], "texture": "#1_vine", "tintindex": 0},
				"south": {"uv": [1, 12, 2, 15], "texture": "#1_vine", "tintindex": 0},
				"west": {"uv": [1, 12, 2, 15], "texture": "#1_vine", "tintindex": 0},
				"up": {"uv": [1, 12, 2, 13], "rotation": 180, "texture": "#1_vine", "tintindex": 0},
				"down": {"uv": [1, 14, 2, 15], "rotation": 180, "texture": "#1_vine", "tintindex": 0}
			}
		},
		{
			"from": [0, 3, 0],
			"to": [1, 4, 0.75],
			"faces": {
				"north": {"uv": [0, 12, 1, 13], "texture": "#1_vine", "tintindex": 0},
				"east": {"uv": [0, 12, 1, 13], "texture": "#1_vine", "tintindex": 0},
				"south": {"uv": [0, 12, 1, 13], "texture": "#1_vine", "tintindex": 0},
				"west": {"uv": [0, 12, 1, 13], "texture": "#1_vine", "tintindex": 0},
				"up": {"uv": [0, 12, 1, 13], "rotation": 180, "texture": "#1_vine", "tintindex": 0},
				"down": {"uv": [0, 12, 1, 13], "rotation": 180, "texture": "#1_vine", "tintindex": 0}
			}
		},
		{
			"from": [5, 3, 0],
			"to": [6, 7, 0.75],
			"faces": {
				"north": {"uv": [5, 9, 6, 13], "texture": "#1_vine", "tintindex": 0},
				"east": {"uv": [5, 9, 6, 13], "texture": "#1_vine", "tintindex": 0},
				"south": {"uv": [5, 9, 6, 13], "texture": "#1_vine", "tintindex": 0},
				"west": {"uv": [5, 9, 6, 13], "texture": "#1_vine", "tintindex": 0},
				"up": {"uv": [5, 9, 6, 10], "rotation": 180, "texture": "#1_vine", "tintindex": 0},
				"down": {"uv": [5, 12, 6, 13], "rotation": 180, "texture": "#1_vine", "tintindex": 0}
			}
		},
		{
			"from": [6, 2, 0],
			"to": [7, 5, 0.75],
			"faces": {
				"north": {"uv": [6, 11, 7, 14], "texture": "#1_vine", "tintindex": 0},
				"east": {"uv": [6, 11, 7, 14], "texture": "#1_vine", "tintindex": 0},
				"south": {"uv": [6, 11, 7, 14], "texture": "#1_vine", "tintindex": 0},
				"west": {"uv": [6, 11, 7, 14], "texture": "#1_vine", "tintindex": 0},
				"up": {"uv": [6, 11, 7, 12], "rotation": 180, "texture": "#1_vine", "tintindex": 0},
				"down": {"uv": [6, 13, 7, 14], "rotation": 180, "texture": "#1_vine", "tintindex": 0}
			}
		},
		{
			"from": [4, 7, 0],
			"to": [7, 10, 0.75],
			"faces": {
				"north": {"uv": [4, 6, 7, 9], "texture": "#1_vine", "tintindex": 0},
				"east": {"uv": [6, 6, 7, 9], "texture": "#1_vine", "tintindex": 0},
				"south": {"uv": [4, 6, 7, 9], "texture": "#1_vine", "tintindex": 0},
				"west": {"uv": [4, 6, 5, 9], "texture": "#1_vine", "tintindex": 0},
				"up": {"uv": [4, 6, 7, 7], "rotation": 180, "texture": "#1_vine", "tintindex": 0},
				"down": {"uv": [4, 8, 7, 9], "rotation": 180, "texture": "#1_vine", "tintindex": 0}
			}
		},
		{
			"from": [4, 5, 0],
			"to": [5, 7, 0.75],
			"faces": {
				"north": {"uv": [4, 9, 5, 11], "texture": "#1_vine", "tintindex": 0},
				"east": {"uv": [4, 9, 5, 11], "texture": "#1_vine", "tintindex": 0},
				"south": {"uv": [4, 9, 5, 11], "texture": "#1_vine", "tintindex": 0},
				"west": {"uv": [4, 9, 5, 11], "texture": "#1_vine", "tintindex": 0},
				"up": {"uv": [4, 9, 5, 10], "rotation": 180, "texture": "#1_vine", "tintindex": 0},
				"down": {"uv": [4, 10, 5, 11], "rotation": 180, "texture": "#1_vine", "tintindex": 0}
			}
		},
		{
			"from": [3, 8, 0],
			"to": [4, 16, 0.75],
			"faces": {
				"north": {"uv": [3, 0, 4, 8], "texture": "#1_vine", "tintindex": 0},
				"east": {"uv": [3, 0, 4, 8], "texture": "#1_vine", "tintindex": 0},
				"south": {"uv": [3, 0, 4, 8], "texture": "#1_vine", "tintindex": 0},
				"west": {"uv": [3, 0, 4, 8], "texture": "#1_vine", "tintindex": 0},
				"up": {"uv": [3, 0, 4, 1], "rotation": 180, "texture": "#1_vine", "tintindex": 0},
				"down": {"uv": [3, 7, 4, 8], "rotation": 180, "texture": "#1_vine", "tintindex": 0}
			}
		},
		{
			"from": [2, 9, 0],
			"to": [3, 15, 0.75],
			"faces": {
				"north": {"uv": [2, 1, 3, 7], "texture": "#1_vine", "tintindex": 0},
				"east": {"uv": [2, 1, 3, 7], "texture": "#1_vine", "tintindex": 0},
				"south": {"uv": [2, 1, 3, 7], "texture": "#1_vine", "tintindex": 0},
				"west": {"uv": [2, 1, 3, 7], "texture": "#1_vine", "tintindex": 0},
				"up": {"uv": [2, 1, 3, 2], "rotation": 180, "texture": "#1_vine", "tintindex": 0},
				"down": {"uv": [2, 6, 3, 7], "rotation": 180, "texture": "#1_vine", "tintindex": 0}
			}
		},
		{
			"from": [1, 12, 0],
			"to": [2, 15, 0.75],
			"faces": {
				"north": {"uv": [1, 1, 2, 4], "texture": "#1_vine", "tintindex": 0},
				"east": {"uv": [1, 1, 2, 4], "texture": "#1_vine", "tintindex": 0},
				"south": {"uv": [1, 1, 2, 4], "texture": "#1_vine", "tintindex": 0},
				"west": {"uv": [1, 1, 2, 4], "texture": "#1_vine", "tintindex": 0},
				"up": {"uv": [1, 1, 2, 2], "rotation": 180, "texture": "#1_vine", "tintindex": 0},
				"down": {"uv": [1, 3, 2, 4], "rotation": 180, "texture": "#1_vine", "tintindex": 0}
			}
		},
		{
			"from": [1, 9, 0],
			"to": [2, 11, 0.75],
			"faces": {
				"north": {"uv": [1, 5, 2, 7], "texture": "#1_vine", "tintindex": 0},
				"east": {"uv": [1, 5, 2, 7], "texture": "#1_vine", "tintindex": 0},
				"south": {"uv": [1, 5, 2, 7], "texture": "#1_vine", "tintindex": 0},
				"west": {"uv": [1, 5, 2, 7], "texture": "#1_vine", "tintindex": 0},
				"up": {"uv": [1, 5, 2, 7], "rotation": 180, "texture": "#1_vine", "tintindex": 0},
				"down": {"uv": [1, 5, 2, 7], "rotation": 180, "texture": "#1_vine", "tintindex": 0}
			}
		},
		{
			"from": [0, 8, 0],
			"to": [1, 10, 0.75],
			"faces": {
				"north": {"uv": [0, 6, 1, 8], "texture": "#1_vine", "tintindex": 0},
				"east": {"uv": [0, 6, 1, 8], "texture": "#1_vine", "tintindex": 0},
				"south": {"uv": [0, 6, 1, 8], "texture": "#1_vine", "tintindex": 0},
				"west": {"uv": [0, 6, 1, 8], "texture": "#1_vine", "tintindex": 0},
				"up": {"uv": [0, 6, 1, 7], "rotation": 180, "texture": "#1_vine", "tintindex": 0},
				"down": {"uv": [0, 7, 1, 8], "rotation": 180, "texture": "#1_vine", "tintindex": 0}
			}
		},
		{
			"from": [0, 12, 0],
			"to": [1, 14, 0.75],
			"faces": {
				"north": {"uv": [0, 2, 1, 4], "texture": "#1_vine", "tintindex": 0},
				"east": {"uv": [0, 2, 1, 4], "texture": "#1_vine", "tintindex": 0},
				"south": {"uv": [0, 2, 1, 4], "texture": "#1_vine", "tintindex": 0},
				"west": {"uv": [0, 2, 1, 4], "texture": "#1_vine", "tintindex": 0},
				"up": {"uv": [0, 2, 1, 4], "rotation": 180, "texture": "#1_vine", "tintindex": 0},
				"down": {"uv": [0, 2, 1, 4], "rotation": 180, "texture": "#1_vine", "tintindex": 0}
			}
		},
		{
			"from": [4, 10, 0],
			"to": [5, 11, 0.75],
			"faces": {
				"north": {"uv": [4, 5, 5, 6], "texture": "#1_vine", "tintindex": 0},
				"east": {"uv": [4, 5, 5, 6], "texture": "#1_vine", "tintindex": 0},
				"south": {"uv": [4, 5, 5, 6], "texture": "#1_vine", "tintindex": 0},
				"west": {"uv": [4, 5, 5, 6], "texture": "#1_vine", "tintindex": 0},
				"up": {"uv": [4, 5, 5, 6], "rotation": 180, "texture": "#1_vine", "tintindex": 0},
				"down": {"uv": [4, 5, 5, 6], "rotation": 180, "texture": "#1_vine", "tintindex": 0}
			}
		},
		{
			"from": [4, 13, 0],
			"to": [5, 16, 0.75],
			"faces": {
				"north": {"uv": [4, 0, 5, 3], "texture": "#1_vine", "tintindex": 0},
				"east": {"uv": [4, 0, 5, 3], "texture": "#1_vine", "tintindex": 0},
				"south": {"uv": [4, 0, 5, 3], "texture": "#1_vine", "tintindex": 0},
				"west": {"uv": [4, 0, 5, 3], "texture": "#1_vine", "tintindex": 0},
				"up": {"uv": [4, 0, 5, 1], "rotation": 180, "texture": "#1_vine", "tintindex": 0},
				"down": {"uv": [4, 2, 5, 3], "rotation": 180, "texture": "#1_vine", "tintindex": 0}
			}
		},
		{
			"from": [5, 14, 0],
			"to": [6, 16, 0.75],
			"faces": {
				"north": {"uv": [5, 0, 6, 2], "texture": "#1_vine", "tintindex": 0},
				"east": {"uv": [5, 0, 6, 2], "texture": "#1_vine", "tintindex": 0},
				"south": {"uv": [5, 0, 6, 2], "texture": "#1_vine", "tintindex": 0},
				"west": {"uv": [5, 0, 6, 2], "texture": "#1_vine", "tintindex": 0},
				"up": {"uv": [5, 0, 6, 1], "rotation": 180, "texture": "#1_vine", "tintindex": 0},
				"down": {"uv": [5, 1, 6, 2], "rotation": 180, "texture": "#1_vine", "tintindex": 0}
			}
		},
		{
			"from": [9, 14, 0],
			"to": [10, 16, 0.75],
			"faces": {
				"north": {"uv": [9, 0, 10, 2], "texture": "#1_vine", "tintindex": 0},
				"east": {"uv": [9, 0, 10, 2], "texture": "#1_vine", "tintindex": 0},
				"south": {"uv": [9, 0, 10, 2], "texture": "#1_vine", "tintindex": 0},
				"west": {"uv": [9, 0, 10, 2], "texture": "#1_vine", "tintindex": 0},
				"up": {"uv": [9, 0, 10, 1], "rotation": 180, "texture": "#1_vine", "tintindex": 0},
				"down": {"uv": [9, 1, 10, 2], "rotation": 180, "texture": "#1_vine", "tintindex": 0}
			}
		},
		{
			"from": [6, 15, 0],
			"to": [9, 16, 0.75],
			"faces": {
				"north": {"uv": [6, 0, 9, 1], "texture": "#1_vine", "tintindex": 0},
				"east": {"uv": [6, 0, 9, 1], "texture": "#1_vine", "tintindex": 0},
				"south": {"uv": [6, 0, 9, 1], "texture": "#1_vine", "tintindex": 0},
				"west": {"uv": [6, 0, 9, 1], "texture": "#1_vine", "tintindex": 0},
				"up": {"uv": [6, 0, 9, 1], "rotation": 180, "texture": "#1_vine", "tintindex": 0},
				"down": {"uv": [6, 0, 9, 1], "rotation": 180, "texture": "#1_vine", "tintindex": 0}
			}
		},
		{
			"from": [12, 6, 0],
			"to": [14, 16, 0.75],
			"faces": {
				"north": {"uv": [12, 0, 14, 10], "texture": "#1_vine", "tintindex": 0},
				"east": {"uv": [13, 0, 14, 10], "texture": "#1_vine", "tintindex": 0},
				"south": {"uv": [12, 0, 14, 10], "texture": "#1_vine", "tintindex": 0},
				"west": {"uv": [12, 0, 13, 10], "texture": "#1_vine", "tintindex": 0},
				"up": {"uv": [12, 0, 14, 1], "rotation": 180, "texture": "#1_vine", "tintindex": 0},
				"down": {"uv": [12, 9, 14, 10], "rotation": 180, "texture": "#1_vine", "tintindex": 0}
			}
		},
		{
			"from": [15, 1, 0],
			"to": [16, 4, 0.75],
			"faces": {
				"north": {"uv": [15, 12, 16, 15], "texture": "#1_vine", "tintindex": 0},
				"east": {"uv": [15, 12, 16, 15], "texture": "#1_vine", "tintindex": 0},
				"south": {"uv": [15, 12, 16, 15], "texture": "#1_vine", "tintindex": 0},
				"west": {"uv": [15, 12, 16, 15], "texture": "#1_vine", "tintindex": 0},
				"up": {"uv": [15, 12, 16, 13], "rotation": 180, "texture": "#1_vine", "tintindex": 0},
				"down": {"uv": [15, 14, 16, 15], "rotation": 180, "texture": "#1_vine", "tintindex": 0}
			}
		},
		{
			"from": [14, 2, 0],
			"to": [15, 4, 0.75],
			"faces": {
				"north": {"uv": [14, 12, 15, 14], "texture": "#1_vine", "tintindex": 0},
				"east": {"uv": [14, 12, 15, 14], "texture": "#1_vine", "tintindex": 0},
				"south": {"uv": [14, 12, 15, 14], "texture": "#1_vine", "tintindex": 0},
				"west": {"uv": [14, 12, 15, 14], "texture": "#1_vine", "tintindex": 0},
				"up": {"uv": [14, 12, 15, 13], "rotation": 180, "texture": "#1_vine", "tintindex": 0},
				"down": {"uv": [14, 13, 15, 14], "rotation": 180, "texture": "#1_vine", "tintindex": 0}
			}
		},
		{
			"from": [9, 2, 0],
			"to": [10, 5, 0.75],
			"faces": {
				"north": {"uv": [9, 11, 10, 14], "texture": "#1_vine", "tintindex": 0},
				"east": {"uv": [9, 11, 10, 14], "texture": "#1_vine", "tintindex": 0},
				"south": {"uv": [9, 11, 10, 14], "texture": "#1_vine", "tintindex": 0},
				"west": {"uv": [9, 11, 10, 14], "texture": "#1_vine", "tintindex": 0},
				"up": {"uv": [9, 11, 10, 12], "rotation": 180, "texture": "#1_vine", "tintindex": 0},
				"down": {"uv": [9, 13, 10, 14], "rotation": 180, "texture": "#1_vine", "tintindex": 0}
			}
		},
		{
			"from": [10, 3, 0],
			"to": [11, 7, 0.75],
			"faces": {
				"north": {"uv": [10, 9, 11, 13], "texture": "#1_vine", "tintindex": 0},
				"east": {"uv": [10, 9, 11, 13], "texture": "#1_vine", "tintindex": 0},
				"south": {"uv": [10, 9, 11, 13], "texture": "#1_vine", "tintindex": 0},
				"west": {"uv": [10, 9, 11, 13], "texture": "#1_vine", "tintindex": 0},
				"up": {"uv": [10, 9, 11, 10], "rotation": 180, "texture": "#1_vine", "tintindex": 0},
				"down": {"uv": [10, 12, 11, 13], "rotation": 180, "texture": "#1_vine", "tintindex": 0}
			}
		},
		{
			"from": [11, 0, 0],
			"to": [12, 10, 0.75],
			"faces": {
				"north": {"uv": [11, 6, 12, 16], "texture": "#1_vine", "tintindex": 0},
				"east": {"uv": [11, 6, 12, 16], "texture": "#1_vine", "tintindex": 0},
				"south": {"uv": [11, 6, 12, 16], "texture": "#1_vine", "tintindex": 0},
				"west": {"uv": [11, 6, 12, 16], "texture": "#1_vine", "tintindex": 0},
				"up": {"uv": [11, 6, 12, 7], "rotation": 180, "texture": "#1_vine", "tintindex": 0},
				"down": {"uv": [11, 15, 12, 16], "rotation": 180, "texture": "#1_vine", "tintindex": 0}
			}
		},
		{
			"from": [12, 0, 0],
			"to": [13, 4, 0.75],
			"faces": {
				"north": {"uv": [12, 12, 13, 16], "texture": "#1_vine", "tintindex": 0},
				"east": {"uv": [12, 12, 13, 16], "texture": "#1_vine", "tintindex": 0},
				"south": {"uv": [12, 12, 13, 16], "texture": "#1_vine", "tintindex": 0},
				"west": {"uv": [12, 12, 13, 16], "texture": "#1_vine", "tintindex": 0},
				"up": {"uv": [12, 12, 13, 13], "rotation": 180, "texture": "#1_vine", "tintindex": 0},
				"down": {"uv": [12, 15, 13, 16], "rotation": 180, "texture": "#1_vine", "tintindex": 0}
			}
		},
		{
			"from": [13, 0, 0],
			"to": [14, 1, 0.75],
			"faces": {
				"north": {"uv": [13, 15, 14, 16], "texture": "#1_vine", "tintindex": 0},
				"east": {"uv": [13, 15, 14, 16], "texture": "#1_vine", "tintindex": 0},
				"south": {"uv": [13, 15, 14, 16], "texture": "#1_vine", "tintindex": 0},
				"west": {"uv": [13, 15, 14, 16], "texture": "#1_vine", "tintindex": 0},
				"up": {"uv": [13, 15, 14, 16], "rotation": 180, "texture": "#1_vine", "tintindex": 0},
				"down": {"uv": [13, 15, 14, 16], "rotation": 180, "texture": "#1_vine", "tintindex": 0}
			}
		},
		{
			"from": [13, 2, 0],
			"to": [14, 3, 0.75],
			"faces": {
				"north": {"uv": [13, 13, 14, 14], "texture": "#1_vine", "tintindex": 0},
				"east": {"uv": [13, 13, 14, 14], "texture": "#1_vine", "tintindex": 0},
				"south": {"uv": [13, 13, 14, 14], "texture": "#1_vine", "tintindex": 0},
				"west": {"uv": [13, 13, 14, 14], "texture": "#1_vine", "tintindex": 0},
				"up": {"uv": [13, 13, 14, 14], "rotation": 180, "texture": "#1_vine", "tintindex": 0},
				"down": {"uv": [13, 13, 14, 14], "rotation": 180, "texture": "#1_vine", "tintindex": 0}
			}
		},
		{
			"from": [10, 1, 0],
			"to": [11, 2, 0.75],
			"faces": {
				"north": {"uv": [10, 14, 11, 15], "texture": "#1_vine", "tintindex": 0},
				"east": {"uv": [10, 14, 11, 15], "texture": "#1_vine", "tintindex": 0},
				"south": {"uv": [10, 14, 11, 15], "texture": "#1_vine", "tintindex": 0},
				"west": {"uv": [10, 14, 11, 15], "texture": "#1_vine", "tintindex": 0},
				"up": {"uv": [10, 14, 11, 15], "rotation": 180, "texture": "#1_vine", "tintindex": 0},
				"down": {"uv": [10, 14, 11, 15], "rotation": 180, "texture": "#1_vine", "tintindex": 0}
			}
		},
		{
			"from": [8, 0, 0],
			"to": [10, 1, 0.75],
			"faces": {
				"north": {"uv": [8, 15, 10, 16], "texture": "#1_vine", "tintindex": 0},
				"east": {"uv": [9, 15, 10, 16], "texture": "#1_vine", "tintindex": 0},
				"south": {"uv": [8, 15, 10, 16], "texture": "#1_vine", "tintindex": 0},
				"west": {"uv": [8, 15, 9, 16], "texture": "#1_vine", "tintindex": 0},
				"up": {"uv": [8, 15, 10, 16], "rotation": 180, "texture": "#1_vine", "tintindex": 0},
				"down": {"uv": [8, 15, 10, 16], "rotation": 180, "texture": "#1_vine", "tintindex": 0}
			}
		},
		{
			"from": [14, 6, 0],
			"to": [15, 7, 0.75],
			"faces": {
				"north": {"uv": [14, 9, 15, 10], "texture": "#1_vine", "tintindex": 0},
				"east": {"uv": [14, 9, 15, 10], "texture": "#1_vine", "tintindex": 0},
				"south": {"uv": [14, 9, 15, 10], "texture": "#1_vine", "tintindex": 0},
				"west": {"uv": [14, 9, 15, 10], "texture": "#1_vine", "tintindex": 0},
				"up": {"uv": [14, 9, 15, 10], "rotation": 180, "texture": "#1_vine", "tintindex": 0},
				"down": {"uv": [14, 9, 15, 10], "rotation": 180, "texture": "#1_vine", "tintindex": 0}
			}
		},
		{
			"from": [10, 8, 0],
			"to": [11, 9, 0.75],
			"faces": {
				"north": {"uv": [10, 7, 11, 8], "texture": "#1_vine", "tintindex": 0},
				"east": {"uv": [10, 7, 11, 8], "texture": "#1_vine", "tintindex": 0},
				"south": {"uv": [10, 7, 11, 8], "texture": "#1_vine", "tintindex": 0},
				"west": {"uv": [10, 7, 11, 8], "texture": "#1_vine", "tintindex": 0},
				"up": {"uv": [10, 7, 11, 8], "rotation": 180, "texture": "#1_vine", "tintindex": 0},
				"down": {"uv": [10, 7, 11, 8], "rotation": 180, "texture": "#1_vine", "tintindex": 0}
			}
		},
		{
			"from": [14, 10, 0],
			"to": [16, 11, 0.75],
			"faces": {
				"north": {"uv": [14, 5, 16, 6], "texture": "#1_vine", "tintindex": 0},
				"east": {"uv": [14, 5, 16, 6], "texture": "#1_vine", "tintindex": 0},
				"south": {"uv": [14, 5, 16, 6], "texture": "#1_vine", "tintindex": 0},
				"west": {"uv": [14, 5, 16, 6], "texture": "#1_vine", "tintindex": 0},
				"up": {"uv": [14, 5, 16, 6], "rotation": 180, "texture": "#1_vine", "tintindex": 0},
				"down": {"uv": [14, 5, 16, 6], "rotation": 180, "texture": "#1_vine", "tintindex": 0}
			}
		},
		{
			"from": [14, 14, 0],
			"to": [15, 16, 0.75],
			"faces": {
				"north": {"uv": [14, 0, 15, 2], "texture": "#1_vine", "tintindex": 0},
				"east": {"uv": [14, 0, 15, 2], "texture": "#1_vine", "tintindex": 0},
				"south": {"uv": [14, 0, 15, 2], "texture": "#1_vine", "tintindex": 0},
				"west": {"uv": [14, 0, 15, 2], "texture": "#1_vine", "tintindex": 0},
				"up": {"uv": [14, 0, 15, 2], "rotation": 180, "texture": "#1_vine", "tintindex": 0},
				"down": {"uv": [14, 0, 15, 2], "rotation": 180, "texture": "#1_vine", "tintindex": 0}
			}
		},
		{
			"from": [7, 9, 0],
			"to": [9, 11, 0.75],
			"faces": {
				"north": {"uv": [7, 5, 9, 7], "texture": "#1_vine", "tintindex": 0},
				"east": {"uv": [8, 5, 9, 7], "texture": "#1_vine", "tintindex": 0},
				"south": {"uv": [7, 5, 9, 7], "texture": "#1_vine", "tintindex": 0},
				"west": {"uv": [7, 5, 8, 7], "texture": "#1_vine", "tintindex": 0},
				"up": {"uv": [7, 5, 9, 6], "rotation": 180, "texture": "#1_vine", "tintindex": 0},
				"down": {"uv": [7, 6, 9, 7], "rotation": 180, "texture": "#1_vine", "tintindex": 0}
			}
		},
		{
			"from": [10, 11, 0],
			"to": [12, 14, 0.75],
			"faces": {
				"north": {"uv": [10, 2, 12, 5], "texture": "#1_vine", "tintindex": 0},
				"east": {"uv": [11, 2, 12, 5], "texture": "#1_vine", "tintindex": 0},
				"south": {"uv": [10, 2, 12, 5], "texture": "#1_vine", "tintindex": 0},
				"west": {"uv": [10, 2, 11, 5], "texture": "#1_vine", "tintindex": 0},
				"up": {"uv": [10, 2, 12, 3], "rotation": 180, "texture": "#1_vine", "tintindex": 0},
				"down": {"uv": [10, 4, 12, 5], "rotation": 180, "texture": "#1_vine", "tintindex": 0}
			}
		},
		{
			"from": [11, 14, 0],
			"to": [12, 16, 0.75],
			"faces": {
				"north": {"uv": [11, 0, 12, 2], "texture": "#1_vine", "tintindex": 0},
				"east": {"uv": [11, 0, 12, 2], "texture": "#1_vine", "tintindex": 0},
				"south": {"uv": [11, 0, 12, 2], "texture": "#1_vine", "tintindex": 0},
				"west": {"uv": [11, 0, 12, 2], "texture": "#1_vine", "tintindex": 0},
				"up": {"uv": [11, 0, 12, 2], "rotation": 180, "texture": "#1_vine", "tintindex": 0},
				"down": {"uv": [11, 0, 12, 2], "rotation": 180, "texture": "#1_vine", "tintindex": 0}
			}
		},
		{
			"from": [9, 10, 0],
			"to": [10, 13, 0.75],
			"faces": {
				"north": {"uv": [9, 3, 10, 6], "texture": "#1_vine", "tintindex": 0},
				"east": {"uv": [9, 3, 10, 6], "texture": "#1_vine", "tintindex": 0},
				"south": {"uv": [9, 3, 10, 6], "texture": "#1_vine", "tintindex": 0},
				"west": {"uv": [9, 3, 10, 6], "texture": "#1_vine", "tintindex": 0},
				"up": {"uv": [9, 3, 10, 4], "rotation": 180, "texture": "#1_vine", "tintindex": 0},
				"down": {"uv": [9, 5, 10, 6], "rotation": 180, "texture": "#1_vine", "tintindex": 0}
			}
		},
		{
			"from": [8, 8, 0],
			"to": [9, 9, 0.75],
			"faces": {
				"north": {"uv": [8, 7, 9, 8], "texture": "#1_vine", "tintindex": 0},
				"east": {"uv": [8, 7, 9, 8], "texture": "#1_vine", "tintindex": 0},
				"south": {"uv": [8, 7, 9, 8], "texture": "#1_vine", "tintindex": 0},
				"west": {"uv": [8, 7, 9, 8], "texture": "#1_vine", "tintindex": 0},
				"up": {"uv": [8, 7, 9, 8], "rotation": 180, "texture": "#1_vine", "tintindex": 0},
				"down": {"uv": [8, 7, 9, 8], "rotation": 180, "texture": "#1_vine", "tintindex": 0}
			}
		},
		{
			"from": [11, 0, 15.25],
			"to": [14, 5, 16],
			"faces": {
				"north": {"uv": [2, 11, 5, 16], "texture": "#1_vine", "tintindex": 0},
				"east": {"uv": [2, 11, 3, 16], "texture": "#1_vine", "tintindex": 0},
				"south": {"uv": [2, 11, 5, 16], "texture": "#1_vine", "tintindex": 0},
				"west": {"uv": [4, 11, 5, 16], "texture": "#1_vine", "tintindex": 0},
				"up": {"uv": [2, 11, 5, 12], "texture": "#1_vine", "tintindex": 0},
				"down": {"uv": [2, 15, 5, 16], "texture": "#1_vine", "tintindex": 0}
			}
		},
		{
			"from": [9, 0, 15.25],
			"to": [11, 1, 16],
			"faces": {
				"north": {"uv": [5, 15, 7, 16], "texture": "#1_vine", "tintindex": 0},
				"east": {"uv": [5, 15, 6, 16], "texture": "#1_vine", "tintindex": 0},
				"south": {"uv": [5, 15, 7, 16], "texture": "#1_vine", "tintindex": 0},
				"west": {"uv": [6, 15, 7, 16], "texture": "#1_vine", "tintindex": 0},
				"up": {"uv": [5, 15, 7, 16], "texture": "#1_vine", "tintindex": 0},
				"down": {"uv": [5, 15, 7, 16], "texture": "#1_vine", "tintindex": 0}
			}
		},
		{
			"from": [14, 1, 15.25],
			"to": [15, 4, 16],
			"faces": {
				"north": {"uv": [1, 12, 2, 15], "texture": "#1_vine", "tintindex": 0},
				"east": {"uv": [1, 12, 2, 15], "texture": "#1_vine", "tintindex": 0},
				"south": {"uv": [1, 12, 2, 15], "texture": "#1_vine", "tintindex": 0},
				"west": {"uv": [1, 12, 2, 15], "texture": "#1_vine", "tintindex": 0},
				"up": {"uv": [1, 12, 2, 13], "texture": "#1_vine", "tintindex": 0},
				"down": {"uv": [1, 14, 2, 15], "texture": "#1_vine", "tintindex": 0}
			}
		},
		{
			"from": [15, 3, 15.25],
			"to": [16, 4, 16],
			"faces": {
				"north": {"uv": [0, 12, 1, 13], "texture": "#1_vine", "tintindex": 0},
				"east": {"uv": [0, 12, 1, 13], "texture": "#1_vine", "tintindex": 0},
				"south": {"uv": [0, 12, 1, 13], "texture": "#1_vine", "tintindex": 0},
				"west": {"uv": [0, 12, 1, 13], "texture": "#1_vine", "tintindex": 0},
				"up": {"uv": [0, 12, 1, 13], "texture": "#1_vine", "tintindex": 0},
				"down": {"uv": [0, 12, 1, 13], "texture": "#1_vine", "tintindex": 0}
			}
		},
		{
			"from": [10, 3, 15.25],
			"to": [11, 7, 16],
			"faces": {
				"north": {"uv": [5, 9, 6, 13], "texture": "#1_vine", "tintindex": 0},
				"east": {"uv": [5, 9, 6, 13], "texture": "#1_vine", "tintindex": 0},
				"south": {"uv": [5, 9, 6, 13], "texture": "#1_vine", "tintindex": 0},
				"west": {"uv": [5, 9, 6, 13], "texture": "#1_vine", "tintindex": 0},
				"up": {"uv": [5, 9, 6, 10], "texture": "#1_vine", "tintindex": 0},
				"down": {"uv": [5, 12, 6, 13], "texture": "#1_vine", "tintindex": 0}
			}
		},
		{
			"from": [9, 2, 15.25],
			"to": [10, 5, 16],
			"faces": {
				"north": {"uv": [6, 11, 7, 14], "texture": "#1_vine", "tintindex": 0},
				"east": {"uv": [6, 11, 7, 14], "texture": "#1_vine", "tintindex": 0},
				"south": {"uv": [6, 11, 7, 14], "texture": "#1_vine", "tintindex": 0},
				"west": {"uv": [6, 11, 7, 14], "texture": "#1_vine", "tintindex": 0},
				"up": {"uv": [6, 11, 7, 12], "texture": "#1_vine", "tintindex": 0},
				"down": {"uv": [6, 13, 7, 14], "texture": "#1_vine", "tintindex": 0}
			}
		},
		{
			"from": [9, 7, 15.25],
			"to": [12, 10, 16],
			"faces": {
				"north": {"uv": [4, 6, 7, 9], "texture": "#1_vine", "tintindex": 0},
				"east": {"uv": [4, 6, 5, 9], "texture": "#1_vine", "tintindex": 0},
				"south": {"uv": [4, 6, 7, 9], "texture": "#1_vine", "tintindex": 0},
				"west": {"uv": [6, 6, 7, 9], "texture": "#1_vine", "tintindex": 0},
				"up": {"uv": [4, 6, 7, 7], "texture": "#1_vine", "tintindex": 0},
				"down": {"uv": [4, 8, 7, 9], "texture": "#1_vine", "tintindex": 0}
			}
		},
		{
			"from": [11, 5, 15.25],
			"to": [12, 7, 16],
			"faces": {
				"north": {"uv": [4, 9, 5, 11], "texture": "#1_vine", "tintindex": 0},
				"east": {"uv": [4, 9, 5, 11], "texture": "#1_vine", "tintindex": 0},
				"south": {"uv": [4, 9, 5, 11], "texture": "#1_vine", "tintindex": 0},
				"west": {"uv": [4, 9, 5, 11], "texture": "#1_vine", "tintindex": 0},
				"up": {"uv": [4, 9, 5, 10], "texture": "#1_vine", "tintindex": 0},
				"down": {"uv": [4, 10, 5, 11], "texture": "#1_vine", "tintindex": 0}
			}
		},
		{
			"from": [12, 8, 15.25],
			"to": [13, 16, 16],
			"faces": {
				"north": {"uv": [3, 0, 4, 8], "texture": "#1_vine", "tintindex": 0},
				"east": {"uv": [3, 0, 4, 8], "texture": "#1_vine", "tintindex": 0},
				"south": {"uv": [3, 0, 4, 8], "texture": "#1_vine", "tintindex": 0},
				"west": {"uv": [3, 0, 4, 8], "texture": "#1_vine", "tintindex": 0},
				"up": {"uv": [3, 0, 4, 1], "texture": "#1_vine", "tintindex": 0},
				"down": {"uv": [3, 7, 4, 8], "texture": "#1_vine", "tintindex": 0}
			}
		},
		{
			"from": [13, 9, 15.25],
			"to": [14, 15, 16],
			"faces": {
				"north": {"uv": [2, 1, 3, 7], "texture": "#1_vine", "tintindex": 0},
				"east": {"uv": [2, 1, 3, 7], "texture": "#1_vine", "tintindex": 0},
				"south": {"uv": [2, 1, 3, 7], "texture": "#1_vine", "tintindex": 0},
				"west": {"uv": [2, 1, 3, 7], "texture": "#1_vine", "tintindex": 0},
				"up": {"uv": [2, 1, 3, 2], "texture": "#1_vine", "tintindex": 0},
				"down": {"uv": [2, 6, 3, 7], "texture": "#1_vine", "tintindex": 0}
			}
		},
		{
			"from": [14, 12, 15.25],
			"to": [15, 15, 16],
			"faces": {
				"north": {"uv": [1, 1, 2, 4], "texture": "#1_vine", "tintindex": 0},
				"east": {"uv": [1, 1, 2, 4], "texture": "#1_vine", "tintindex": 0},
				"south": {"uv": [1, 1, 2, 4], "texture": "#1_vine", "tintindex": 0},
				"west": {"uv": [1, 1, 2, 4], "texture": "#1_vine", "tintindex": 0},
				"up": {"uv": [1, 1, 2, 2], "texture": "#1_vine", "tintindex": 0},
				"down": {"uv": [1, 3, 2, 4], "texture": "#1_vine", "tintindex": 0}
			}
		},
		{
			"from": [14, 9, 15.25],
			"to": [15, 11, 16],
			"faces": {
				"north": {"uv": [1, 5, 2, 7], "texture": "#1_vine", "tintindex": 0},
				"east": {"uv": [1, 5, 2, 7], "texture": "#1_vine", "tintindex": 0},
				"south": {"uv": [1, 5, 2, 7], "texture": "#1_vine", "tintindex": 0},
				"west": {"uv": [1, 5, 2, 7], "texture": "#1_vine", "tintindex": 0},
				"up": {"uv": [1, 5, 2, 7], "texture": "#1_vine", "tintindex": 0},
				"down": {"uv": [1, 5, 2, 7], "texture": "#1_vine", "tintindex": 0}
			}
		},
		{
			"from": [15, 8, 15.25],
			"to": [16, 10, 16],
			"faces": {
				"north": {"uv": [0, 6, 1, 8], "texture": "#1_vine", "tintindex": 0},
				"east": {"uv": [0, 6, 1, 8], "texture": "#1_vine", "tintindex": 0},
				"south": {"uv": [0, 6, 1, 8], "texture": "#1_vine", "tintindex": 0},
				"west": {"uv": [0, 6, 1, 8], "texture": "#1_vine", "tintindex": 0},
				"up": {"uv": [0, 6, 1, 7], "texture": "#1_vine", "tintindex": 0},
				"down": {"uv": [0, 7, 1, 8], "texture": "#1_vine", "tintindex": 0}
			}
		},
		{
			"from": [15, 12, 15.25],
			"to": [16, 14, 16],
			"faces": {
				"north": {"uv": [0, 2, 1, 4], "texture": "#1_vine", "tintindex": 0},
				"east": {"uv": [0, 2, 1, 4], "texture": "#1_vine", "tintindex": 0},
				"south": {"uv": [0, 2, 1, 4], "texture": "#1_vine", "tintindex": 0},
				"west": {"uv": [0, 2, 1, 4], "texture": "#1_vine", "tintindex": 0},
				"up": {"uv": [0, 2, 1, 4], "texture": "#1_vine", "tintindex": 0},
				"down": {"uv": [0, 2, 1, 4], "texture": "#1_vine", "tintindex": 0}
			}
		},
		{
			"from": [11, 10, 15.25],
			"to": [12, 11, 16],
			"faces": {
				"north": {"uv": [4, 5, 5, 6], "texture": "#1_vine", "tintindex": 0},
				"east": {"uv": [4, 5, 5, 6], "texture": "#1_vine", "tintindex": 0},
				"south": {"uv": [4, 5, 5, 6], "texture": "#1_vine", "tintindex": 0},
				"west": {"uv": [4, 5, 5, 6], "texture": "#1_vine", "tintindex": 0},
				"up": {"uv": [4, 5, 5, 6], "texture": "#1_vine", "tintindex": 0},
				"down": {"uv": [4, 5, 5, 6], "texture": "#1_vine", "tintindex": 0}
			}
		},
		{
			"from": [11, 13, 15.25],
			"to": [12, 16, 16],
			"faces": {
				"north": {"uv": [4, 0, 5, 3], "texture": "#1_vine", "tintindex": 0},
				"east": {"uv": [4, 0, 5, 3], "texture": "#1_vine", "tintindex": 0},
				"south": {"uv": [4, 0, 5, 3], "texture": "#1_vine", "tintindex": 0},
				"west": {"uv": [4, 0, 5, 3], "texture": "#1_vine", "tintindex": 0},
				"up": {"uv": [4, 0, 5, 1], "texture": "#1_vine", "tintindex": 0},
				"down": {"uv": [4, 2, 5, 3], "texture": "#1_vine", "tintindex": 0}
			}
		},
		{
			"from": [10, 14, 15.25],
			"to": [11, 16, 16],
			"faces": {
				"north": {"uv": [5, 0, 6, 2], "texture": "#1_vine", "tintindex": 0},
				"east": {"uv": [5, 0, 6, 2], "texture": "#1_vine", "tintindex": 0},
				"south": {"uv": [5, 0, 6, 2], "texture": "#1_vine", "tintindex": 0},
				"west": {"uv": [5, 0, 6, 2], "texture": "#1_vine", "tintindex": 0},
				"up": {"uv": [5, 0, 6, 1], "texture": "#1_vine", "tintindex": 0},
				"down": {"uv": [5, 1, 6, 2], "texture": "#1_vine", "tintindex": 0}
			}
		},
		{
			"from": [6, 14, 15.25],
			"to": [7, 16, 16],
			"faces": {
				"north": {"uv": [9, 0, 10, 2], "texture": "#1_vine", "tintindex": 0},
				"east": {"uv": [9, 0, 10, 2], "texture": "#1_vine", "tintindex": 0},
				"south": {"uv": [9, 0, 10, 2], "texture": "#1_vine", "tintindex": 0},
				"west": {"uv": [9, 0, 10, 2], "texture": "#1_vine", "tintindex": 0},
				"up": {"uv": [9, 0, 10, 1], "texture": "#1_vine", "tintindex": 0},
				"down": {"uv": [9, 1, 10, 2], "texture": "#1_vine", "tintindex": 0}
			}
		},
		{
			"from": [7, 15, 15.25],
			"to": [10, 16, 16],
			"faces": {
				"north": {"uv": [6, 0, 9, 1], "texture": "#1_vine", "tintindex": 0},
				"east": {"uv": [6, 0, 9, 1], "texture": "#1_vine", "tintindex": 0},
				"south": {"uv": [6, 0, 9, 1], "texture": "#1_vine", "tintindex": 0},
				"west": {"uv": [6, 0, 9, 1], "texture": "#1_vine", "tintindex": 0},
				"up": {"uv": [6, 0, 9, 1], "texture": "#1_vine", "tintindex": 0},
				"down": {"uv": [6, 0, 9, 1], "texture": "#1_vine", "tintindex": 0}
			}
		},
		{
			"from": [2, 6, 15.25],
			"to": [4, 16, 16],
			"faces": {
				"north": {"uv": [12, 0, 14, 10], "texture": "#1_vine", "tintindex": 0},
				"east": {"uv": [12, 0, 13, 10], "texture": "#1_vine", "tintindex": 0},
				"south": {"uv": [12, 0, 14, 10], "texture": "#1_vine", "tintindex": 0},
				"west": {"uv": [13, 0, 14, 10], "texture": "#1_vine", "tintindex": 0},
				"up": {"uv": [12, 0, 14, 1], "texture": "#1_vine", "tintindex": 0},
				"down": {"uv": [12, 9, 14, 10], "texture": "#1_vine", "tintindex": 0}
			}
		},
		{
			"from": [0, 1, 15.25],
			"to": [1, 4, 16],
			"faces": {
				"north": {"uv": [15, 12, 16, 15], "texture": "#1_vine", "tintindex": 0},
				"east": {"uv": [15, 12, 16, 15], "texture": "#1_vine", "tintindex": 0},
				"south": {"uv": [15, 12, 16, 15], "texture": "#1_vine", "tintindex": 0},
				"west": {"uv": [15, 12, 16, 15], "texture": "#1_vine", "tintindex": 0},
				"up": {"uv": [15, 12, 16, 13], "texture": "#1_vine", "tintindex": 0},
				"down": {"uv": [15, 14, 16, 15], "texture": "#1_vine", "tintindex": 0}
			}
		},
		{
			"from": [1, 2, 15.25],
			"to": [2, 4, 16],
			"faces": {
				"north": {"uv": [14, 12, 15, 14], "texture": "#1_vine", "tintindex": 0},
				"east": {"uv": [14, 12, 15, 14], "texture": "#1_vine", "tintindex": 0},
				"south": {"uv": [14, 12, 15, 14], "texture": "#1_vine", "tintindex": 0},
				"west": {"uv": [14, 12, 15, 14], "texture": "#1_vine", "tintindex": 0},
				"up": {"uv": [14, 12, 15, 13], "texture": "#1_vine", "tintindex": 0},
				"down": {"uv": [14, 13, 15, 14], "texture": "#1_vine", "tintindex": 0}
			}
		},
		{
			"from": [6, 2, 15.25],
			"to": [7, 5, 16],
			"faces": {
				"north": {"uv": [9, 11, 10, 14], "texture": "#1_vine", "tintindex": 0},
				"east": {"uv": [9, 11, 10, 14], "texture": "#1_vine", "tintindex": 0},
				"south": {"uv": [9, 11, 10, 14], "texture": "#1_vine", "tintindex": 0},
				"west": {"uv": [9, 11, 10, 14], "texture": "#1_vine", "tintindex": 0},
				"up": {"uv": [9, 11, 10, 12], "texture": "#1_vine", "tintindex": 0},
				"down": {"uv": [9, 13, 10, 14], "texture": "#1_vine", "tintindex": 0}
			}
		},
		{
			"from": [5, 3, 15.25],
			"to": [6, 7, 16],
			"faces": {
				"north": {"uv": [10, 9, 11, 13], "texture": "#1_vine", "tintindex": 0},
				"east": {"uv": [10, 9, 11, 13], "texture": "#1_vine", "tintindex": 0},
				"south": {"uv": [10, 9, 11, 13], "texture": "#1_vine", "tintindex": 0},
				"west": {"uv": [10, 9, 11, 13], "texture": "#1_vine", "tintindex": 0},
				"up": {"uv": [10, 9, 11, 10], "texture": "#1_vine", "tintindex": 0},
				"down": {"uv": [10, 12, 11, 13], "texture": "#1_vine", "tintindex": 0}
			}
		},
		{
			"from": [4, 0, 15.25],
			"to": [5, 10, 16],
			"faces": {
				"north": {"uv": [11, 6, 12, 16], "texture": "#1_vine", "tintindex": 0},
				"east": {"uv": [11, 6, 12, 16], "texture": "#1_vine", "tintindex": 0},
				"south": {"uv": [11, 6, 12, 16], "texture": "#1_vine", "tintindex": 0},
				"west": {"uv": [11, 6, 12, 16], "texture": "#1_vine", "tintindex": 0},
				"up": {"uv": [11, 6, 12, 7], "texture": "#1_vine", "tintindex": 0},
				"down": {"uv": [11, 15, 12, 16], "texture": "#1_vine", "tintindex": 0}
			}
		},
		{
			"from": [3, 0, 15.25],
			"to": [4, 4, 16],
			"faces": {
				"north": {"uv": [12, 12, 13, 16], "texture": "#1_vine", "tintindex": 0},
				"east": {"uv": [12, 12, 13, 16], "texture": "#1_vine", "tintindex": 0},
				"south": {"uv": [12, 12, 13, 16], "texture": "#1_vine", "tintindex": 0},
				"west": {"uv": [12, 12, 13, 16], "texture": "#1_vine", "tintindex": 0},
				"up": {"uv": [12, 12, 13, 13], "texture": "#1_vine", "tintindex": 0},
				"down": {"uv": [12, 15, 13, 16], "texture": "#1_vine", "tintindex": 0}
			}
		},
		{
			"from": [2, 0, 15.25],
			"to": [3, 1, 16],
			"faces": {
				"north": {"uv": [13, 15, 14, 16], "texture": "#1_vine", "tintindex": 0},
				"east": {"uv": [13, 15, 14, 16], "texture": "#1_vine", "tintindex": 0},
				"south": {"uv": [13, 15, 14, 16], "texture": "#1_vine", "tintindex": 0},
				"west": {"uv": [13, 15, 14, 16], "texture": "#1_vine", "tintindex": 0},
				"up": {"uv": [13, 15, 14, 16], "texture": "#1_vine", "tintindex": 0},
				"down": {"uv": [13, 15, 14, 16], "texture": "#1_vine", "tintindex": 0}
			}
		},
		{
			"from": [2, 2, 15.25],
			"to": [3, 3, 16],
			"faces": {
				"north": {"uv": [13, 13, 14, 14], "texture": "#1_vine", "tintindex": 0},
				"east": {"uv": [13, 13, 14, 14], "texture": "#1_vine", "tintindex": 0},
				"south": {"uv": [13, 13, 14, 14], "texture": "#1_vine", "tintindex": 0},
				"west": {"uv": [13, 13, 14, 14], "texture": "#1_vine", "tintindex": 0},
				"up": {"uv": [13, 13, 14, 14], "texture": "#1_vine", "tintindex": 0},
				"down": {"uv": [13, 13, 14, 14], "texture": "#1_vine", "tintindex": 0}
			}
		},
		{
			"from": [5, 1, 15.25],
			"to": [6, 2, 16],
			"faces": {
				"north": {"uv": [10, 14, 11, 15], "texture": "#1_vine", "tintindex": 0},
				"east": {"uv": [10, 14, 11, 15], "texture": "#1_vine", "tintindex": 0},
				"south": {"uv": [10, 14, 11, 15], "texture": "#1_vine", "tintindex": 0},
				"west": {"uv": [10, 14, 11, 15], "texture": "#1_vine", "tintindex": 0},
				"up": {"uv": [10, 14, 11, 15], "texture": "#1_vine", "tintindex": 0},
				"down": {"uv": [10, 14, 11, 15], "texture": "#1_vine", "tintindex": 0}
			}
		},
		{
			"from": [6, 0, 15.25],
			"to": [8, 1, 16],
			"faces": {
				"north": {"uv": [8, 15, 10, 16], "texture": "#1_vine", "tintindex": 0},
				"east": {"uv": [8, 15, 9, 16], "texture": "#1_vine", "tintindex": 0},
				"south": {"uv": [8, 15, 10, 16], "texture": "#1_vine", "tintindex": 0},
				"west": {"uv": [9, 15, 10, 16], "texture": "#1_vine", "tintindex": 0},
				"up": {"uv": [8, 15, 10, 16], "texture": "#1_vine", "tintindex": 0},
				"down": {"uv": [8, 15, 10, 16], "texture": "#1_vine", "tintindex": 0}
			}
		},
		{
			"from": [1, 6, 15.25],
			"to": [2, 7, 16],
			"faces": {
				"north": {"uv": [14, 9, 15, 10], "texture": "#1_vine", "tintindex": 0},
				"east": {"uv": [14, 9, 15, 10], "texture": "#1_vine", "tintindex": 0},
				"south": {"uv": [14, 9, 15, 10], "texture": "#1_vine", "tintindex": 0},
				"west": {"uv": [14, 9, 15, 10], "texture": "#1_vine", "tintindex": 0},
				"up": {"uv": [14, 9, 15, 10], "texture": "#1_vine", "tintindex": 0},
				"down": {"uv": [14, 9, 15, 10], "texture": "#1_vine", "tintindex": 0}
			}
		},
		{
			"from": [5, 8, 15.25],
			"to": [6, 9, 16],
			"faces": {
				"north": {"uv": [10, 7, 11, 8], "texture": "#1_vine", "tintindex": 0},
				"east": {"uv": [10, 7, 11, 8], "texture": "#1_vine", "tintindex": 0},
				"south": {"uv": [10, 7, 11, 8], "texture": "#1_vine", "tintindex": 0},
				"west": {"uv": [10, 7, 11, 8], "texture": "#1_vine", "tintindex": 0},
				"up": {"uv": [10, 7, 11, 8], "texture": "#1_vine", "tintindex": 0},
				"down": {"uv": [10, 7, 11, 8], "texture": "#1_vine", "tintindex": 0}
			}
		},
		{
			"from": [0, 10, 15.25],
			"to": [2, 11, 16],
			"faces": {
				"north": {"uv": [14, 5, 16, 6], "texture": "#1_vine", "tintindex": 0},
				"east": {"uv": [14, 5, 16, 6], "texture": "#1_vine", "tintindex": 0},
				"south": {"uv": [14, 5, 16, 6], "texture": "#1_vine", "tintindex": 0},
				"west": {"uv": [14, 5, 16, 6], "texture": "#1_vine", "tintindex": 0},
				"up": {"uv": [14, 5, 16, 6], "texture": "#1_vine", "tintindex": 0},
				"down": {"uv": [14, 5, 16, 6], "texture": "#1_vine", "tintindex": 0}
			}
		},
		{
			"from": [1, 14, 15.25],
			"to": [2, 16, 16],
			"faces": {
				"north": {"uv": [14, 0, 15, 2], "texture": "#1_vine", "tintindex": 0},
				"east": {"uv": [14, 0, 15, 2], "texture": "#1_vine", "tintindex": 0},
				"south": {"uv": [14, 0, 15, 2], "texture": "#1_vine", "tintindex": 0},
				"west": {"uv": [14, 0, 15, 2], "texture": "#1_vine", "tintindex": 0},
				"up": {"uv": [14, 0, 15, 2], "texture": "#1_vine", "tintindex": 0},
				"down": {"uv": [14, 0, 15, 2], "texture": "#1_vine", "tintindex": 0}
			}
		},
		{
			"from": [7, 9, 15.25],
			"to": [9, 11, 16],
			"faces": {
				"north": {"uv": [7, 5, 9, 7], "texture": "#1_vine", "tintindex": 0},
				"east": {"uv": [7, 5, 8, 7], "texture": "#1_vine", "tintindex": 0},
				"south": {"uv": [7, 5, 9, 7], "texture": "#1_vine", "tintindex": 0},
				"west": {"uv": [8, 5, 9, 7], "texture": "#1_vine", "tintindex": 0},
				"up": {"uv": [7, 5, 9, 6], "texture": "#1_vine", "tintindex": 0},
				"down": {"uv": [7, 6, 9, 7], "texture": "#1_vine", "tintindex": 0}
			}
		},
		{
			"from": [4, 11, 15.25],
			"to": [6, 14, 16],
			"faces": {
				"north": {"uv": [10, 2, 12, 5], "texture": "#1_vine", "tintindex": 0},
				"east": {"uv": [10, 2, 11, 5], "texture": "#1_vine", "tintindex": 0},
				"south": {"uv": [10, 2, 12, 5], "texture": "#1_vine", "tintindex": 0},
				"west": {"uv": [11, 2, 12, 5], "texture": "#1_vine", "tintindex": 0},
				"up": {"uv": [10, 2, 12, 3], "texture": "#1_vine", "tintindex": 0},
				"down": {"uv": [10, 4, 12, 5], "texture": "#1_vine", "tintindex": 0}
			}
		},
		{
			"from": [4, 14, 15.25],
			"to": [5, 16, 16],
			"faces": {
				"north": {"uv": [11, 0, 12, 2], "texture": "#1_vine", "tintindex": 0},
				"east": {"uv": [11, 0, 12, 2], "texture": "#1_vine", "tintindex": 0},
				"south": {"uv": [11, 0, 12, 2], "texture": "#1_vine", "tintindex": 0},
				"west": {"uv": [11, 0, 12, 2], "texture": "#1_vine", "tintindex": 0},
				"up": {"uv": [11, 0, 12, 2], "texture": "#1_vine", "tintindex": 0},
				"down": {"uv": [11, 0, 12, 2], "texture": "#1_vine", "tintindex": 0}
			}
		},
		{
			"from": [6, 10, 15.25],
			"to": [7, 13, 16],
			"faces": {
				"north": {"uv": [9, 3, 10, 6], "texture": "#1_vine", "tintindex": 0},
				"east": {"uv": [9, 3, 10, 6], "texture": "#1_vine", "tintindex": 0},
				"south": {"uv": [9, 3, 10, 6], "texture": "#1_vine", "tintindex": 0},
				"west": {"uv": [9, 3, 10, 6], "texture": "#1_vine", "tintindex": 0},
				"up": {"uv": [9, 3, 10, 4], "texture": "#1_vine", "tintindex": 0},
				"down": {"uv": [9, 5, 10, 6], "texture": "#1_vine", "tintindex": 0}
			}
		},
		{
			"from": [7, 8, 15.25],
			"to": [8, 9, 16],
			"faces": {
				"north": {"uv": [8, 7, 9, 8], "texture": "#1_vine", "tintindex": 0},
				"east": {"uv": [8, 7, 9, 8], "texture": "#1_vine", "tintindex": 0},
				"south": {"uv": [8, 7, 9, 8], "texture": "#1_vine", "tintindex": 0},
				"west": {"uv": [8, 7, 9, 8], "texture": "#1_vine", "tintindex": 0},
				"up": {"uv": [8, 7, 9, 8], "texture": "#1_vine", "tintindex": 0},
				"down": {"uv": [8, 7, 9, 8], "texture": "#1_vine", "tintindex": 0}
			}
		},
		{
			"from": [15.25, 0, 2],
			"to": [16, 5, 5],
			"faces": {
				"north": {"uv": [2, 11, 3, 16], "texture": "#1_vine", "tintindex": 0},
				"east": {"uv": [2, 11, 5, 16], "texture": "#1_vine", "tintindex": 0},
				"south": {"uv": [4, 11, 5, 16], "texture": "#1_vine", "tintindex": 0},
				"west": {"uv": [2, 11, 5, 16], "texture": "#1_vine", "tintindex": 0},
				"up": {"uv": [2, 11, 5, 12], "rotation": 270, "texture": "#1_vine", "tintindex": 0},
				"down": {"uv": [2, 15, 5, 16], "rotation": 90, "texture": "#1_vine", "tintindex": 0}
			}
		},
		{
			"from": [15.25, 0, 5],
			"to": [16, 1, 7],
			"faces": {
				"north": {"uv": [5, 15, 6, 16], "texture": "#1_vine", "tintindex": 0},
				"east": {"uv": [5, 15, 7, 16], "texture": "#1_vine", "tintindex": 0},
				"south": {"uv": [6, 15, 7, 16], "texture": "#1_vine", "tintindex": 0},
				"west": {"uv": [5, 15, 7, 16], "texture": "#1_vine", "tintindex": 0},
				"up": {"uv": [5, 15, 7, 16], "rotation": 270, "texture": "#1_vine", "tintindex": 0},
				"down": {"uv": [5, 15, 7, 16], "rotation": 90, "texture": "#1_vine", "tintindex": 0}
			}
		},
		{
			"from": [15.25, 1, 1],
			"to": [16, 4, 2],
			"faces": {
				"north": {"uv": [1, 12, 2, 15], "texture": "#1_vine", "tintindex": 0},
				"east": {"uv": [1, 12, 2, 15], "texture": "#1_vine", "tintindex": 0},
				"south": {"uv": [1, 12, 2, 15], "texture": "#1_vine", "tintindex": 0},
				"west": {"uv": [1, 12, 2, 15], "texture": "#1_vine", "tintindex": 0},
				"up": {"uv": [1, 12, 2, 13], "rotation": 270, "texture": "#1_vine", "tintindex": 0},
				"down": {"uv": [1, 14, 2, 15], "rotation": 90, "texture": "#1_vine", "tintindex": 0}
			}
		},
		{
			"from": [15.25, 3, 0],
			"to": [16, 4, 1],
			"faces": {
				"north": {"uv": [0, 12, 1, 13], "texture": "#1_vine", "tintindex": 0},
				"east": {"uv": [0, 12, 1, 13], "texture": "#1_vine", "tintindex": 0},
				"south": {"uv": [0, 12, 1, 13], "texture": "#1_vine", "tintindex": 0},
				"west": {"uv": [0, 12, 1, 13], "texture": "#1_vine", "tintindex": 0},
				"up": {"uv": [0, 12, 1, 13], "rotation": 270, "texture": "#1_vine", "tintindex": 0},
				"down": {"uv": [0, 12, 1, 13], "rotation": 90, "texture": "#1_vine", "tintindex": 0}
			}
		},
		{
			"from": [15.25, 3, 5],
			"to": [16, 7, 6],
			"faces": {
				"north": {"uv": [5, 9, 6, 13], "texture": "#1_vine", "tintindex": 0},
				"east": {"uv": [5, 9, 6, 13], "texture": "#1_vine", "tintindex": 0},
				"south": {"uv": [5, 9, 6, 13], "texture": "#1_vine", "tintindex": 0},
				"west": {"uv": [5, 9, 6, 13], "texture": "#1_vine", "tintindex": 0},
				"up": {"uv": [5, 9, 6, 10], "rotation": 270, "texture": "#1_vine", "tintindex": 0},
				"down": {"uv": [5, 12, 6, 13], "rotation": 90, "texture": "#1_vine", "tintindex": 0}
			}
		},
		{
			"from": [15.25, 2, 6],
			"to": [16, 5, 7],
			"faces": {
				"north": {"uv": [6, 11, 7, 14], "texture": "#1_vine", "tintindex": 0},
				"east": {"uv": [6, 11, 7, 14], "texture": "#1_vine", "tintindex": 0},
				"south": {"uv": [6, 11, 7, 14], "texture": "#1_vine", "tintindex": 0},
				"west": {"uv": [6, 11, 7, 14], "texture": "#1_vine", "tintindex": 0},
				"up": {"uv": [6, 11, 7, 12], "rotation": 270, "texture": "#1_vine", "tintindex": 0},
				"down": {"uv": [6, 13, 7, 14], "rotation": 90, "texture": "#1_vine", "tintindex": 0}
			}
		},
		{
			"from": [15.25, 7, 4],
			"to": [16, 10, 7],
			"faces": {
				"north": {"uv": [4, 6, 5, 9], "texture": "#1_vine", "tintindex": 0},
				"east": {"uv": [4, 6, 7, 9], "texture": "#1_vine", "tintindex": 0},
				"south": {"uv": [6, 6, 7, 9], "texture": "#1_vine", "tintindex": 0},
				"west": {"uv": [4, 6, 7, 9], "texture": "#1_vine", "tintindex": 0},
				"up": {"uv": [4, 6, 7, 7], "rotation": 270, "texture": "#1_vine", "tintindex": 0},
				"down": {"uv": [4, 8, 7, 9], "rotation": 90, "texture": "#1_vine", "tintindex": 0}
			}
		},
		{
			"from": [15.25, 5, 4],
			"to": [16, 7, 5],
			"faces": {
				"north": {"uv": [4, 9, 5, 11], "texture": "#1_vine", "tintindex": 0},
				"east": {"uv": [4, 9, 5, 11], "texture": "#1_vine", "tintindex": 0},
				"south": {"uv": [4, 9, 5, 11], "texture": "#1_vine", "tintindex": 0},
				"west": {"uv": [4, 9, 5, 11], "texture": "#1_vine", "tintindex": 0},
				"up": {"uv": [4, 9, 5, 10], "rotation": 270, "texture": "#1_vine", "tintindex": 0},
				"down": {"uv": [4, 10, 5, 11], "rotation": 90, "texture": "#1_vine", "tintindex": 0}
			}
		},
		{
			"from": [15.25, 8, 3],
			"to": [16, 16, 4],
			"faces": {
				"north": {"uv": [3, 0, 4, 8], "texture": "#1_vine", "tintindex": 0},
				"east": {"uv": [3, 0, 4, 8], "texture": "#1_vine", "tintindex": 0},
				"south": {"uv": [3, 0, 4, 8], "texture": "#1_vine", "tintindex": 0},
				"west": {"uv": [3, 0, 4, 8], "texture": "#1_vine", "tintindex": 0},
				"up": {"uv": [3, 0, 4, 1], "rotation": 270, "texture": "#1_vine", "tintindex": 0},
				"down": {"uv": [3, 7, 4, 8], "rotation": 90, "texture": "#1_vine", "tintindex": 0}
			}
		},
		{
			"from": [15.25, 9, 2],
			"to": [16, 15, 3],
			"faces": {
				"north": {"uv": [2, 1, 3, 7], "texture": "#1_vine", "tintindex": 0},
				"east": {"uv": [2, 1, 3, 7], "texture": "#1_vine", "tintindex": 0},
				"south": {"uv": [2, 1, 3, 7], "texture": "#1_vine", "tintindex": 0},
				"west": {"uv": [2, 1, 3, 7], "texture": "#1_vine", "tintindex": 0},
				"up": {"uv": [2, 1, 3, 2], "rotation": 270, "texture": "#1_vine", "tintindex": 0},
				"down": {"uv": [2, 6, 3, 7], "rotation": 90, "texture": "#1_vine", "tintindex": 0}
			}
		},
		{
			"from": [15.25, 12, 1],
			"to": [16, 15, 2],
			"faces": {
				"north": {"uv": [1, 1, 2, 4], "texture": "#1_vine", "tintindex": 0},
				"east": {"uv": [1, 1, 2, 4], "texture": "#1_vine", "tintindex": 0},
				"south": {"uv": [1, 1, 2, 4], "texture": "#1_vine", "tintindex": 0},
				"west": {"uv": [1, 1, 2, 4], "texture": "#1_vine", "tintindex": 0},
				"up": {"uv": [1, 1, 2, 2], "rotation": 270, "texture": "#1_vine", "tintindex": 0},
				"down": {"uv": [1, 3, 2, 4], "rotation": 90, "texture": "#1_vine", "tintindex": 0}
			}
		},
		{
			"from": [15.25, 9, 1],
			"to": [16, 11, 2],
			"faces": {
				"north": {"uv": [1, 5, 2, 7], "texture": "#1_vine", "tintindex": 0},
				"east": {"uv": [1, 5, 2, 7], "texture": "#1_vine", "tintindex": 0},
				"south": {"uv": [1, 5, 2, 7], "texture": "#1_vine", "tintindex": 0},
				"west": {"uv": [1, 5, 2, 7], "texture": "#1_vine", "tintindex": 0},
				"up": {"uv": [1, 5, 2, 7], "rotation": 270, "texture": "#1_vine", "tintindex": 0},
				"down": {"uv": [1, 5, 2, 7], "rotation": 90, "texture": "#1_vine", "tintindex": 0}
			}
		},
		{
			"from": [15.25, 8, 0],
			"to": [16, 10, 1],
			"faces": {
				"north": {"uv": [0, 6, 1, 8], "texture": "#1_vine", "tintindex": 0},
				"east": {"uv": [0, 6, 1, 8], "texture": "#1_vine", "tintindex": 0},
				"south": {"uv": [0, 6, 1, 8], "texture": "#1_vine", "tintindex": 0},
				"west": {"uv": [0, 6, 1, 8], "texture": "#1_vine", "tintindex": 0},
				"up": {"uv": [0, 6, 1, 7], "rotation": 270, "texture": "#1_vine", "tintindex": 0},
				"down": {"uv": [0, 7, 1, 8], "rotation": 90, "texture": "#1_vine", "tintindex": 0}
			}
		},
		{
			"from": [15.25, 12, 0],
			"to": [16, 14, 1],
			"faces": {
				"north": {"uv": [0, 2, 1, 4], "texture": "#1_vine", "tintindex": 0},
				"east": {"uv": [0, 2, 1, 4], "texture": "#1_vine", "tintindex": 0},
				"south": {"uv": [0, 2, 1, 4], "texture": "#1_vine", "tintindex": 0},
				"west": {"uv": [0, 2, 1, 4], "texture": "#1_vine", "tintindex": 0},
				"up": {"uv": [0, 2, 1, 4], "rotation": 270, "texture": "#1_vine", "tintindex": 0},
				"down": {"uv": [0, 2, 1, 4], "rotation": 90, "texture": "#1_vine", "tintindex": 0}
			}
		},
		{
			"from": [15.25, 10, 4],
			"to": [16, 11, 5],
			"faces": {
				"north": {"uv": [4, 5, 5, 6], "texture": "#1_vine", "tintindex": 0},
				"east": {"uv": [4, 5, 5, 6], "texture": "#1_vine", "tintindex": 0},
				"south": {"uv": [4, 5, 5, 6], "texture": "#1_vine", "tintindex": 0},
				"west": {"uv": [4, 5, 5, 6], "texture": "#1_vine", "tintindex": 0},
				"up": {"uv": [4, 5, 5, 6], "rotation": 270, "texture": "#1_vine", "tintindex": 0},
				"down": {"uv": [4, 5, 5, 6], "rotation": 90, "texture": "#1_vine", "tintindex": 0}
			}
		},
		{
			"from": [15.25, 13, 4],
			"to": [16, 16, 5],
			"faces": {
				"north": {"uv": [4, 0, 5, 3], "texture": "#1_vine", "tintindex": 0},
				"east": {"uv": [4, 0, 5, 3], "texture": "#1_vine", "tintindex": 0},
				"south": {"uv": [4, 0, 5, 3], "texture": "#1_vine", "tintindex": 0},
				"west": {"uv": [4, 0, 5, 3], "texture": "#1_vine", "tintindex": 0},
				"up": {"uv": [4, 0, 5, 1], "rotation": 270, "texture": "#1_vine", "tintindex": 0},
				"down": {"uv": [4, 2, 5, 3], "rotation": 90, "texture": "#1_vine", "tintindex": 0}
			}
		},
		{
			"from": [15.25, 14, 5],
			"to": [16, 16, 6],
			"faces": {
				"north": {"uv": [5, 0, 6, 2], "texture": "#1_vine", "tintindex": 0},
				"east": {"uv": [5, 0, 6, 2], "texture": "#1_vine", "tintindex": 0},
				"south": {"uv": [5, 0, 6, 2], "texture": "#1_vine", "tintindex": 0},
				"west": {"uv": [5, 0, 6, 2], "texture": "#1_vine", "tintindex": 0},
				"up": {"uv": [5, 0, 6, 1], "rotation": 270, "texture": "#1_vine", "tintindex": 0},
				"down": {"uv": [5, 1, 6, 2], "rotation": 90, "texture": "#1_vine", "tintindex": 0}
			}
		},
		{
			"from": [15.25, 14, 9],
			"to": [16, 16, 10],
			"faces": {
				"north": {"uv": [9, 0, 10, 2], "texture": "#1_vine", "tintindex": 0},
				"east": {"uv": [9, 0, 10, 2], "texture": "#1_vine", "tintindex": 0},
				"south": {"uv": [9, 0, 10, 2], "texture": "#1_vine", "tintindex": 0},
				"west": {"uv": [9, 0, 10, 2], "texture": "#1_vine", "tintindex": 0},
				"up": {"uv": [9, 0, 10, 1], "rotation": 270, "texture": "#1_vine", "tintindex": 0},
				"down": {"uv": [9, 1, 10, 2], "rotation": 90, "texture": "#1_vine", "tintindex": 0}
			}
		},
		{
			"from": [15.25, 15, 6],
			"to": [16, 16, 9],
			"faces": {
				"north": {"uv": [6, 0, 9, 1], "texture": "#1_vine", "tintindex": 0},
				"east": {"uv": [6, 0, 9, 1], "texture": "#1_vine", "tintindex": 0},
				"south": {"uv": [6, 0, 9, 1], "texture": "#1_vine", "tintindex": 0},
				"west": {"uv": [6, 0, 9, 1], "texture": "#1_vine", "tintindex": 0},
				"up": {"uv": [6, 0, 9, 1], "rotation": 270, "texture": "#1_vine", "tintindex": 0},
				"down": {"uv": [6, 0, 9, 1], "rotation": 90, "texture": "#1_vine", "tintindex": 0}
			}
		},
		{
			"from": [15.25, 6, 12],
			"to": [16, 16, 14],
			"faces": {
				"north": {"uv": [12, 0, 13, 10], "texture": "#1_vine", "tintindex": 0},
				"east": {"uv": [12, 0, 14, 10], "texture": "#1_vine", "tintindex": 0},
				"south": {"uv": [13, 0, 14, 10], "texture": "#1_vine", "tintindex": 0},
				"west": {"uv": [12, 0, 14, 10], "texture": "#1_vine", "tintindex": 0},
				"up": {"uv": [12, 0, 14, 1], "rotation": 270, "texture": "#1_vine", "tintindex": 0},
				"down": {"uv": [12, 9, 14, 10], "rotation": 90, "texture": "#1_vine", "tintindex": 0}
			}
		},
		{
			"from": [15.25, 1, 15],
			"to": [16, 4, 16],
			"faces": {
				"north": {"uv": [15, 12, 16, 15], "texture": "#1_vine", "tintindex": 0},
				"east": {"uv": [15, 12, 16, 15], "texture": "#1_vine", "tintindex": 0},
				"south": {"uv": [15, 12, 16, 15], "texture": "#1_vine", "tintindex": 0},
				"west": {"uv": [15, 12, 16, 15], "texture": "#1_vine", "tintindex": 0},
				"up": {"uv": [15, 12, 16, 13], "rotation": 270, "texture": "#1_vine", "tintindex": 0},
				"down": {"uv": [15, 14, 16, 15], "rotation": 90, "texture": "#1_vine", "tintindex": 0}
			}
		},
		{
			"from": [15.25, 2, 14],
			"to": [16, 4, 15],
			"faces": {
				"north": {"uv": [14, 12, 15, 14], "texture": "#1_vine", "tintindex": 0},
				"east": {"uv": [14, 12, 15, 14], "texture": "#1_vine", "tintindex": 0},
				"south": {"uv": [14, 12, 15, 14], "texture": "#1_vine", "tintindex": 0},
				"west": {"uv": [14, 12, 15, 14], "texture": "#1_vine", "tintindex": 0},
				"up": {"uv": [14, 12, 15, 13], "rotation": 270, "texture": "#1_vine", "tintindex": 0},
				"down": {"uv": [14, 13, 15, 14], "rotation": 90, "texture": "#1_vine", "tintindex": 0}
			}
		},
		{
			"from": [15.25, 2, 9],
			"to": [16, 5, 10],
			"faces": {
				"north": {"uv": [9, 11, 10, 14], "texture": "#1_vine", "tintindex": 0},
				"east": {"uv": [9, 11, 10, 14], "texture": "#1_vine", "tintindex": 0},
				"south": {"uv": [9, 11, 10, 14], "texture": "#1_vine", "tintindex": 0},
				"west": {"uv": [9, 11, 10, 14], "texture": "#1_vine", "tintindex": 0},
				"up": {"uv": [9, 11, 10, 12], "rotation": 270, "texture": "#1_vine", "tintindex": 0},
				"down": {"uv": [9, 13, 10, 14], "rotation": 90, "texture": "#1_vine", "tintindex": 0}
			}
		},
		{
			"from": [15.25, 3, 10],
			"to": [16, 7, 11],
			"faces": {
				"north": {"uv": [10, 9, 11, 13], "texture": "#1_vine", "tintindex": 0},
				"east": {"uv": [10, 9, 11, 13], "texture": "#1_vine", "tintindex": 0},
				"south": {"uv": [10, 9, 11, 13], "texture": "#1_vine", "tintindex": 0},
				"west": {"uv": [10, 9, 11, 13], "texture": "#1_vine", "tintindex": 0},
				"up": {"uv": [10, 9, 11, 10], "rotation": 270, "texture": "#1_vine", "tintindex": 0},
				"down": {"uv": [10, 12, 11, 13], "rotation": 90, "texture": "#1_vine", "tintindex": 0}
			}
		},
		{
			"from": [15.25, 0, 11],
			"to": [16, 10, 12],
			"faces": {
				"north": {"uv": [11, 6, 12, 16], "texture": "#1_vine", "tintindex": 0},
				"east": {"uv": [11, 6, 12, 16], "texture": "#1_vine", "tintindex": 0},
				"south": {"uv": [11, 6, 12, 16], "texture": "#1_vine", "tintindex": 0},
				"west": {"uv": [11, 6, 12, 16], "texture": "#1_vine", "tintindex": 0},
				"up": {"uv": [11, 6, 12, 7], "rotation": 270, "texture": "#1_vine", "tintindex": 0},
				"down": {"uv": [11, 15, 12, 16], "rotation": 90, "texture": "#1_vine", "tintindex": 0}
			}
		},
		{
			"from": [15.25, 0, 12],
			"to": [16, 4, 13],
			"faces": {
				"north": {"uv": [12, 12, 13, 16], "texture": "#1_vine", "tintindex": 0},
				"east": {"uv": [12, 12, 13, 16], "texture": "#1_vine", "tintindex": 0},
				"south": {"uv": [12, 12, 13, 16], "texture": "#1_vine", "tintindex": 0},
				"west": {"uv": [12, 12, 13, 16], "texture": "#1_vine", "tintindex": 0},
				"up": {"uv": [12, 12, 13, 13], "rotation": 270, "texture": "#1_vine", "tintindex": 0},
				"down": {"uv": [12, 15, 13, 16], "rotation": 90, "texture": "#1_vine", "tintindex": 0}
			}
		},
		{
			"from": [15.25, 0, 13],
			"to": [16, 1, 14],
			"faces": {
				"north": {"uv": [13, 15, 14, 16], "texture": "#1_vine", "tintindex": 0},
				"east": {"uv": [13, 15, 14, 16], "texture": "#1_vine", "tintindex": 0},
				"south": {"uv": [13, 15, 14, 16], "texture": "#1_vine", "tintindex": 0},
				"west": {"uv": [13, 15, 14, 16], "texture": "#1_vine", "tintindex": 0},
				"up": {"uv": [13, 15, 14, 16], "rotation": 270, "texture": "#1_vine", "tintindex": 0},
				"down": {"uv": [13, 15, 14, 16], "rotation": 90, "texture": "#1_vine", "tintindex": 0}
			}
		},
		{
			"from": [15.25, 2, 13],
			"to": [16, 3, 14],
			"faces": {
				"north": {"uv": [13, 13, 14, 14], "texture": "#1_vine", "tintindex": 0},
				"east": {"uv": [13, 13, 14, 14], "texture": "#1_vine", "tintindex": 0},
				"south": {"uv": [13, 13, 14, 14], "texture": "#1_vine", "tintindex": 0},
				"west": {"uv": [13, 13, 14, 14], "texture": "#1_vine", "tintindex": 0},
				"up": {"uv": [13, 13, 14, 14], "rotation": 270, "texture": "#1_vine", "tintindex": 0},
				"down": {"uv": [13, 13, 14, 14], "rotation": 90, "texture": "#1_vine", "tintindex": 0}
			}
		},
		{
			"from": [15.25, 1, 10],
			"to": [16, 2, 11],
			"faces": {
				"north": {"uv": [10, 14, 11, 15], "texture": "#1_vine", "tintindex": 0},
				"east": {"uv": [10, 14, 11, 15], "texture": "#1_vine", "tintindex": 0},
				"south": {"uv": [10, 14, 11, 15], "texture": "#1_vine", "tintindex": 0},
				"west": {"uv": [10, 14, 11, 15], "texture": "#1_vine", "tintindex": 0},
				"up": {"uv": [10, 14, 11, 15], "rotation": 270, "texture": "#1_vine", "tintindex": 0},
				"down": {"uv": [10, 14, 11, 15], "rotation": 90, "texture": "#1_vine", "tintindex": 0}
			}
		},
		{
			"from": [15.25, 0, 8],
			"to": [16, 1, 10],
			"faces": {
				"north": {"uv": [8, 15, 9, 16], "texture": "#1_vine", "tintindex": 0},
				"east": {"uv": [8, 15, 10, 16], "texture": "#1_vine", "tintindex": 0},
				"south": {"uv": [9, 15, 10, 16], "texture": "#1_vine", "tintindex": 0},
				"west": {"uv": [8, 15, 10, 16], "texture": "#1_vine", "tintindex": 0},
				"up": {"uv": [8, 15, 10, 16], "rotation": 270, "texture": "#1_vine", "tintindex": 0},
				"down": {"uv": [8, 15, 10, 16], "rotation": 90, "texture": "#1_vine", "tintindex": 0}
			}
		},
		{
			"from": [15.25, 6, 14],
			"to": [16, 7, 15],
			"faces": {
				"north": {"uv": [14, 9, 15, 10], "texture": "#1_vine", "tintindex": 0},
				"east": {"uv": [14, 9, 15, 10], "texture": "#1_vine", "tintindex": 0},
				"south": {"uv": [14, 9, 15, 10], "texture": "#1_vine", "tintindex": 0},
				"west": {"uv": [14, 9, 15, 10], "texture": "#1_vine", "tintindex": 0},
				"up": {"uv": [14, 9, 15, 10], "rotation": 270, "texture": "#1_vine", "tintindex": 0},
				"down": {"uv": [14, 9, 15, 10], "rotation": 90, "texture": "#1_vine", "tintindex": 0}
			}
		},
		{
			"from": [15.25, 8, 10],
			"to": [16, 9, 11],
			"faces": {
				"north": {"uv": [10, 7, 11, 8], "texture": "#1_vine", "tintindex": 0},
				"east": {"uv": [10, 7, 11, 8], "texture": "#1_vine", "tintindex": 0},
				"south": {"uv": [10, 7, 11, 8], "texture": "#1_vine", "tintindex": 0},
				"west": {"uv": [10, 7, 11, 8], "texture": "#1_vine", "tintindex": 0},
				"up": {"uv": [10, 7, 11, 8], "rotation": 270, "texture": "#1_vine", "tintindex": 0},
				"down": {"uv": [10, 7, 11, 8], "rotation": 90, "texture": "#1_vine", "tintindex": 0}
			}
		},
		{
			"from": [15.25, 10, 14],
			"to": [16, 11, 16],
			"faces": {
				"north": {"uv": [14, 5, 16, 6], "texture": "#1_vine", "tintindex": 0},
				"east": {"uv": [14, 5, 16, 6], "texture": "#1_vine", "tintindex": 0},
				"south": {"uv": [14, 5, 16, 6], "texture": "#1_vine", "tintindex": 0},
				"west": {"uv": [14, 5, 16, 6], "texture": "#1_vine", "tintindex": 0},
				"up": {"uv": [14, 5, 16, 6], "rotation": 270, "texture": "#1_vine", "tintindex": 0},
				"down": {"uv": [14, 5, 16, 6], "rotation": 90, "texture": "#1_vine", "tintindex": 0}
			}
		},
		{
			"from": [15.25, 14, 14],
			"to": [16, 16, 15],
			"faces": {
				"north": {"uv": [14, 0, 15, 2], "texture": "#1_vine", "tintindex": 0},
				"east": {"uv": [14, 0, 15, 2], "texture": "#1_vine", "tintindex": 0},
				"south": {"uv": [14, 0, 15, 2], "texture": "#1_vine", "tintindex": 0},
				"west": {"uv": [14, 0, 15, 2], "texture": "#1_vine", "tintindex": 0},
				"up": {"uv": [14, 0, 15, 2], "rotation": 270, "texture": "#1_vine", "tintindex": 0},
				"down": {"uv": [14, 0, 15, 2], "rotation": 90, "texture": "#1_vine", "tintindex": 0}
			}
		},
		{
			"from": [15.25, 9, 7],
			"to": [16, 11, 9],
			"faces": {
				"north": {"uv": [7, 5, 8, 7], "texture": "#1_vine", "tintindex": 0},
				"east": {"uv": [7, 5, 9, 7], "texture": "#1_vine", "tintindex": 0},
				"south": {"uv": [8, 5, 9, 7], "texture": "#1_vine", "tintindex": 0},
				"west": {"uv": [7, 5, 9, 7], "texture": "#1_vine", "tintindex": 0},
				"up": {"uv": [7, 5, 9, 6], "rotation": 270, "texture": "#1_vine", "tintindex": 0},
				"down": {"uv": [7, 6, 9, 7], "rotation": 90, "texture": "#1_vine", "tintindex": 0}
			}
		},
		{
			"from": [15.25, 11, 10],
			"to": [16, 14, 12],
			"faces": {
				"north": {"uv": [10, 2, 11, 5], "texture": "#1_vine", "tintindex": 0},
				"east": {"uv": [10, 2, 12, 5], "texture": "#1_vine", "tintindex": 0},
				"south": {"uv": [11, 2, 12, 5], "texture": "#1_vine", "tintindex": 0},
				"west": {"uv": [10, 2, 12, 5], "texture": "#1_vine", "tintindex": 0},
				"up": {"uv": [10, 2, 12, 3], "rotation": 270, "texture": "#1_vine", "tintindex": 0},
				"down": {"uv": [10, 4, 12, 5], "rotation": 90, "texture": "#1_vine", "tintindex": 0}
			}
		},
		{
			"from": [15.25, 14, 11],
			"to": [16, 16, 12],
			"faces": {
				"north": {"uv": [11, 0, 12, 2], "texture": "#1_vine", "tintindex": 0},
				"east": {"uv": [11, 0, 12, 2], "texture": "#1_vine", "tintindex": 0},
				"south": {"uv": [11, 0, 12, 2], "texture": "#1_vine", "tintindex": 0},
				"west": {"uv": [11, 0, 12, 2], "texture": "#1_vine", "tintindex": 0},
				"up": {"uv": [11, 0, 12, 2], "rotation": 270, "texture": "#1_vine", "tintindex": 0},
				"down": {"uv": [11, 0, 12, 2], "rotation": 90, "texture": "#1_vine", "tintindex": 0}
			}
		},
		{
			"from": [15.25, 10, 9],
			"to": [16, 13, 10],
			"faces": {
				"north": {"uv": [9, 3, 10, 6], "texture": "#1_vine", "tintindex": 0},
				"east": {"uv": [9, 3, 10, 6], "texture": "#1_vine", "tintindex": 0},
				"south": {"uv": [9, 3, 10, 6], "texture": "#1_vine", "tintindex": 0},
				"west": {"uv": [9, 3, 10, 6], "texture": "#1_vine", "tintindex": 0},
				"up": {"uv": [9, 3, 10, 4], "rotation": 270, "texture": "#1_vine", "tintindex": 0},
				"down": {"uv": [9, 5, 10, 6], "rotation": 90, "texture": "#1_vine", "tintindex": 0}
			}
		},
		{
			"from": [15.25, 8, 8],
			"to": [16, 9, 9],
			"faces": {
				"north": {"uv": [8, 7, 9, 8], "texture": "#1_vine", "tintindex": 0},
				"east": {"uv": [8, 7, 9, 8], "texture": "#1_vine", "tintindex": 0},
				"south": {"uv": [8, 7, 9, 8], "texture": "#1_vine", "tintindex": 0},
				"west": {"uv": [8, 7, 9, 8], "texture": "#1_vine", "tintindex": 0},
				"up": {"uv": [8, 7, 9, 8], "rotation": 270, "texture": "#1_vine", "tintindex": 0},
				"down": {"uv": [8, 7, 9, 8], "rotation": 90, "texture": "#1_vine", "tintindex": 0}
			}
		}
	],
	"groups": [
		{
			"name": "vine_1",
			"origin": [8, 8, 8],
			"children": [0, 1, 2, 3, 4, 5, 6, 7, 8, 9, 10, 11, 12, 13, 14, 15, 16, 17, 18, 19, 20, 21, 22, 23, 24, 25, 26, 27, 28, 29, 30, 31, 32, 33, 34, 35, 36, 37, 38]
		},
		{
			"name": "vine_1",
			"origin": [8, 8, 8],
			"children": [39, 40, 41, 42, 43, 44, 45, 46, 47, 48, 49, 50, 51, 52, 53, 54, 55, 56, 57, 58, 59, 60, 61, 62, 63, 64, 65, 66, 67, 68, 69, 70, 71, 72, 73, 74, 75, 76, 77]
		},
		{
			"name": "vine_1",
			"origin": [8, 8, 8],
			"children": [78, 79, 80, 81, 82, 83, 84, 85, 86, 87, 88, 89, 90, 91, 92, 93, 94, 95, 96, 97, 98, 99, 100, 101, 102, 103, 104, 105, 106, 107, 108, 109, 110, 111, 112, 113, 114, 115, 116]
		}
	]
}