{
    "display": {
        "icon": {
            "item": "minecraft:basalt"
        },
        "title": {"translate":"A Cliffhanger!"},
        "description": {"color":"#75E1FF","translate":"Discover every type of cliff biome"},
        "announce_to_chat": false,
        "frame": "goal"
    },
    "parent": "blazeandcave:biomes/bushranger",	
    "rewards": {
		"function": "bc_rewards:biomes/a_cliffhanger"
    },	
    "criteria": {
        "stony_shore": {
            "trigger": "minecraft:location",
            "conditions": {
                "biome": "minecraft:stony_shore"
            }
        },
        "basalt_cliffs": {
            "trigger": "minecraft:location",
            "conditions": {
                "biome": "terralith:basalt_cliffs"
            }
        },
        "frozen_cliffs": {
            "trigger": "minecraft:location",
            "conditions": {
                "biome": "terralith:frozen_cliffs"
            }
        },
        "granite_cliffs": {
            "trigger": "minecraft:location",
            "conditions": {
                "biome": "terralith:granite_cliffs"
            }
        },
        "white_cliffs": {
            "trigger": "minecraft:location",
            "conditions": {
                "biome": "terralith:white_cliffs"
            }
        },
        "yosemite_cliffs": {
            "trigger": "minecraft:location",
            "conditions": {
                "biome": "terralith:yosemite_cliffs"
            }
        }
    }
}