{
    "display": {
        "icon": {
            "item": "minecraft:grass"
        },
        "title": {"translate":"A Grassy Nature"},
        "description": {"color":"#75E1FF","translate":"Discover every grasslands biome"},
        "announce_to_chat": false,
        "frame": "goal"
    },
    "parent": "blazeandcave:biomes/the_boreal_deal",	
    "rewards": {
		"function": "bc_rewards:biomes/a_grassy_nature"
    },	
    "criteria": {
        "plains": {
            "trigger": "minecraft:location",
            "conditions": {
                "biome": "minecraft:plains"
            }
        },
        "sunflower_plains": {
            "trigger": "minecraft:location",
            "conditions": {
                "biome": "minecraft:sunflower_plains"
            }
        },
        "meadow": {
            "trigger": "minecraft:location",
            "conditions": {
                "biome": "minecraft:meadow"
            }
        },
        "savanna": {
            "trigger": "minecraft:location",
            "conditions": {
                "biome": "minecraft:savanna"
            }
        },
        "savanna_plateau": {
            "trigger": "minecraft:location",
            "conditions": {
                "biome": "minecraft:savanna_plateau"
            }
        },
        "windswept_savanna": {
            "trigger": "minecraft:location",
            "conditions": {
                "biome": "minecraft:windswept_savanna"
            }
        },
        "steppe": {
            "trigger": "minecraft:location",
            "conditions": {
                "biome": "terralith:steppe"
            }
        },
        "ashen_savanna": {
            "trigger": "minecraft:location",
            "conditions": {
                "biome": "terralith:ashen_savanna"
            }
        },
        "fractured_savanna": {
            "trigger": "minecraft:location",
            "conditions": {
                "biome": "terralith:fractured_savanna"
            }
        },
        "savanna_badlands": {
            "trigger": "minecraft:location",
            "conditions": {
                "biome": "terralith:savanna_badlands"
            }
        },
        "savanna_slopes": {
            "trigger": "minecraft:location",
            "conditions": {
                "biome": "terralith:savanna_slopes"
            }
        }
    }
}