{
    "display": {
        "icon": {
            "item": "minecraft:stripped_warped_stem"
        },
        "title": {"translate":"A E S T H E T I C"},
        "description": {"color":"#75E1FF","translate":"Discover the Mirage Isles. No, they’re not not real"},
        "announce_to_chat": false,
		"frame": "goal"
    },
    "parent": "blazeandcave:biomes/skylanders",	
    "rewards": {
		"function": "bc_rewards:biomes/aesthetic"
    },	
    "criteria": {
        "mirage_isles": {
            "trigger": "minecraft:location",
            "conditions": {
                "biome": "terralith:mirage_isles"
            }
        }
    }
}