{
    "display": {
        "icon": {
            "item": "minecraft:grass_block"
        },
        "title": {"translate":"Alpha Days"},
        "description": {"translate":"Discover the mythical islands of Alpha"},
        "announce_to_chat": false,
		"frame": "challenge"
    },
    "parent": "blazeandcave:biomes/aesthetic",	
    "rewards": {
		"function": "bc_rewards:biomes/alpha_days"
    },	
    "criteria": {
        "alpha_islands": {
            "trigger": "minecraft:location",
            "conditions": {
                "biome": "terralith:alpha_islands"
            }
        },
        "alpha_islands_winter": {
            "trigger": "minecraft:location",
            "conditions": {
                "biome": "terralith:alpha_islands_winter"
            }
        }
    },
	"requirements": [
		[
			"alpha_islands",
			"alpha_islands_winter"
		]
	]
}