{
    "display": {
        "icon": {
            "item": "minecraft:birch_leaves"
        },
        "title": {"translate":"Bushranger"},
        "description": {"color":"#75E1FF","translate":"Discover every shrublands biome"},
        "announce_to_chat": false,
        "frame": "goal"
    },
    "parent": "blazeandcave:biomes/highlander",	
    "rewards": {
		"function": "bc_rewards:biomes/bushranger"
    },	
    "criteria": {
        "brushland": {
            "trigger": "minecraft:location",
            "conditions": {
                "biome": "terralith:brushland"
            }
        },
        "cold_shrubland": {
            "trigger": "minecraft:location",
            "conditions": {
                "biome": "terralith:cold_shrubland"
            }
        },
        "hot_shrubland": {
            "trigger": "minecraft:location",
            "conditions": {
                "biome": "terralith:hot_shrubland"
            }
        },
        "rocky_shrubland": {
            "trigger": "minecraft:location",
            "conditions": {
                "biome": "terralith:rocky_shrubland"
            }
        },
        "shrubland": {
            "trigger": "minecraft:location",
            "conditions": {
                "biome": "terralith:shrubland"
            }
        }
    }
}