{
    "display": {
        "icon": {
            "item": "minecraft:white_terracotta"
        },
        "title": {"translate":"Choco Mountain"},
        "description": {"translate":"Discover a White Mesa"},
        "announce_to_chat": false
    },
    "parent": "blazeandcave:biomes/smarter_than_the_average_bear",	
    "rewards": {
		"function": "bc_rewards:biomes/choco_mountain"
    },	
    "criteria": {
        "white_mesa": {
            "trigger": "minecraft:location",
            "conditions": {
                "biome": "terralith:white_mesa"
            }
        }
    }
}