{
    "display": {
        "icon": {
            "item": "minecraft:snowball"
        },
        "title": {"translate":"Cold Feet"},
        "description": {"color":"#75E1FF","translate":"Discover every snowy biome"},
        "announce_to_chat": false,
        "frame": "goal"
    },
    "parent": "blazeandcave:biomes/warm_feet",	
    "rewards": {
		"function": "bc_rewards:biomes/cold_feet"
    },	
    "criteria": {
        "snowy_plains": {
            "trigger": "minecraft:location",
            "conditions": {
                "biome": "minecraft:snowy_plains"
            }
        },
        "ice_spikes": {
            "trigger": "minecraft:location",
            "conditions": {
                "biome": "minecraft:ice_spikes"
            }
        },
        "frozen_river": {
            "trigger": "minecraft:location",
            "conditions": {
                "biome": "minecraft:frozen_river"
            }
        },
        "snowy_beach": {
            "trigger": "minecraft:location",
            "conditions": {
                "biome": "minecraft:snowy_beach"
            }
        },
        "snowy_slopes": {
            "trigger": "minecraft:location",
            "conditions": {
                "biome": "minecraft:snowy_slopes"
            }
        },
        "alpine_grove": {
            "trigger": "minecraft:location",
            "conditions": {
                "biome": "terralith:alpine_grove"
            }
        },
        "glacial_chasm": {
            "trigger": "minecraft:location",
            "conditions": {
                "biome": "terralith:glacial_chasm"
            }
        },
        "gravel_desert": {
            "trigger": "minecraft:location",
            "conditions": {
                "biome": "terralith:gravel_desert"
            }
        },
        "ice_marsh": {
            "trigger": "minecraft:location",
            "conditions": {
                "biome": "terralith:ice_marsh"
            }
        }
    }
}