{
    "display": {
        "icon": {
            "item": "minecraft:magma_block"
        },
        "title": {"translate":"Eruption in the Air"},
        "description": {"color":"#75E1FF","translate":"Enter a volcano biome"},
        "announce_to_chat": false,
		"frame": "goal"
    },
    "parent": "blazeandcave:biomes/the_world_is_your_canvas",	
    "rewards": {
		"function": "bc_rewards:biomes/eruption_in_the_air"
    },	
    "criteria": {
        "volcanic_crater": {
            "trigger": "minecraft:location",
            "conditions": {
                "biome": "terralith:volcanic_crater"
            }
        },
        "volcanic_peaks": {
            "trigger": "minecraft:location",
            "conditions": {
                "biome": "terralith:volcanic_peaks"
            }
        }
    },
	"requirements": [
		[
			"volcanic_crater",
			"volcanic_peaks"
		]
	]
}