{
    "display": {
        "icon": {
            "item": "minecraft:stone_slab"
        },
        "title": {"translate":"Highlander"},
        "description": {"color":"#75E1FF","translate":"Discover every highlands biome"},
        "announce_to_chat": false,
        "frame": "goal"
    },
    "parent": "blazeandcave:biomes/a_grassy_nature",	
    "rewards": {
		"function": "bc_rewards:biomes/highlander"
    },	
    "criteria": {
        "alpine_highlands": {
            "trigger": "minecraft:location",
            "conditions": {
                "biome": "terralith:alpine_highlands"
            }
        },
        "arid_highlands": {
            "trigger": "minecraft:location",
            "conditions": {
                "biome": "terralith:arid_highlands"
            }
        },
        "forested_highlands": {
            "trigger": "minecraft:location",
            "conditions": {
                "biome": "terralith:forested_highlands"
            }
        },
        "highlands": {
            "trigger": "minecraft:location",
            "conditions": {
                "biome": "terralith:highlands"
            }
        },
        "temperate_highlands": {
            "trigger": "minecraft:location",
            "conditions": {
                "biome": "terralith:temperate_highlands"
            }
        }
    }
}