{
    "display": {
        "icon": {
            "item": "minecraft:stone"
        },
        "title": {"translate":"High Feet"},
        "description": {"color":"#75E1FF","translate":"Discover every mountain biome"},
        "announce_to_chat": false,
        "frame": "goal"
    },
    "parent": "blazeandcave:biomes/overgrown",	
    "rewards": {
		"function": "bc_rewards:biomes/high_feet"
    },	
    "criteria": {
		"windswept_hills": {
            "trigger": "minecraft:location",
            "conditions": {
                "biome": "minecraft:windswept_hills"
            }
        },
        "windswept_forest": {
            "trigger": "minecraft:location",
            "conditions": {
                "biome": "minecraft:windswept_forest"
            }
        },
        "windswept_gravelly_hills": {
            "trigger": "minecraft:location",
            "conditions": {
                "biome": "minecraft:windswept_gravelly_hills"
            }
        },
        "frozen_peaks": {
            "trigger": "minecraft:location",
            "conditions": {
                "biome": "minecraft:frozen_peaks"
            }
        },
        "jagged_peaks": {
            "trigger": "minecraft:location",
            "conditions": {
                "biome": "minecraft:jagged_peaks"
            }
        },
        "stony_peaks": {
            "trigger": "minecraft:location",
            "conditions": {
                "biome": "minecraft:stony_peaks"
            }
        },
        "blooming_plateau": {
            "trigger": "minecraft:location",
            "conditions": {
                "biome": "terralith:blooming_plateau"
            }
        },
        "caldera": {
            "trigger": "minecraft:location",
            "conditions": {
                "biome": "terralith:caldera"
            }
        },
        "emerald_peaks": {
            "trigger": "minecraft:location",
            "conditions": {
                "biome": "terralith:emerald_peaks"
            }
        },
        "haze_mountain": {
            "trigger": "minecraft:location",
            "conditions": {
                "biome": "terralith:haze_mountain"
            }
        },
        "painted_mountains": {
            "trigger": "minecraft:location",
            "conditions": {
                "biome": "terralith:painted_mountains"
            }
        },
        "rocky_mountains": {
            "trigger": "minecraft:location",
            "conditions": {
                "biome": "terralith:rocky_mountains"
            }
        },
        "scarlet_mountains": {
            "trigger": "minecraft:location",
            "conditions": {
                "biome": "terralith:scarlet_mountains"
            }
        },
        "stony_spires": {
            "trigger": "minecraft:location",
            "conditions": {
                "biome": "terralith:stony_spires"
            }
        },
        "windswept_spires": {
            "trigger": "minecraft:location",
            "conditions": {
                "biome": "terralith:windswept_spires"
            }
        }
    }
}