{
    "display": {
        "icon": {
            "item": "minecraft:iron_pickaxe"
        },
        "title": {"translate":"Master Spelunker"},
        "description": {"color":"#75E1FF","translate":"Discover every cave biome"},
        "announce_to_chat": false,
        "frame": "goal"
    },
    "parent": "blazeandcave:biomes/pretty_in_purple",	
    "rewards": {
		"function": "bc_rewards:biomes/master_spelunker"
    },	
    "criteria": {
        "lush_caves": {
            "trigger": "minecraft:location",
            "conditions": {
                "biome": "minecraft:lush_caves"
            }
        },
        "dripstone_caves": {
            "trigger": "minecraft:location",
            "conditions": {
                "biome": "minecraft:dripstone_caves"
            }
        },
        "andesite_caves": {
            "trigger": "minecraft:location",
            "conditions": {
                "biome": "terralith:cave/andesite_caves"
            }
        },
        "desert_caves": {
            "trigger": "minecraft:location",
            "conditions": {
                "biome": "terralith:cave/desert_caves"
            }
        },
        "diorite_caves": {
            "trigger": "minecraft:location",
            "conditions": {
                "biome": "terralith:cave/diorite_caves"
            }
        },
        "frostfire_caves": {
            "trigger": "minecraft:location",
            "conditions": {
                "biome": "terralith:cave/frostfire_caves"
            }
        },
        "fungal_caves": {
            "trigger": "minecraft:location",
            "conditions": {
                "biome": "terralith:cave/fungal_caves"
            }
        },
        "granite_caves": {
            "trigger": "minecraft:location",
            "conditions": {
                "biome": "terralith:cave/granite_caves"
            }
        },
        "mantle_caves": {
            "trigger": "minecraft:location",
            "conditions": {
                "biome": "terralith:cave/mantle_caves"
            }
        },
        "thermal_caves": {
            "trigger": "minecraft:location",
            "conditions": {
                "biome": "terralith:cave/thermal_caves"
            }
        },
        "tuff_caves": {
            "trigger": "minecraft:location",
            "conditions": {
                "biome": "terralith:cave/tuff_caves"
            }
        },
        "infested_caves": {
            "trigger": "minecraft:location",
            "conditions": {
                "biome": "terralith:cave/infested_caves"
            }
        },
        "crystal_caves": {
            "trigger": "minecraft:location",
            "conditions": {
                "biome": "terralith:cave/crystal_caves"
            }
        }
    }
}