{
    "display": {
        "icon": {
            "item": "minecraft:flowering_azalea_leaves"
        },
        "title": {"translate":"O-Land-o Bloom"},
        "description": {"translate":"Discover a blooming biome"},
        "announce_to_chat": false
    },
    "parent": "blazeandcave:biomes/one_small_steppe_for_man",	
    "rewards": {
		"function": "bc_rewards:biomes/o_land_o_bloom"
    },	
    "criteria": {
        "blooming_plateau": {
            "trigger": "minecraft:location",
            "conditions": {
                "biome": "terralith:blooming_plateau"
            }
        },
        "blooming_valley": {
            "trigger": "minecraft:location",
            "conditions": {
                "biome": "terralith:blooming_valley"
            }
        }
    },
	"requirements": [
		[
			"blooming_plateau",
			"blooming_valley"
		]
	]
}