{
    "display": {
        "icon": {
            "item": "minecraft:oak_sapling"
        },
        "title": {"translate":"One with the forest"},
        "description": {"color":"#75E1FF","translate":"Discover every forest biome"},
        "announce_to_chat": false,
        "frame": "goal"
    },
    "parent": "blazeandcave:biomes/kilometre_walk",	
    "rewards": {
		"function": "bc_rewards:biomes/one_with_the_forest"
    },	
    "criteria": {
        "forest": {
            "trigger": "minecraft:location",
            "conditions": {
                "biome": "minecraft:forest"
            }
        },
        "flower_forest": {
            "trigger": "minecraft:location",
            "conditions": {
                "biome": "minecraft:flower_forest"
            }
        },
        "dark_forest": {
            "trigger": "minecraft:location",
            "conditions": {
                "biome": "minecraft:dark_forest"
            }
        },
        "birch_forest": {
            "trigger": "minecraft:location",
            "conditions": {
                "biome": "minecraft:birch_forest"
            }
        },
        "old_growth_birch_forest": {
            "trigger": "minecraft:location",
            "conditions": {
                "biome": "minecraft:old_growth_birch_forest"
            }
        },
        "blooming_valley": {
            "trigger": "minecraft:location",
            "conditions": {
                "biome": "terralith:blooming_valley"
            }
        },
        "cloud_forest": {
            "trigger": "minecraft:location",
            "conditions": {
                "biome": "terralith:cloud_forest"
            }
        },
        "moonlight_grove": {
            "trigger": "minecraft:location",
            "conditions": {
                "biome": "terralith:moonlight_grove"
            }
        },
        "moonlight_valley": {
            "trigger": "minecraft:location",
            "conditions": {
                "biome": "terralith:moonlight_valley"
            }
        },
        "valley_clearing": {
            "trigger": "minecraft:location",
            "conditions": {
                "biome": "terralith:valley_clearing"
            }
        },
        "yosemite_forest": {
            "trigger": "minecraft:location",
            "conditions": {
                "biome": "terralith:yosemite_forest"
            }
        }
    }
}