{
    "display": {
        "icon": {
            "item": "minecraft:cornflower"
        },
        "title": {"translate":"Over the Moon"},
        "description": {"translate":"Discover a moonlight biome"},
        "announce_to_chat": false
    },
    "parent": "blazeandcave:biomes/o_land_o_bloom",	
    "rewards": {
		"function": "bc_rewards:biomes/over_the_moon"
    },	
    "criteria": {
        "moonlight_grove": {
            "trigger": "minecraft:location",
            "conditions": {
                "biome": "terralith:moonlight_grove"
            }
        },
        "moonlight_valley": {
            "trigger": "minecraft:location",
            "conditions": {
                "biome": "terralith:moonlight_valley"
            }
        }
    },
	"requirements": [
		[
			"moonlight_grove",
			"moonlight_valley"
		]
	]
}