{
    "display": {
        "icon": {
            "item": "minecraft:jungle_sapling"
        },
        "title": {"translate":"Overgrown!"},
        "description": {"color":"#75E1FF","translate":"Discover every overgrown biome"},
        "announce_to_chat": false,
        "frame": "goal"
    },
    "parent": "blazeandcave:biomes/cold_feet",	
    "rewards": {
		"function": "bc_rewards:biomes/overgrown"
    },	
    "criteria": {
        "swamp": {
            "trigger": "minecraft:location",
            "conditions": {
                "biome": "minecraft:swamp"
            }
        },
        "mushroom_fields": {
            "trigger": "minecraft:location",
            "conditions": {
                "biome": "minecraft:mushroom_fields"
            }
        },
        "sparse_jungle": {
            "trigger": "minecraft:location",
            "conditions": {
                "biome": "minecraft:sparse_jungle"
            }
        },
        "jungle": {
            "trigger": "minecraft:location",
            "conditions": {
                "biome": "minecraft:jungle"
            }
        },
        "bamboo_jungle": {
            "trigger": "minecraft:location",
            "conditions": {
                "biome": "minecraft:bamboo_jungle"
            }
        },
        "jungle_mountains": {
            "trigger": "minecraft:location",
            "conditions": {
                "biome": "terralith:jungle_mountains"
            }
        },
        "orchid_swamp": {
            "trigger": "minecraft:location",
            "conditions": {
                "biome": "terralith:orchid_swamp"
            }
        },
        "rocky_jungle": {
            "trigger": "minecraft:location",
            "conditions": {
                "biome": "terralith:rocky_jungle"
            }
        },
        "tropical_jungle": {
            "trigger": "minecraft:location",
            "conditions": {
                "biome": "terralith:tropical_jungle"
            }
        }
    }
}