{
    "display": {
        "icon": {
            "item": "minecraft:allium"
        },
        "title": {"translate":"Pretty in Purple"},
        "description": {"color":"#75E1FF","translate":"Discover every biome with trees of purple leaves"},
        "announce_to_chat": false,
        "frame": "goal"
    },
    "parent": "blazeandcave:biomes/a_cliffhanger",	
    "rewards": {
		"function": "bc_rewards:biomes/pretty_in_purple"
    },	
    "criteria": {
        "amethyst_canyon": {
            "trigger": "minecraft:location",
            "conditions": {
                "biome": "terralith:amethyst_canyon"
            }
        },
        "amethyst_rainforest": {
            "trigger": "minecraft:location",
            "conditions": {
                "biome": "terralith:amethyst_rainforest"
            }
        },
        "lavender_forest": {
            "trigger": "minecraft:location",
            "conditions": {
                "biome": "terralith:lavender_forest"
            }
        },
        "lavender_valley": {
            "trigger": "minecraft:location",
            "conditions": {
                "biome": "terralith:lavender_valley"
            }
        },
        "sakura_grove": {
            "trigger": "minecraft:location",
            "conditions": {
                "biome": "terralith:sakura_grove"
            }
        },
        "sakura_valley": {
            "trigger": "minecraft:location",
            "conditions": {
                "biome": "terralith:sakura_valley"
            }
        }
    }
}