{
    "display": {
        "icon": {
            "item": "minecraft:feather"
        },
        "title": {"translate":"Skylanders"},
        "description": {"color":"#75E1FF","translate":"Discover some mysterious lands floating high above the ground"},
        "announce_to_chat": false,
		"frame": "goal"
    },
    "parent": "blazeandcave:biomes/eruption_in_the_air",	
    "rewards": {
		"function": "bc_rewards:biomes/skylanders"
    },	
    "criteria": {
        "skylands": {
            "trigger": "minecraft:location",
            "conditions": {
                "biome": "terralith:skylands"
            }
        },
        "skylands_autumn": {
            "trigger": "minecraft:location",
            "conditions": {
                "biome": "terralith:skylands_autumn"
            }
        },
        "skylands_spring": {
            "trigger": "minecraft:location",
            "conditions": {
                "biome": "terralith:skylands_spring"
            }
        },
        "skylands_summer": {
            "trigger": "minecraft:location",
            "conditions": {
                "biome": "terralith:skylands_summer"
            }
        },
        "skylands_winter": {
            "trigger": "minecraft:location",
            "conditions": {
                "biome": "terralith:skylands_winter"
            }
        }
    },
	"requirements": [
		[
			"skylands",
			"skylands_autumn",
			"skylands_spring",
			"skylands_summer",
			"skylands_winter"
		]
	]
}