{
    "display": {
        "icon": {
            "item": "minecraft:yellow_terracotta"
        },
        "title": {"translate":"Smarter than the Average Bear"},
        "description": {"translate":"Discover the Yellowstone biome"},
        "announce_to_chat": false
    },
    "parent": "blazeandcave:biomes/over_the_moon",	
    "rewards": {
		"function": "bc_rewards:biomes/smarter_than_the_average_bear"
    },	
    "criteria": {
        "yellowstone": {
            "trigger": "minecraft:location",
            "conditions": {
                "biome": "terralith:yellowstone"
            }
        }
    }
}