{
    "display": {
        "icon": {
            "item": "minecraft:ender_eye"
        },
        "title": {"translate":"Terralithic"},
        "description": {"color":"dark_green","translate":"Discover every Terralith biome"},
        "announce_to_chat": false,
        "frame": "challenge"
    },
    "parent": "blazeandcave:biomes/master_spelunker",	
    "rewards": {
		"function": "bc_rewards:biomes/terralithic"
    },	
    "criteria": {
        "blooming_valley": {
            "trigger": "minecraft:location",
            "conditions": {
                "biome": "terralith:blooming_valley"
            }
        },
        "cloud_forest": {
            "trigger": "minecraft:location",
            "conditions": {
                "biome": "terralith:cloud_forest"
            }
        },
        "moonlight_grove": {
            "trigger": "minecraft:location",
            "conditions": {
                "biome": "terralith:moonlight_grove"
            }
        },
        "moonlight_valley": {
            "trigger": "minecraft:location",
            "conditions": {
                "biome": "terralith:moonlight_valley"
            }
        },
        "steppe": {
            "trigger": "minecraft:location",
            "conditions": {
                "biome": "terralith:steppe"
            }
        },
        "valley_clearing": {
            "trigger": "minecraft:location",
            "conditions": {
                "biome": "terralith:valley_clearing"
            }
        },
        "yosemite_forest": {
            "trigger": "minecraft:location",
            "conditions": {
                "biome": "terralith:yosemite_forest"
            }
        },
        "ancient_sands": {
            "trigger": "minecraft:location",
            "conditions": {
                "biome": "terralith:ancient_sands"
            }
        },
        "ashen_savanna": {
            "trigger": "minecraft:location",
            "conditions": {
                "biome": "terralith:ashen_savanna"
            }
        },
        "bryce_canyon": {
            "trigger": "minecraft:location",
            "conditions": {
                "biome": "terralith:bryce_canyon"
            }
        },
        "desert_oasis": {
            "trigger": "minecraft:location",
            "conditions": {
                "biome": "terralith:desert_oasis"
            }
        },
        "desert_spires": {
            "trigger": "minecraft:location",
            "conditions": {
                "biome": "terralith:desert_spires"
            }
        },
        "fractured_savanna": {
            "trigger": "minecraft:location",
            "conditions": {
                "biome": "terralith:fractured_savanna"
            }
        },
        "red_oasis": {
            "trigger": "minecraft:location",
            "conditions": {
                "biome": "terralith:red_oasis"
            }
        },
        "sandstone_valley": {
            "trigger": "minecraft:location",
            "conditions": {
                "biome": "terralith:sandstone_valley"
            }
        },
        "savanna_badlands": {
            "trigger": "minecraft:location",
            "conditions": {
                "biome": "terralith:savanna_badlands"
            }
        },
        "savanna_slopes": {
            "trigger": "minecraft:location",
            "conditions": {
                "biome": "terralith:savanna_slopes"
            }
        },
        "warped_mesa": {
            "trigger": "minecraft:location",
            "conditions": {
                "biome": "terralith:warped_mesa"
            }
        },
        "white_mesa": {
            "trigger": "minecraft:location",
            "conditions": {
                "biome": "terralith:white_mesa"
            }
        },
        "alpine_grove": {
            "trigger": "minecraft:location",
            "conditions": {
                "biome": "terralith:alpine_grove"
            }
        },
        "glacial_chasm": {
            "trigger": "minecraft:location",
            "conditions": {
                "biome": "terralith:glacial_chasm"
            }
        },
        "gravel_desert": {
            "trigger": "minecraft:location",
            "conditions": {
                "biome": "terralith:gravel_desert"
            }
        },
        "ice_marsh": {
            "trigger": "minecraft:location",
            "conditions": {
                "biome": "terralith:ice_marsh"
            }
        },
        "jungle_mountains": {
            "trigger": "minecraft:location",
            "conditions": {
                "biome": "terralith:jungle_mountains"
            }
        },
        "orchid_swamp": {
            "trigger": "minecraft:location",
            "conditions": {
                "biome": "terralith:orchid_swamp"
            }
        },
        "rocky_jungle": {
            "trigger": "minecraft:location",
            "conditions": {
                "biome": "terralith:rocky_jungle"
            }
        },
        "tropical_jungle": {
            "trigger": "minecraft:location",
            "conditions": {
                "biome": "terralith:tropical_jungle"
            }
        },
        "blooming_plateau": {
            "trigger": "minecraft:location",
            "conditions": {
                "biome": "terralith:blooming_plateau"
            }
        },
        "caldera": {
            "trigger": "minecraft:location",
            "conditions": {
                "biome": "terralith:caldera"
            }
        },
        "emerald_peaks": {
            "trigger": "minecraft:location",
            "conditions": {
                "biome": "terralith:emerald_peaks"
            }
        },
        "haze_mountain": {
            "trigger": "minecraft:location",
            "conditions": {
                "biome": "terralith:haze_mountain"
            }
        },
        "painted_mountains": {
            "trigger": "minecraft:location",
            "conditions": {
                "biome": "terralith:painted_mountains"
            }
        },
        "rocky_mountains": {
            "trigger": "minecraft:location",
            "conditions": {
                "biome": "terralith:rocky_mountains"
            }
        },
        "scarlet_mountains": {
            "trigger": "minecraft:location",
            "conditions": {
                "biome": "terralith:scarlet_mountains"
            }
        },
        "stony_spires": {
            "trigger": "minecraft:location",
            "conditions": {
                "biome": "terralith:stony_spires"
            }
        },
        "windswept_spires": {
            "trigger": "minecraft:location",
            "conditions": {
                "biome": "terralith:windswept_spires"
            }
        },
        "gravel_beach": {
            "trigger": "minecraft:location",
            "conditions": {
                "biome": "terralith:gravel_beach"
            }
        },
        "warm_river": {
            "trigger": "minecraft:location",
            "conditions": {
                "biome": "terralith:warm_river"
            }
        },
        "birch_taiga": {
            "trigger": "minecraft:location",
            "conditions": {
                "biome": "terralith:birch_taiga"
            }
        },
        "lush_valley": {
            "trigger": "minecraft:location",
            "conditions": {
                "biome": "terralith:lush_valley"
            }
        },
        "shield": {
            "trigger": "minecraft:location",
            "conditions": {
                "biome": "terralith:shield"
            }
        },
        "shield_clearing": {
            "trigger": "minecraft:location",
            "conditions": {
                "biome": "terralith:shield_clearing"
            }
        },
        "snowy_shield": {
            "trigger": "minecraft:location",
            "conditions": {
                "biome": "terralith:snowy_shield"
            }
        },
        "siberian_grove": {
            "trigger": "minecraft:location",
            "conditions": {
                "biome": "terralith:siberian_grove"
            }
        },
        "siberian_taiga": {
            "trigger": "minecraft:location",
            "conditions": {
                "biome": "terralith:siberian_taiga"
            }
        },
        "snowy_maple_forest": {
            "trigger": "minecraft:location",
            "conditions": {
                "biome": "terralith:snowy_maple_forest"
            }
        },
        "wintry_forest": {
            "trigger": "minecraft:location",
            "conditions": {
                "biome": "terralith:wintry_forest"
            }
        },
        "yellowstone": {
            "trigger": "minecraft:location",
            "conditions": {
                "biome": "terralith:yellowstone"
            }
        },
        "alpine_highlands": {
            "trigger": "minecraft:location",
            "conditions": {
                "biome": "terralith:alpine_highlands"
            }
        },
        "arid_highlands": {
            "trigger": "minecraft:location",
            "conditions": {
                "biome": "terralith:arid_highlands"
            }
        },
        "forested_highlands": {
            "trigger": "minecraft:location",
            "conditions": {
                "biome": "terralith:forested_highlands"
            }
        },
        "highlands": {
            "trigger": "minecraft:location",
            "conditions": {
                "biome": "terralith:highlands"
            }
        },
        "temperate_highlands": {
            "trigger": "minecraft:location",
            "conditions": {
                "biome": "terralith:temperate_highlands"
            }
        },
        "brushland": {
            "trigger": "minecraft:location",
            "conditions": {
                "biome": "terralith:brushland"
            }
        },
        "cold_shrubland": {
            "trigger": "minecraft:location",
            "conditions": {
                "biome": "terralith:cold_shrubland"
            }
        },
        "hot_shrubland": {
            "trigger": "minecraft:location",
            "conditions": {
                "biome": "terralith:hot_shrubland"
            }
        },
        "rocky_shrubland": {
            "trigger": "minecraft:location",
            "conditions": {
                "biome": "terralith:rocky_shrubland"
            }
        },
        "shrubland": {
            "trigger": "minecraft:location",
            "conditions": {
                "biome": "terralith:shrubland"
            }
        },
        "basalt_cliffs": {
            "trigger": "minecraft:location",
            "conditions": {
                "biome": "terralith:basalt_cliffs"
            }
        },
        "frozen_cliffs": {
            "trigger": "minecraft:location",
            "conditions": {
                "biome": "terralith:frozen_cliffs"
            }
        },
        "granite_cliffs": {
            "trigger": "minecraft:location",
            "conditions": {
                "biome": "terralith:granite_cliffs"
            }
        },
        "white_cliffs": {
            "trigger": "minecraft:location",
            "conditions": {
                "biome": "terralith:white_cliffs"
            }
        },
        "yosemite_cliffs": {
            "trigger": "minecraft:location",
            "conditions": {
                "biome": "terralith:yosemite_cliffs"
            }
        },
        "amethyst_canyon": {
            "trigger": "minecraft:location",
            "conditions": {
                "biome": "terralith:amethyst_canyon"
            }
        },
        "amethyst_rainforest": {
            "trigger": "minecraft:location",
            "conditions": {
                "biome": "terralith:amethyst_rainforest"
            }
        },
        "lavender_forest": {
            "trigger": "minecraft:location",
            "conditions": {
                "biome": "terralith:lavender_forest"
            }
        },
        "lavender_valley": {
            "trigger": "minecraft:location",
            "conditions": {
                "biome": "terralith:lavender_valley"
            }
        },
        "sakura_grove": {
            "trigger": "minecraft:location",
            "conditions": {
                "biome": "terralith:sakura_grove"
            }
        },
        "sakura_valley": {
            "trigger": "minecraft:location",
            "conditions": {
                "biome": "terralith:sakura_valley"
            }
        },
        "andesite_caves": {
            "trigger": "minecraft:location",
            "conditions": {
                "biome": "terralith:cave/andesite_caves"
            }
        },
        "desert_caves": {
            "trigger": "minecraft:location",
            "conditions": {
                "biome": "terralith:cave/desert_caves"
            }
        },
        "diorite_caves": {
            "trigger": "minecraft:location",
            "conditions": {
                "biome": "terralith:cave/diorite_caves"
            }
        },
        "frostfire_caves": {
            "trigger": "minecraft:location",
            "conditions": {
                "biome": "terralith:cave/frostfire_caves"
            }
        },
        "fungal_caves": {
            "trigger": "minecraft:location",
            "conditions": {
                "biome": "terralith:cave/fungal_caves"
            }
        },
        "granite_caves": {
            "trigger": "minecraft:location",
            "conditions": {
                "biome": "terralith:cave/granite_caves"
            }
        },
        "mantle_caves": {
            "trigger": "minecraft:location",
            "conditions": {
                "biome": "terralith:cave/mantle_caves"
            }
        },
        "thermal_caves": {
            "trigger": "minecraft:location",
            "conditions": {
                "biome": "terralith:cave/thermal_caves"
            }
        },
        "tuff_caves": {
            "trigger": "minecraft:location",
            "conditions": {
                "biome": "terralith:cave/tuff_caves"
            }
        },
        "alpha_islands": {
            "trigger": "minecraft:location",
            "conditions": {
                "biome": "terralith:alpha_islands"
            }
        },
        "alpha_islands_winter": {
            "trigger": "minecraft:location",
            "conditions": {
                "biome": "terralith:alpha_islands_winter"
            }
        },
        "mirage_isles": {
            "trigger": "minecraft:location",
            "conditions": {
                "biome": "terralith:mirage_isles"
            }
        },
        "volcanic_crater": {
            "trigger": "minecraft:location",
            "conditions": {
                "biome": "terralith:volcanic_crater"
            }
        },
        "volcanic_peaks": {
            "trigger": "minecraft:location",
            "conditions": {
                "biome": "terralith:volcanic_peaks"
            }
        },
        "skylands_autumn": {
            "trigger": "minecraft:location",
            "conditions": {
                "biome": "terralith:skylands_autumn"
            }
        },
        "skylands_spring": {
            "trigger": "minecraft:location",
            "conditions": {
                "biome": "terralith:skylands_spring"
            }
        },
        "skylands_summer": {
            "trigger": "minecraft:location",
            "conditions": {
                "biome": "terralith:skylands_summer"
            }
        },
        "skylands_winter": {
            "trigger": "minecraft:location",
            "conditions": {
                "biome": "terralith:skylands_winter"
            }
        },
        "infested_caves": {
            "trigger": "minecraft:location",
            "conditions": {
                "biome": "terralith:cave/infested_caves"
            }
        },
        "crystal_caves": {
            "trigger": "minecraft:location",
            "conditions": {
                "biome": "terralith:cave/crystal_caves"
            }
        }
    },
	"requirements": [
		[
			"blooming_valley"
		],
		[
			"cloud_forest"
		],
		[
			"moonlight_grove"
		],
		[
			"moonlight_valley"
		],
		[
			"steppe"
		],
		[
			"valley_clearing"
		],
		[
			"yosemite_forest"
		],
		[
			"ancient_sands"
		],
		[
			"ashen_savanna"
		],
		[
			"bryce_canyon"
		],
		[
			"desert_oasis"
		],
		[
			"desert_spires"
		],
		[
			"fractured_savanna"
		],
		[
			"red_oasis"
		],
		[
			"sandstone_valley"
		],
		[
			"savanna_badlands"
		],
		[
			"savanna_slopes"
		],
		[
			"warped_mesa"
		],
		[
			"white_mesa"
		],
		[
			"alpine_grove"
		],
		[
			"glacial_chasm"
		],
		[
			"gravel_desert"
		],
		[
			"ice_marsh"
		],
		[
			"jungle_mountains"
		],
		[
			"orchid_swamp"
		],
		[
			"rocky_jungle"
		],
		[
			"tropical_jungle"
		],
		[
			"blooming_plateau"
		],
		[
			"caldera"
		],
		[
			"emerald_peaks"
		],
		[
			"haze_mountain"
		],
		[
			"painted_mountains"
		],
		[
			"rocky_mountains"
		],
		[
			"scarlet_mountains"
		],
		[
			"stony_spires"
		],
		[
			"windswept_spires"
		],
		[
			"gravel_beach"
		],
		[
			"warm_river"
		],
		[
			"birch_taiga"
		],
		[
			"lush_valley"
		],
		[
			"shield"
		],
		[
			"shield_clearing"
		],
		[
			"snowy_shield"
		],
		[
			"siberian_grove"
		],
		[
			"siberian_taiga"
		],
		[
			"snowy_maple_forest"
		],
		[
			"wintry_forest"
		],
		[
			"yellowstone"
		],
		[
			"alpine_highlands"
		],
		[
			"arid_highlands"
		],
		[
			"forested_highlands"
		],
		[
			"highlands"
		],
		[
			"temperate_highlands"
		],
		[
			"brushland"
		],
		[
			"cold_shrubland"
		],
		[
			"hot_shrubland"
		],
		[
			"rocky_shrubland"
		],
		[
			"shrubland"
		],
		[
			"basalt_cliffs"
		],
		[
			"frozen_cliffs"
		],
		[
			"granite_cliffs"
		],
		[
			"white_cliffs"
		],
		[
			"yosemite_cliffs"
		],
		[
			"amethyst_canyon"
		],
		[
			"amethyst_rainforest"
		],
		[
			"lavender_forest"
		],
		[
			"lavender_valley"
		],
		[
			"sakura_grove"
		],
		[
			"sakura_valley"
		],
		[
			"andesite_caves"
		],
		[
			"desert_caves"
		],
		[
			"diorite_caves"
		],
		[
			"frostfire_caves"
		],
		[
			"fungal_caves"
		],
		[
			"granite_caves"
		],
		[
			"mantle_caves"
		],
		[
			"thermal_caves"
		],
		[
			"tuff_caves"
		],
		[
			"alpha_islands",
			"alpha_islands_winter"
		],
		[
			"mirage_isles"
		],
		[
			"volcanic_crater"
		],
		[
			"volcanic_peaks"
		],
		[
			"skylands_autumn"
		],
		[
			"skylands_spring"
		],
		[
			"skylands_summer"
		],
		[
			"skylands_winter"
		],
		[
			"infested_caves"
		],
		[
			"crystal_caves"
		]
	]
}