{
    "display": {
        "icon": {
            "item": "minecraft:spruce_sapling"
        },
        "title": {"translate":"The Boreal Deal"},
        "description": {"color":"#75E1FF","translate":"Discover every boreal biome"},
        "announce_to_chat": false,
        "frame": "goal"
    },
    "parent": "blazeandcave:biomes/kilometre_walk",	
    "rewards": {
		"function": "bc_rewards:biomes/the_boreal_deal"
    },	
    "criteria": {
        "taiga": {
            "trigger": "minecraft:location",
            "conditions": {
                "biome": "minecraft:taiga"
            }
        },
        "snowy_taiga": {
            "trigger": "minecraft:location",
            "conditions": {
                "biome": "minecraft:snowy_taiga"
            }
        },
        "old_growth_pine_taiga": {
            "trigger": "minecraft:location",
            "conditions": {
                "biome": "minecraft:old_growth_pine_taiga"
            }
        },
        "old_growth_spruce_taiga": {
            "trigger": "minecraft:location",
            "conditions": {
                "biome": "minecraft:old_growth_spruce_taiga"
            }
        },
        "grove": {
            "trigger": "minecraft:location",
            "conditions": {
                "biome": "minecraft:grove"
            }
        },
        "birch_taiga": {
            "trigger": "minecraft:location",
            "conditions": {
                "biome": "terralith:birch_taiga"
            }
        },
        "lush_valley": {
            "trigger": "minecraft:location",
            "conditions": {
                "biome": "terralith:lush_valley"
            }
        },
        "shield": {
            "trigger": "minecraft:location",
            "conditions": {
                "biome": "terralith:shield"
            }
        },
        "shield_clearing": {
            "trigger": "minecraft:location",
            "conditions": {
                "biome": "terralith:shield_clearing"
            }
        },
        "snowy_shield": {
            "trigger": "minecraft:location",
            "conditions": {
                "biome": "terralith:snowy_shield"
            }
        },
        "siberian_grove": {
            "trigger": "minecraft:location",
            "conditions": {
                "biome": "terralith:siberian_grove"
            }
        },
        "siberian_taiga": {
            "trigger": "minecraft:location",
            "conditions": {
                "biome": "terralith:siberian_taiga"
            }
        },
        "snowy_maple_forest": {
            "trigger": "minecraft:location",
            "conditions": {
                "biome": "terralith:snowy_maple_forest"
            }
        },
        "wintry_forest": {
            "trigger": "minecraft:location",
            "conditions": {
                "biome": "terralith:wintry_forest"
            }
        },
        "yellowstone": {
            "trigger": "minecraft:location",
            "conditions": {
                "biome": "terralith:yellowstone"
            }
        }
    }
}