{
    "display": {
        "icon": {
            "item": "minecraft:light_blue_terracotta"
        },
        "title": {"translate":"The World Is Your Canvas"},
        "description": {"translate":"Discover the Painted Mountains"},
        "announce_to_chat": false
    },
    "parent": "blazeandcave:biomes/choco_mountain",	
    "rewards": {
		"function": "bc_rewards:biomes/the_world_is_your_canvas"
    },	
    "criteria": {
        "painted_mountains": {
            "trigger": "minecraft:location",
            "conditions": {
                "biome": "terralith:painted_mountains"
            }
        }
    }
}