{
    "display": {
        "icon": {
            "item": "minecraft:dead_bush"
        },
        "title": {"translate":"Warm Feet"},
        "description": {"color":"#75E1FF","translate":"Discover every dry biome"},
        "announce_to_chat": false,
        "frame": "goal"
    },
    "parent": "blazeandcave:biomes/one_with_the_forest",	
    "rewards": {
		"function": "bc_rewards:biomes/warm_feet"
    },	
    "criteria": {
        "desert": {
            "trigger": "minecraft:location",
            "conditions": {
                "biome": "minecraft:desert"
            }
        },
        "badlands": {
            "trigger": "minecraft:location",
            "conditions": {
                "biome": "minecraft:badlands"
            }
        },
        "wooded_badlands": {
            "trigger": "minecraft:location",
            "conditions": {
                "biome": "minecraft:wooded_badlands"
            }
        },
        "eroded_badlands": {
            "trigger": "minecraft:location",
            "conditions": {
                "biome": "minecraft:eroded_badlands"
            }
        },
        "ancient_sands": {
            "trigger": "minecraft:location",
            "conditions": {
                "biome": "terralith:ancient_sands"
            }
        },
        "bryce_canyon": {
            "trigger": "minecraft:location",
            "conditions": {
                "biome": "terralith:bryce_canyon"
            }
        },
        "desert_oasis": {
            "trigger": "minecraft:location",
            "conditions": {
                "biome": "terralith:desert_oasis"
            }
        },
        "desert_spires": {
            "trigger": "minecraft:location",
            "conditions": {
                "biome": "terralith:desert_spires"
            }
        },
        "red_oasis": {
            "trigger": "minecraft:location",
            "conditions": {
                "biome": "terralith:red_oasis"
            }
        },
        "sandstone_valley": {
            "trigger": "minecraft:location",
            "conditions": {
                "biome": "terralith:sandstone_valley"
            }
        },
        "warped_mesa": {
            "trigger": "minecraft:location",
            "conditions": {
                "biome": "terralith:warped_mesa"
            }
        },
        "white_mesa": {
            "trigger": "minecraft:location",
            "conditions": {
                "biome": "terralith:white_mesa"
            }
        }
    }
}